aba;aplica_a;tipo;formula1;formula2;cor_fundo
PEDIDOS;K4:K1048576;valor da celula;"=""TRANÇADEIRA""";;RGB 255
PEDIDOS;C1048576;texto especifico;;;RGB 255
PEDIDOS;N1;valor da celula;"=""PAQUETA""";;RGB 255
PEDIDOS;A4;texto especifico;;;RGB 255
RELATÓRIO TRANÇADEIRAS;F6:F10;valor da celula;"=""PAQUETA OK PEÇAS""";;RGB 5287936
RELATÓRIO TRANÇADEIRAS;F6:F10;valor da celula;"=""PAQUETA PEÇAS OK""";;RGB 5287936
REALTÓRIO TEARES;E7:E11;valor da celula;"=""PAQUETA OK PEÇAS""";;RGB 255
DADOS GERAIS DE PRODUTOS;B1:B2792,B2794:B4060,B4062:B5874,B5876:B6252,B6254:B7007,B7113:B7193,B7009:B7100,B7102:B7111,B7195:B9194,B9196:B9859,B9861:B12813,B12818:B1048576;texto especifico;;;RGB 255
DADOS DOS PRODUTOS;P215:Q215,P184:Q184,P162:Q162,Q60,Q40,Q250,Q97,Q87,Q146,Q17:Q19,Q71,Q272,Q65:Q67,Q34,Q69,Q81,Q110,Q27:Q28,O229:Q230,Q275,Q91,Q105,Q210,Q214,O208:Q208,O223:Q224,O240:Q241,P123:Q123,P158:Q160,P148:Q149,Q22,O14:Q14,Q25,Q49,Q107,Q242,Q190,Q12,Q44:Q47,Q99:Q100;valor da celula;"=""ERRADO""";;RGB 255
DADOS DOS PRODUTOS;O773:Q774,O776:Q780,O782:Q794;valor da celula;"=""ERRADO""";;RGB 255
DADOS DOS PRODUTOS;O1128:Q1133;valor da celula;"=""ERRADO""";;RGB 255
DADOS DOS PRODUTOS;O1009:P1012,O1013;valor da celula;"=""ERRADO""";;RGB 255
DADOS DOS PRODUTOS;O1052:Q1055;valor da celula;"=""ERRADO""";;RGB 255
DADOS DOS PRODUTOS;O979:P982;valor da celula;"=""ERRADO""";;RGB 255
DADOS DOS PRODUTOS;O1145:Q1145;valor da celula;"=""ERRADO""";;RGB 255
DADOS DOS PRODUTOS;Q1009;valor da celula;"=""ERRADO""";;RGB 255
DADOS DOS PRODUTOS;O3094;valor da celula;"=""ERRADO""";;RGB 255
DADOS DOS PRODUTOS;O1199:Q1199;valor da celula;"=""ERRADO""";;RGB 255
DADOS DOS PRODUTOS;O1537:Q1537;valor da celula;"=""ERRADO""";;RGB 255
DADOS DOS PRODUTOS;P1537:Q1537;valor da celula;"=""ERRADO""";;RGB 255
DADOS DOS PRODUTOS;O1531:Q1537;valor da celula;"=""ERRADO""";;RGB 255
DADOS DOS PRODUTOS;O1531:O1537,Q1531:Q1537;valor da celula;"=""ERRADO""";;RGB 255
DADOS DOS PRODUTOS;Q1531:Q1537;valor da celula;"=""ERRADO""";;RGB 255
DADOS DOS PRODUTOS;O1632:Q1636,P1635:Q1637;valor da celula;"=""ERRADO""";;RGB 255
DADOS DOS PRODUTOS;O1661:P1661;valor da celula;"=""ERRADO""";;RGB 255
DADOS DOS PRODUTOS;O1661:Q1661;valor da celula;"=""ERRADO""";;RGB 255
DADOS DOS PRODUTOS;P1661:Q1661;valor da celula;"=""ERRADO""";;RGB 255
DADOS DOS PRODUTOS;P1661;valor da celula;"=""ERRADO""";;RGB 255
DADOS DOS PRODUTOS;O1828:Q1828;valor da celula;"=""ERRADO""";;RGB 255
DADOS DOS PRODUTOS;P1828:Q1828;valor da celula;"=""ERRADO""";;RGB 255
DADOS DOS PRODUTOS;O1828:P1828;valor da celula;"=""ERRADO""";;RGB 255
DADOS DOS PRODUTOS;O1847:Q1847,O1839:Q1839;valor da celula;"=""ERRADO""";;RGB 255
DADOS DOS PRODUTOS;P1847:Q1847;valor da celula;"=""ERRADO""";;RGB 255
DADOS DOS PRODUTOS;O1864:Q1864;valor da celula;"=""ERRADO""";;RGB 255
DADOS DOS PRODUTOS;P1864:Q1864;valor da celula;"=""ERRADO""";;RGB 255
DADOS DOS PRODUTOS;Q1864;valor da celula;"=""ERRADO""";;RGB 255
DADOS DOS PRODUTOS;O1864,Q1864;valor da celula;"=""ERRADO""";;RGB 255
DADOS DOS PRODUTOS;O1950:Q1950;valor da celula;"=""ERRADO""";;RGB 255
DADOS DOS PRODUTOS;P1950:Q1950;valor da celula;"=""ERRADO""";;RGB 255
DADOS DOS PRODUTOS;P2276:Q2276;valor da celula;"=""ERRADO""";;RGB 255
DADOS DOS PRODUTOS;O2276:Q2276;valor da celula;"=""ERRADO""";;RGB 255
DADOS DOS PRODUTOS;O1790:Q1790;valor da celula;"=""ERRADO""";;RGB 255
DADOS DOS PRODUTOS;P1790:Q1790;valor da celula;"=""ERRADO""";;RGB 255
DADOS DOS PRODUTOS;O1786:Q1790;valor da celula;"=""ERRADO""";;RGB 255
DADOS DOS PRODUTOS;P2577;valor da celula;"=""ERRADO""";;RGB 255
DADOS DOS PRODUTOS;O2812:P2812;valor da celula;"=""ERRADO""";;RGB 255
DADOS DOS PRODUTOS;O2742:Q2742;valor da celula;"=""ERRADO""";;RGB 255
DADOS DOS PRODUTOS;P3081;valor da celula;"=""ERRADO""";;RGB 255
DADOS DOS PRODUTOS;O3218:P3218;valor da celula;"=""ERRADO""";;RGB 255
DADOS DOS PRODUTOS;O3217:P3217;valor da celula;"=""ERRADO""";;RGB 255
DADOS DOS PRODUTOS;O3393:Q3395;valor da celula;"=""ERRADO""";;RGB 255
DADOS DOS PRODUTOS;P3393:Q3395;valor da celula;"=""ERRADO""";;RGB 255
DADOS DOS PRODUTOS;O3626:Q3626;valor da celula;"=""ERRADO""";;RGB 255
DADOS DOS PRODUTOS;O3643:Q3652;valor da celula;"=""ERRADO""";;RGB 255
DADOS DOS PRODUTOS;P3643:Q3652;valor da celula;"=""ERRADO""";;RGB 255
DADOS DOS PRODUTOS;O808:Q812;valor da celula;"=""ERRADO""";;RGB 255
DADOS DOS PRODUTOS;O219:Q219;valor da celula;"=""ERRADO""";;RGB 255
DADOS DOS PRODUTOS;O795:P798;valor da celula;"=""ERRADO""";;RGB 255
DADOS DOS PRODUTOS;O270:Q270,O265:Q266,O244:Q245,O169:Q174,P154:Q154,O145:Q145,O130:Q131,O119:Q119,O134:Q140;valor da celula;"=""ERRADO""";;RGB 255
DADOS DOS PRODUTOS;O28;valor da celula;"=""ERRADO""";;RGB 255
DADOS DOS PRODUTOS;Q82:Q83;valor da celula;"=""ERRADO""";;RGB 255
DADOS DOS PRODUTOS;O811:P814;valor da celula;"=""ERRADO""";;RGB 255
DADOS DOS PRODUTOS;O817:Q818,O814:Q815,P813:Q815;valor da celula;"=""ERRADO""";;RGB 255
DADOS DOS PRODUTOS;Q79;valor da celula;"=""ERRADO""";;RGB 255
DADOS DOS PRODUTOS;Q251:Q252;valor da celula;"=""ERRADO""";;RGB 255
DADOS DOS PRODUTOS;Q281;valor da celula;"=""ERRADO""";;RGB 255
DADOS DOS PRODUTOS;Q108;valor da celula;"=""ERRADO""";;RGB 255
DADOS DOS PRODUTOS;Q200;valor da celula;"=""ERRADO""";;RGB 255
DADOS DOS PRODUTOS;Q824;valor da celula;"=""ERRADO""";;RGB 255
DADOS DOS PRODUTOS;O150:Q150,P109:Q109,O85:Q86,O80:Q80,O77:Q78,O73:Q74,O62:Q63;valor da celula;"=""ERRADO""";;RGB 255
DADOS DOS PRODUTOS;O264:Q264,O246:Q246,O168:Q168,O164:Q164,O151:Q153,O124:Q124,O117:Q117,O75:Q75,O68:Q68,O54:Q54,O50:Q51;valor da celula;"=""ERRADO""";;RGB 255
DADOS DOS PRODUTOS;O91:P91,O81:P81,O27:P27;valor da celula;"=""ERRADO""";;RGB 255
DADOS DOS PRODUTOS;P185:Q185,O116:Q116,O111:Q113,O36:Q36,O16:Q16;valor da celula;"=""ERRADO""";;RGB 255
DADOS DOS PRODUTOS;O41:Q41;valor da celula;"=""ERRADO""";;RGB 255
DADOS DOS PRODUTOS;O48:Q48;valor da celula;"=""ERRADO""";;RGB 255
DADOS DOS PRODUTOS;O29:Q29;valor da celula;"=""ERRADO""";;RGB 255
DADOS DOS PRODUTOS;O253:Q253;valor da celula;"=""ERRADO""";;RGB 255
DADOS DOS PRODUTOS;O277:P277,O250:P250,O236:P239,O218:P218,P214,O210:P210,O207:P207,P205;valor da celula;"=""ERRADO""";;RGB 255
DADOS DOS PRODUTOS;Q834;valor da celula;"=""ERRADO""";;RGB 255
DADOS DOS PRODUTOS;O773:P773;valor da celula;"=""ERRADO""";;RGB 255
DADOS DOS PRODUTOS;O755:Q758,O762:Q762;valor da celula;"=""ERRADO""";;RGB 255
DADOS DOS PRODUTOS;O741;valor da celula;"=""ERRADO""";;RGB 255
DADOS DOS PRODUTOS;O45:P45,O12:P12;valor da celula;"=""ERRADO""";;RGB 255
DADOS DOS PRODUTOS;O767:Q767;valor da celula;"=""ERRADO""";;RGB 255
DADOS DOS PRODUTOS;O933:Q938;valor da celula;"=""ERRADO""";;RGB 255
DADOS DOS PRODUTOS;O974:Q976,Q977;valor da celula;"=""ERRADO""";;RGB 255
DADOS DOS PRODUTOS;O1055,O1057:O1060;valor da celula;"=""ERRADO""";;RGB 255
DADOS DOS PRODUTOS;O1067:Q1069,P1065:Q1066;valor da celula;"=""ERRADO""";;RGB 255
DADOS DOS PRODUTOS;O1106:Q1106;valor da celula;"=""ERRADO""";;RGB 255
DADOS DOS PRODUTOS;O1104:Q1104,O1106:Q1107,Q1105;valor da celula;"=""ERRADO""";;RGB 255
DADOS DOS PRODUTOS;O1153:P1153;valor da celula;"=""ERRADO""";;RGB 255
DADOS DOS PRODUTOS;O1153:Q1153;valor da celula;"=""ERRADO""";;RGB 255
DADOS DOS PRODUTOS;O1153:P1158;valor da celula;"=""ERRADO""";;RGB 255
DADOS DOS PRODUTOS;O1165:Q1169;valor da celula;"=""ERRADO""";;RGB 255
DADOS DOS PRODUTOS;O1009;valor da celula;"=""ERRADO""";;RGB 255
DADOS DOS PRODUTOS;O1009:P1009;valor da celula;"=""ERRADO""";;RGB 255
DADOS DOS PRODUTOS;Q1119;valor da celula;"=""ERRADO""";;RGB 255
DADOS DOS PRODUTOS;O1059:Q1059;valor da celula;"=""ERRADO""";;RGB 255
DADOS DOS PRODUTOS;Q1103;valor da celula;"=""ERRADO""";;RGB 255
DADOS DOS PRODUTOS;O1101:Q1104;valor da celula;"=""ERRADO""";;RGB 255
DADOS DOS PRODUTOS;O1120:Q1120;valor da celula;"=""ERRADO""";;RGB 255
DADOS DOS PRODUTOS;O1120;valor da celula;"=""ERRADO""";;RGB 255
DADOS DOS PRODUTOS;O1120:O1126;valor da celula;"=""ERRADO""";;RGB 255
DADOS DOS PRODUTOS;O1135:P1135;valor da celula;"=""ERRADO""";;RGB 255
DADOS DOS PRODUTOS;O1135:Q1135;valor da celula;"=""ERRADO""";;RGB 255
DADOS DOS PRODUTOS;O1152;valor da celula;"=""ERRADO""";;RGB 255
DADOS DOS PRODUTOS;O1152:P1152;valor da celula;"=""ERRADO""";;RGB 255
DADOS DOS PRODUTOS;O1152:Q1152;valor da celula;"=""ERRADO""";;RGB 255
DADOS DOS PRODUTOS;O1158;valor da celula;"=""ERRADO""";;RGB 255
DADOS DOS PRODUTOS;O1158:Q1158;valor da celula;"=""ERRADO""";;RGB 255
DADOS DOS PRODUTOS;O957:Q966,Q967;valor da celula;"=""ERRADO""";;RGB 255
DADOS DOS PRODUTOS;O929:Q929;valor da celula;"=""ERRADO""";;RGB 255
DADOS DOS PRODUTOS;O929;valor da celula;"=""ERRADO""";;RGB 255
DADOS DOS PRODUTOS;O929:P931;valor da celula;"=""ERRADO""";;RGB 255
DADOS DOS PRODUTOS;O929:O931;valor da celula;"=""ERRADO""";;RGB 255
DADOS DOS PRODUTOS;Q927;valor da celula;"=""ERRADO""";;RGB 255
DADOS DOS PRODUTOS;O919:Q919;valor da celula;"=""ERRADO""";;RGB 255
DADOS DOS PRODUTOS;O919;valor da celula;"=""ERRADO""";;RGB 255
DADOS DOS PRODUTOS;O920:Q920;valor da celula;"=""ERRADO""";;RGB 255
DADOS DOS PRODUTOS;O920;valor da celula;"=""ERRADO""";;RGB 255
DADOS DOS PRODUTOS;O920:P920;valor da celula;"=""ERRADO""";;RGB 255
DADOS DOS PRODUTOS;O933;valor da celula;"=""ERRADO""";;RGB 255
DADOS DOS PRODUTOS;O931:P931,O933:P935;valor da celula;"=""ERRADO""";;RGB 255
DADOS DOS PRODUTOS;O948:Q948;valor da celula;"=""ERRADO""";;RGB 255
DADOS DOS PRODUTOS;O948,Q948;valor da celula;"=""ERRADO""";;RGB 255
DADOS DOS PRODUTOS;O948;valor da celula;"=""ERRADO""";;RGB 255
DADOS DOS PRODUTOS;O948:Q950,P944:Q947;valor da celula;"=""ERRADO""";;RGB 255
DADOS DOS PRODUTOS;Q944:Q950,O948:O950;valor da celula;"=""ERRADO""";;RGB 255
DADOS DOS PRODUTOS;P944:Q946,Q942:Q943;valor da celula;"=""ERRADO""";;RGB 255
DADOS DOS PRODUTOS;P944,P939:P940;valor da celula;"=""ERRADO""";;RGB 255
DADOS DOS PRODUTOS;O956:Q956;valor da celula;"=""ERRADO""";;RGB 255
DADOS DOS PRODUTOS;O1008:P1008;valor da celula;"=""ERRADO""";;RGB 255
DADOS DOS PRODUTOS;O1008;valor da celula;"=""ERRADO""";;RGB 255
DADOS DOS PRODUTOS;O1005,O1008;valor da celula;"=""ERRADO""";;RGB 255
DADOS DOS PRODUTOS;O1014:P1014;valor da celula;"=""ERRADO""";;RGB 255
DADOS DOS PRODUTOS;O1014;valor da celula;"=""ERRADO""";;RGB 255
DADOS DOS PRODUTOS;O1012;valor da celula;"=""ERRADO""";;RGB 255
DADOS DOS PRODUTOS;O1056;valor da celula;"=""ERRADO""";;RGB 255
DADOS DOS PRODUTOS;O1056:P1056;valor da celula;"=""ERRADO""";;RGB 255
DADOS DOS PRODUTOS;O1607:Q1607;valor da celula;"=""ERRADO""";;RGB 255
DADOS DOS PRODUTOS;P1607;valor da celula;"=""ERRADO""";;RGB 255
DADOS DOS PRODUTOS;O1607:P1607;valor da celula;"=""ERRADO""";;RGB 255
DADOS DOS PRODUTOS;P1607:Q1607;valor da celula;"=""ERRADO""";;RGB 255
DADOS DOS PRODUTOS;O1607:Q1610,P1609:Q1611;valor da celula;"=""ERRADO""";;RGB 255
DADOS DOS PRODUTOS;P1607:P1611;valor da celula;"=""ERRADO""";;RGB 255
DADOS DOS PRODUTOS;O1607:P1610,P1609:P1611;valor da celula;"=""ERRADO""";;RGB 255
DADOS DOS PRODUTOS;P1607:Q1611;valor da celula;"=""ERRADO""";;RGB 255
DADOS DOS PRODUTOS;O1604:Q1608;valor da celula;"=""ERRADO""";;RGB 255
DADOS DOS PRODUTOS;P1604:P1608;valor da celula;"=""ERRADO""";;RGB 255
DADOS DOS PRODUTOS;O1604:P1608;valor da celula;"=""ERRADO""";;RGB 255
DADOS DOS PRODUTOS;P1604:Q1608;valor da celula;"=""ERRADO""";;RGB 255
DADOS DOS PRODUTOS;O1618:Q1621,P1620:Q1623;valor da celula;"=""ERRADO""";;RGB 255
DADOS DOS PRODUTOS;O1638:P1640,P1635:P1639;valor da celula;"=""ERRADO""";;RGB 255
DADOS DOS PRODUTOS;O1468:Q1468;valor da celula;"=""ERRADO""";;RGB 255
DADOS DOS PRODUTOS;P1468:Q1468;valor da celula;"=""ERRADO""";;RGB 255
DADOS DOS PRODUTOS;O1468:Q1471;valor da celula;"=""ERRADO""";;RGB 255
DADOS DOS PRODUTOS;O856:O862,O905,O911,O913:O917,O898:O902,O866:O896;valor da celula;"=""ERRADO""";;RGB 255
DADOS DOS PRODUTOS;O856:P862,O905:P905,O911:P911,O913:P917,O898:P902,O866:P896,P903:P904,P906:P910,P912;valor da celula;"=""ERRADO""";;RGB 255
DADOS DOS PRODUTOS;O856:Q862,O905:Q905,O911:Q911,O913:Q917,O898:Q902,Q897,O866:Q896,Q863:Q865,P903:Q904,P906:Q910,P912:Q912;valor da celula;"=""ERRADO""";;RGB 255
DADOS DOS PRODUTOS;P856:Q862,Q897,P866:Q896,Q863:Q865,P898:Q917;valor da celula;"=""ERRADO""";;RGB 255
DADOS DOS PRODUTOS;Q856:Q917;valor da celula;"=""ERRADO""";;RGB 255
DADOS DOS PRODUTOS;O923;valor da celula;"=""ERRADO""";;RGB 255
DADOS DOS PRODUTOS;O923:P923;valor da celula;"=""ERRADO""";;RGB 255
DADOS DOS PRODUTOS;O530:P530;valor da celula;"=""ERRADO""";;RGB 255
DADOS DOS PRODUTOS;O530;valor da celula;"=""ERRADO""";;RGB 255
DADOS DOS PRODUTOS;O941:P941;valor da celula;"=""ERRADO""";;RGB 255
DADOS DOS PRODUTOS;O941;valor da celula;"=""ERRADO""";;RGB 255
DADOS DOS PRODUTOS;O967:P967;valor da celula;"=""ERRADO""";;RGB 255
DADOS DOS PRODUTOS;O967;valor da celula;"=""ERRADO""";;RGB 255
DADOS DOS PRODUTOS;O624;valor da celula;"=""ERRADO""";;RGB 255
DADOS DOS PRODUTOS;O819;valor da celula;"=""ERRADO""";;RGB 255
DADOS DOS PRODUTOS;O819:P819;valor da celula;"=""ERRADO""";;RGB 255
DADOS DOS PRODUTOS;O665:Q665;valor da celula;"=""ERRADO""";;RGB 255
DADOS DOS PRODUTOS;O665;valor da celula;"=""ERRADO""";;RGB 255
DADOS DOS PRODUTOS;O835:Q835;valor da celula;"=""ERRADO""";;RGB 255
DADOS DOS PRODUTOS;O259;valor da celula;"=""ERRADO""";;RGB 255
DADOS DOS PRODUTOS;O968:Q968;valor da celula;"=""ERRADO""";;RGB 255
DADOS DOS PRODUTOS;O968:P968;valor da celula;"=""ERRADO""";;RGB 255
DADOS DOS PRODUTOS;N1147;valor da celula;"=""ERRADO""";;RGB 255
DADOS DOS PRODUTOS;O822:Q822,Q821,P823:Q823;valor da celula;"=""ERRADO""";;RGB 255
DADOS DOS PRODUTOS;O823,O825;valor da celula;"=""ERRADO""";;RGB 255
DADOS DOS PRODUTOS;O1070;valor da celula;"=""ERRADO""";;RGB 255
DADOS DOS PRODUTOS;O1074:Q1077,Q1072:Q1073;valor da celula;"=""ERRADO""";;RGB 255
DADOS DOS PRODUTOS;P897;valor da celula;"=""ERRADO""";;RGB 255
DADOS DOS PRODUTOS;O1134;valor da celula;"=""ERRADO""";;RGB 255
DADOS DOS PRODUTOS;O1064;valor da celula;"=""ERRADO""";;RGB 255
DADOS DOS PRODUTOS;O1170;valor da celula;"=""ERRADO""";;RGB 255
DADOS DOS PRODUTOS;O2937:P2937;valor da celula;"=""ERRADO""";;RGB 255
DADOS DOS PRODUTOS;P2131:P2133,P2937:P2941,P3210:P3212;valor da celula;"=""ERRADO""";;RGB 255
DADOS DOS PRODUTOS;O897;valor da celula;"=""ERRADO""";;RGB 255
DADOS DOS PRODUTOS;O906;valor da celula;"=""ERRADO""";;RGB 255
DADOS DOS PRODUTOS;O927;valor da celula;"=""ERRADO""";;RGB 255
DADOS DOS PRODUTOS;O932;valor da celula;"=""ERRADO""";;RGB 255
DADOS DOS PRODUTOS;P1013;valor da celula;"=""ERRADO""";;RGB 255
DADOS DOS PRODUTOS;P1015;valor da celula;"=""ERRADO""";;RGB 255
DADOS DOS PRODUTOS;P1803;valor da celula;"=""ERRADO""";;RGB 255
DADOS DOS PRODUTOS;O1803:Q1803;valor da celula;"=""ERRADO""";;RGB 255
DADOS DOS PRODUTOS;P1803:Q1803;valor da celula;"=""ERRADO""";;RGB 255
DADOS DOS PRODUTOS;O799:P799;valor da celula;"=""ERRADO""";;RGB 255
DADOS DOS PRODUTOS;O799:Q802;valor da celula;"=""ERRADO""";;RGB 255
DADOS DOS PRODUTOS;O977:P977;valor da celula;"=""ERRADO""";;RGB 255
DADOS DOS PRODUTOS;O61:Q61,O58:Q59,O55:Q55,O53:Q53,O42:Q42,O37:Q37;valor da celula;"=""ERRADO""";;RGB 255
DADOS DOS PRODUTOS;P1006;valor da celula;"=""ERRADO""";;RGB 255
DADOS DOS PRODUTOS;P1006:Q1006;valor da celula;"=""ERRADO""";;RGB 255
DADOS DOS PRODUTOS;B2554:B2557;valor da celula;"=""ERRADO""";;RGB 255
DADOS DOS PRODUTOS;N1148;valor da celula;"=""ERRADO""";;RGB 255
DADOS DOS PRODUTOS;N1442;valor da celula;"=""ERRADO""";;RGB 255
DADOS DOS PRODUTOS;N1457;valor da celula;"=""ERRADO""";;RGB 255
DADOS DOS PRODUTOS;N1478;valor da celula;"=""ERRADO""";;RGB 255
DADOS DOS PRODUTOS;P661;valor da celula;"=""ERRADO""";;RGB 255
DADOS DOS PRODUTOS;O662;valor da celula;"=""ERRADO""";;RGB 255
DADOS DOS PRODUTOS;O2148:O2152;valor da celula;"=""ERRADO""";;RGB 255
DADOS DOS PRODUTOS;O1016:Q1016;valor da celula;"=""ERRADO""";;RGB 255
DADOS DOS PRODUTOS;O1016;valor da celula;"=""ERRADO""";;RGB 255
DADOS DOS PRODUTOS;O765;valor da celula;"=""ERRADO""";;RGB 255
DADOS DOS PRODUTOS;O659:O661;valor da celula;"=""ERRADO""";;RGB 255
DADOS DOS PRODUTOS;O2275:Q2275;valor da celula;"=""ERRADO""";;RGB 255
DADOS DOS PRODUTOS;O2275:O2279;valor da celula;"=""ERRADO""";;RGB 255
DADOS DOS PRODUTOS;O981:Q981;valor da celula;"=""ERRADO""";;RGB 255
DADOS DOS PRODUTOS;P532:P534,P472:P481;valor da celula;"=""ERRADO""";;RGB 255
DADOS DOS PRODUTOS;O1626:Q1626;valor da celula;"=""ERRADO""";;RGB 255
DADOS DOS PRODUTOS;O1626,Q1626;valor da celula;"=""ERRADO""";;RGB 255
DADOS DOS PRODUTOS;Q1626;valor da celula;"=""ERRADO""";;RGB 255
DADOS DOS PRODUTOS;P1626:Q1626;valor da celula;"=""ERRADO""";;RGB 255
DADOS DOS PRODUTOS;O1624:Q1624,O1626,Q1626;valor da celula;"=""ERRADO""";;RGB 255
DADOS DOS PRODUTOS;O1624,Q1624,Q1626,O1626;valor da celula;"=""ERRADO""";;RGB 255
DADOS DOS PRODUTOS;Q1624,Q1626;valor da celula;"=""ERRADO""";;RGB 255
DADOS DOS PRODUTOS;P1624:Q1624,Q1626;valor da celula;"=""ERRADO""";;RGB 255
DADOS DOS PRODUTOS;O1626:Q1626,O1628,Q1628;valor da celula;"=""ERRADO""";;RGB 255
DADOS DOS PRODUTOS;O1626,Q1626,Q1628,O1628;valor da celula;"=""ERRADO""";;RGB 255
DADOS DOS PRODUTOS;Q1626,Q1628;valor da celula;"=""ERRADO""";;RGB 255
DADOS DOS PRODUTOS;P1626:Q1626,Q1628;valor da celula;"=""ERRADO""";;RGB 255
DADOS DOS PRODUTOS;Q1654;valor da celula;"=""ERRADO""";;RGB 255
DADOS DOS PRODUTOS;P1654:Q1654;valor da celula;"=""ERRADO""";;RGB 255
DADOS DOS PRODUTOS;O1656:Q1656,O1654:Q1654;valor da celula;"=""ERRADO""";;RGB 255
DADOS DOS PRODUTOS;P1656:Q1656,P1654:Q1654;valor da celula;"=""ERRADO""";;RGB 255
DADOS DOS PRODUTOS;Q1656,Q1654;valor da celula;"=""ERRADO""";;RGB 255
DADOS DOS PRODUTOS;O1654:Q1654;valor da celula;"=""ERRADO""";;RGB 255
DADOS DOS PRODUTOS;O1657:Q1657,O1655:Q1655;valor da celula;"=""ERRADO""";;RGB 255
DADOS DOS PRODUTOS;O1657:P1657,O1655:P1655;valor da celula;"=""ERRADO""";;RGB 255
DADOS DOS PRODUTOS;O1657,O1655;valor da celula;"=""ERRADO""";;RGB 255
DADOS DOS PRODUTOS;O1657;valor da celula;"=""ERRADO""";;RGB 255
DADOS DOS PRODUTOS;O1657:P1657;valor da celula;"=""ERRADO""";;RGB 255
DADOS DOS PRODUTOS;O1657:Q1657;valor da celula;"=""ERRADO""";;RGB 255
DADOS DOS PRODUTOS;O1657:Q1657,Q1655;valor da celula;"=""ERRADO""";;RGB 255
DADOS DOS PRODUTOS;O1523;valor da celula;"=""ERRADO""";;RGB 255
DADOS DOS PRODUTOS;O1523:O1526;valor da celula;"=""ERRADO""";;RGB 255
DADOS DOS PRODUTOS;O1830;valor da celula;"=""ERRADO""";;RGB 255
DADOS DOS PRODUTOS;O1830:P1830;valor da celula;"=""ERRADO""";;RGB 255
DADOS DOS PRODUTOS;P2220:Q2220;valor da celula;"=""ERRADO""";;RGB 255
DADOS DOS PRODUTOS;P2220;valor da celula;"=""ERRADO""";;RGB 255
DADOS DOS PRODUTOS;P3583;valor da celula;"=""ERRADO""";;RGB 255
DADOS DOS PRODUTOS;P3614;valor da celula;"=""ERRADO""";;RGB 255
DADOS DOS PRODUTOS;O1629;valor da celula;"=""ERRADO""";;RGB 255
DADOS DOS PRODUTOS;O1641:O1644,O1629:O1634;valor da celula;"=""ERRADO""";;RGB 255
DADOS DOS PRODUTOS;O1641:Q1644,O1629:Q1634;valor da celula;"=""ERRADO""";;RGB 255
DADOS DOS PRODUTOS;O1641:P1644,O1629:P1634;valor da celula;"=""ERRADO""";;RGB 255
DADOS DOS PRODUTOS;O1626:O1630;valor da celula;"=""ERRADO""";;RGB 255
DADOS DOS PRODUTOS;O1641:P1641;valor da celula;"=""ERRADO""";;RGB 255
DADOS DOS PRODUTOS;O1641:Q1641;valor da celula;"=""ERRADO""";;RGB 255
DADOS DOS PRODUTOS;P1641:Q1644,P1629:Q1634;valor da celula;"=""ERRADO""";;RGB 255
DADOS DOS PRODUTOS;O1638:Q1642;valor da celula;"=""ERRADO""";;RGB 255
DADOS DOS PRODUTOS;O1875:Q1875;valor da celula;"=""ERRADO""";;RGB 255
DADOS DOS PRODUTOS;Q1875;valor da celula;"=""ERRADO""";;RGB 255
DADOS DOS PRODUTOS;O1875,Q1875;valor da celula;"=""ERRADO""";;RGB 255
DADOS DOS PRODUTOS;P1875:Q1875;valor da celula;"=""ERRADO""";;RGB 255
DADOS DOS PRODUTOS;Q1894;valor da celula;"=""ERRADO""";;RGB 255
DADOS DOS PRODUTOS;O1894:Q1894;valor da celula;"=""ERRADO""";;RGB 255
DADOS DOS PRODUTOS;P1915;valor da celula;"=""ERRADO""";;RGB 255
DADOS DOS PRODUTOS;O1915:Q1915;valor da celula;"=""ERRADO""";;RGB 255
DADOS DOS PRODUTOS;P1915:Q1915;valor da celula;"=""ERRADO""";;RGB 255
DADOS DOS PRODUTOS;O2211;valor da celula;"=""ERRADO""";;RGB 255
DADOS DOS PRODUTOS;N2178;valor da celula;"=""ERRADO""";;RGB 255
DADOS DOS PRODUTOS;N2188;valor da celula;"=""ERRADO""";;RGB 255
DADOS DOS PRODUTOS;N2197;valor da celula;"=""ERRADO""";;RGB 255
DADOS DOS PRODUTOS;O2155;valor da celula;"=""ERRADO""";;RGB 255
DADOS DOS PRODUTOS;P3541:Q3541;valor da celula;"=""ERRADO""";;RGB 255
DADOS DOS PRODUTOS;P3553;valor da celula;"=""ERRADO""";;RGB 255
DADOS DOS PRODUTOS;P3617:Q3617;valor da celula;"=""ERRADO""";;RGB 255
DADOS DOS PRODUTOS;O1198:Q1198;valor da celula;"=""ERRADO""";;RGB 255
DADOS DOS PRODUTOS;O1198:P1198;valor da celula;"=""ERRADO""";;RGB 255
DADOS DOS PRODUTOS;O1662;valor da celula;"=""ERRADO""";;RGB 255
DADOS DOS PRODUTOS;O1662:P1662;valor da celula;"=""ERRADO""";;RGB 255
DADOS DOS PRODUTOS;O1661:O1667;valor da celula;"=""ERRADO""";;RGB 255
DADOS DOS PRODUTOS;P1521;valor da celula;"=""ERRADO""";;RGB 255
DADOS DOS PRODUTOS;O1527:Q1527,O1521:Q1521;valor da celula;"=""ERRADO""";;RGB 255
DADOS DOS PRODUTOS;O1518:Q1522,P1521:Q1523,Q1522:Q1524;valor da celula;"=""ERRADO""";;RGB 255
DADOS DOS PRODUTOS;O1536:Q1536;valor da celula;"=""ERRADO""";;RGB 255
DADOS DOS PRODUTOS;P1536:Q1536;valor da celula;"=""ERRADO""";;RGB 255
DADOS DOS PRODUTOS;O1531:P1537;valor da celula;"=""ERRADO""";;RGB 255
DADOS DOS PRODUTOS;O1609:O1613;valor da celula;"=""ERRADO""";;RGB 255
DADOS DOS PRODUTOS;O1612:Q1614,P1609:Q1613;valor da celula;"=""ERRADO""";;RGB 255
DADOS DOS PRODUTOS;O1638;valor da celula;"=""ERRADO""";;RGB 255
DADOS DOS PRODUTOS;O1638:O1642;valor da celula;"=""ERRADO""";;RGB 255
DADOS DOS PRODUTOS;O1623;valor da celula;"=""ERRADO""";;RGB 255
DADOS DOS PRODUTOS;O1620:O1624;valor da celula;"=""ERRADO""";;RGB 255
DADOS DOS PRODUTOS;O1623:Q1625,P1621:Q1624;valor da celula;"=""ERRADO""";;RGB 255
DADOS DOS PRODUTOS;O1848;valor da celula;"=""ERRADO""";;RGB 255
DADOS DOS PRODUTOS;O1848:P1848;valor da celula;"=""ERRADO""";;RGB 255
DADOS DOS PRODUTOS;O1848:Q1848,O1840:Q1840;valor da celula;"=""ERRADO""";;RGB 255
DADOS DOS PRODUTOS;O1829:P1829;valor da celula;"=""ERRADO""";;RGB 255
DADOS DOS PRODUTOS;O1829;valor da celula;"=""ERRADO""";;RGB 255
DADOS DOS PRODUTOS;O1829:Q1829;valor da celula;"=""ERRADO""";;RGB 255
DADOS DOS PRODUTOS;O1829,Q1829;valor da celula;"=""ERRADO""";;RGB 255
DADOS DOS PRODUTOS;O1803;valor da celula;"=""ERRADO""";;RGB 255
DADOS DOS PRODUTOS;O1803,Q1803;valor da celula;"=""ERRADO""";;RGB 255
DADOS DOS PRODUTOS;O1850;valor da celula;"=""ERRADO""";;RGB 255
DADOS DOS PRODUTOS;O1850:P1850;valor da celula;"=""ERRADO""";;RGB 255
DADOS DOS PRODUTOS;O1854:P1854;valor da celula;"=""ERRADO""";;RGB 255
DADOS DOS PRODUTOS;O1854;valor da celula;"=""ERRADO""";;RGB 255
DADOS DOS PRODUTOS;O1860;valor da celula;"=""ERRADO""";;RGB 255
DADOS DOS PRODUTOS;O1860:Q1860;valor da celula;"=""ERRADO""";;RGB 255
DADOS DOS PRODUTOS;O1860:P1860;valor da celula;"=""ERRADO""";;RGB 255
DADOS DOS PRODUTOS;O1860,Q1860;valor da celula;"=""ERRADO""";;RGB 255
DADOS DOS PRODUTOS;O1808;valor da celula;"=""ERRADO""";;RGB 255
DADOS DOS PRODUTOS;O1808:Q1808;valor da celula;"=""ERRADO""";;RGB 255
DADOS DOS PRODUTOS;O1808:P1808;valor da celula;"=""ERRADO""";;RGB 255
DADOS DOS PRODUTOS;O1901:P1901;valor da celula;"=""ERRADO""";;RGB 255
DADOS DOS PRODUTOS;O1901:Q1901;valor da celula;"=""ERRADO""";;RGB 255
DADOS DOS PRODUTOS;O1901;valor da celula;"=""ERRADO""";;RGB 255
DADOS DOS PRODUTOS;O1867;valor da celula;"=""ERRADO""";;RGB 255
DADOS DOS PRODUTOS;O1867:Q1867;valor da celula;"=""ERRADO""";;RGB 255
DADOS DOS PRODUTOS;O1867:P1867;valor da celula;"=""ERRADO""";;RGB 255
DADOS DOS PRODUTOS;O1946;valor da celula;"=""ERRADO""";;RGB 255
DADOS DOS PRODUTOS;O1946:Q1946;valor da celula;"=""ERRADO""";;RGB 255
DADOS DOS PRODUTOS;O1946:P1946;valor da celula;"=""ERRADO""";;RGB 255
DADOS DOS PRODUTOS;O1946,Q1946;valor da celula;"=""ERRADO""";;RGB 255
DADOS DOS PRODUTOS;N1365;valor da celula;"=""ERRADO""";;RGB 255
DADOS DOS PRODUTOS;N1441;valor da celula;"=""ERRADO""";;RGB 255
DADOS DOS PRODUTOS;N1456;valor da celula;"=""ERRADO""";;RGB 255
DADOS DOS PRODUTOS;N1477;valor da celula;"=""ERRADO""";;RGB 255
DADOS DOS PRODUTOS;P2277;valor da celula;"=""ERRADO""";;RGB 255
DADOS DOS PRODUTOS;P2277:Q2277;valor da celula;"=""ERRADO""";;RGB 255
DADOS DOS PRODUTOS;O1635;valor da celula;"=""ERRADO""";;RGB 255
DADOS DOS PRODUTOS;O1483;valor da celula;"=""ERRADO""";;RGB 255
DADOS DOS PRODUTOS;O1483:P1483;valor da celula;"=""ERRADO""";;RGB 255
DADOS DOS PRODUTOS;O1483:Q1483;valor da celula;"=""ERRADO""";;RGB 255
DADOS DOS PRODUTOS;O1489,O1483;valor da celula;"=""ERRADO""";;RGB 255
DADOS DOS PRODUTOS;O1483:Q1487,P1481:Q1483,Q1482:Q1484;valor da celula;"=""ERRADO""";;RGB 255
DADOS DOS PRODUTOS;O1479:P1481,O1483:P1485,P1480:P1483;valor da celula;"=""ERRADO""";;RGB 255
DADOS DOS PRODUTOS;O1475:P1475;valor da celula;"=""ERRADO""";;RGB 255
DADOS DOS PRODUTOS;O1475:Q1475;valor da celula;"=""ERRADO""";;RGB 255
DADOS DOS PRODUTOS;O1470:P1478;valor da celula;"=""ERRADO""";;RGB 255
DADOS DOS PRODUTOS;O2208;valor da celula;"=""ERRADO""";;RGB 255
DADOS DOS PRODUTOS;O1897;valor da celula;"=""ERRADO""";;RGB 255
DADOS DOS PRODUTOS;O1897:P1897;valor da celula;"=""ERRADO""";;RGB 255
DADOS DOS PRODUTOS;O1897:Q1897;valor da celula;"=""ERRADO""";;RGB 255
DADOS DOS PRODUTOS;O1607;valor da celula;"=""ERRADO""";;RGB 255
DADOS DOS PRODUTOS;O1607:O1610;valor da celula;"=""ERRADO""";;RGB 255
DADOS DOS PRODUTOS;O1604:O1608;valor da celula;"=""ERRADO""";;RGB 255
DADOS DOS PRODUTOS;O1792;valor da celula;"=""ERRADO""";;RGB 255
DADOS DOS PRODUTOS;O1792:Q1792;valor da celula;"=""ERRADO""";;RGB 255
DADOS DOS PRODUTOS;O1649;valor da celula;"=""ERRADO""";;RGB 255
DADOS DOS PRODUTOS;O1646:O1650;valor da celula;"=""ERRADO""";;RGB 255
DADOS DOS PRODUTOS;O1646:Q1650,P1649:Q1651;valor da celula;"=""ERRADO""";;RGB 255
DADOS DOS PRODUTOS;O1646:P1650,P1649:P1651;valor da celula;"=""ERRADO""";;RGB 255
DADOS DOS PRODUTOS;O1524;valor da celula;"=""ERRADO""";;RGB 255
DADOS DOS PRODUTOS;O1626:P1626;valor da celula;"=""ERRADO""";;RGB 255
DADOS DOS PRODUTOS;P1626;valor da celula;"=""ERRADO""";;RGB 255
DADOS DOS PRODUTOS;O1626:P1626,O1628;valor da celula;"=""ERRADO""";;RGB 255
DADOS DOS PRODUTOS;O1796;valor da celula;"=""ERRADO""";;RGB 255
DADOS DOS PRODUTOS;O1796:Q1800;valor da celula;"=""ERRADO""";;RGB 255
DADOS DOS PRODUTOS;O1796:O1800;valor da celula;"=""ERRADO""";;RGB 255
DADOS DOS PRODUTOS;O1796:P1800;valor da celula;"=""ERRADO""";;RGB 255
DADOS DOS PRODUTOS;O1796:Q1802;valor da celula;"=""ERRADO""";;RGB 255
DADOS DOS PRODUTOS;O1796:O1802;valor da celula;"=""ERRADO""";;RGB 255
DADOS DOS PRODUTOS;O1796:P1802;valor da celula;"=""ERRADO""";;RGB 255
DADOS DOS PRODUTOS;O1831;valor da celula;"=""ERRADO""";;RGB 255
DADOS DOS PRODUTOS;O1831:Q1831;valor da celula;"=""ERRADO""";;RGB 255
DADOS DOS PRODUTOS;O1831:P1831;valor da celula;"=""ERRADO""";;RGB 255
DADOS DOS PRODUTOS;O1831,Q1831;valor da celula;"=""ERRADO""";;RGB 255
DADOS DOS PRODUTOS;P2385;valor da celula;"=""ERRADO""";;RGB 255
DADOS DOS PRODUTOS;O1665:Q1665;valor da celula;"=""ERRADO""";;RGB 255
DADOS DOS PRODUTOS;O2156;valor da celula;"=""ERRADO""";;RGB 255
DADOS DOS PRODUTOS;O2500;valor da celula;"=""ERRADO""";;RGB 255
DADOS DOS PRODUTOS;O2500:P2500;valor da celula;"=""ERRADO""";;RGB 255
DADOS DOS PRODUTOS;P1181:Q1182,O1183:Q1186;valor da celula;"=""ERRADO""";;RGB 255
DADOS DOS PRODUTOS;O1652;valor da celula;"=""ERRADO""";;RGB 255
DADOS DOS PRODUTOS;O1652:P1652;valor da celula;"=""ERRADO""";;RGB 255
DADOS DOS PRODUTOS;O1652:Q1652;valor da celula;"=""ERRADO""";;RGB 255
DADOS DOS PRODUTOS;O1924;valor da celula;"=""ERRADO""";;RGB 255
DADOS DOS PRODUTOS;O1924:Q1924;valor da celula;"=""ERRADO""";;RGB 255
DADOS DOS PRODUTOS;O2387;valor da celula;"=""ERRADO""";;RGB 255
DADOS DOS PRODUTOS;O2432:P2432;valor da celula;"=""ERRADO""";;RGB 255
DADOS DOS PRODUTOS;N2179;valor da celula;"=""ERRADO""";;RGB 255
DADOS DOS PRODUTOS;N2189;valor da celula;"=""ERRADO""";;RGB 255
DADOS DOS PRODUTOS;N2218;valor da celula;"=""ERRADO""";;RGB 255
DADOS DOS PRODUTOS;N2198;valor da celula;"=""ERRADO""";;RGB 255
DADOS DOS PRODUTOS;O2455:P2455;valor da celula;"=""ERRADO""";;RGB 255
DADOS DOS PRODUTOS;O2452:P2452;valor da celula;"=""ERRADO""";;RGB 255
DADOS DOS PRODUTOS;O2435:P2435;valor da celula;"=""ERRADO""";;RGB 255
DADOS DOS PRODUTOS;O2226;valor da celula;"=""ERRADO""";;RGB 255
DADOS DOS PRODUTOS;O2222;valor da celula;"=""ERRADO""";;RGB 255
DADOS DOS PRODUTOS;P2150;valor da celula;"=""ERRADO""";;RGB 255
DADOS DOS PRODUTOS;O2073:P2073;valor da celula;"=""ERRADO""";;RGB 255
DADOS DOS PRODUTOS;O2058;valor da celula;"=""ERRADO""";;RGB 255
DADOS DOS PRODUTOS;O1954;valor da celula;"=""ERRADO""";;RGB 255
DADOS DOS PRODUTOS;O1954:Q1954;valor da celula;"=""ERRADO""";;RGB 255
DADOS DOS PRODUTOS;O1954,Q1954;valor da celula;"=""ERRADO""";;RGB 255
DADOS DOS PRODUTOS;Q1954,O1954;valor da celula;"=""ERRADO""";;RGB 255
DADOS DOS PRODUTOS;O1954:P1954;valor da celula;"=""ERRADO""";;RGB 255
DADOS DOS PRODUTOS;O1894:P1894;valor da celula;"=""ERRADO""";;RGB 255
DADOS DOS PRODUTOS;O1894;valor da celula;"=""ERRADO""";;RGB 255
DADOS DOS PRODUTOS;O1884;valor da celula;"=""ERRADO""";;RGB 255
DADOS DOS PRODUTOS;O1884:P1884;valor da celula;"=""ERRADO""";;RGB 255
DADOS DOS PRODUTOS;O1884:Q1884;valor da celula;"=""ERRADO""";;RGB 255
DADOS DOS PRODUTOS;O1874:Q1874;valor da celula;"=""ERRADO""";;RGB 255
DADOS DOS PRODUTOS;O1874;valor da celula;"=""ERRADO""";;RGB 255
DADOS DOS PRODUTOS;O1874:P1874;valor da celula;"=""ERRADO""";;RGB 255
DADOS DOS PRODUTOS;O1874,Q1874;valor da celula;"=""ERRADO""";;RGB 255
DADOS DOS PRODUTOS;O1202:Q1205;valor da celula;"=""ERRADO""";;RGB 255
DADOS DOS PRODUTOS;O1199:P1203;valor da celula;"=""ERRADO""";;RGB 255
DADOS DOS PRODUTOS;O2501;valor da celula;"=""ERRADO""";;RGB 255
DADOS DOS PRODUTOS;O2501:P2501;valor da celula;"=""ERRADO""";;RGB 255
DADOS DOS PRODUTOS;O2578;valor da celula;"=""ERRADO""";;RGB 255
DADOS DOS PRODUTOS;N2578;valor da celula;"=""ERRADO""";;RGB 255
DADOS DOS PRODUTOS;N2603;valor da celula;"=""ERRADO""";;RGB 255
DADOS DOS PRODUTOS;O1522;valor da celula;"=""ERRADO""";;RGB 255
DADOS DOS PRODUTOS;O1543;valor da celula;"=""ERRADO""";;RGB 255
DADOS DOS PRODUTOS;O1543:P1543;valor da celula;"=""ERRADO""";;RGB 255
DADOS DOS PRODUTOS;O1543:Q1543;valor da celula;"=""ERRADO""";;RGB 255
DADOS DOS PRODUTOS;O1543:O1546;valor da celula;"=""ERRADO""";;RGB 255
DADOS DOS PRODUTOS;O1545;valor da celula;"=""ERRADO""";;RGB 255
DADOS DOS PRODUTOS;O1545:Q1545;valor da celula;"=""ERRADO""";;RGB 255
DADOS DOS PRODUTOS;O2743:P2743;valor da celula;"=""ERRADO""";;RGB 255
DADOS DOS PRODUTOS;O2743:Q2743;valor da celula;"=""ERRADO""";;RGB 255
DADOS DOS PRODUTOS;O2955;valor da celula;"=""ERRADO""";;RGB 255
DADOS DOS PRODUTOS;O3082;valor da celula;"=""ERRADO""";;RGB 255
DADOS DOS PRODUTOS;O3093;valor da celula;"=""ERRADO""";;RGB 255
DADOS DOS PRODUTOS;O2747:P2747;valor da celula;"=""ERRADO""";;RGB 255
DADOS DOS PRODUTOS;O3204:P3204;valor da celula;"=""ERRADO""";;RGB 255
DADOS DOS PRODUTOS;O2939;valor da celula;"=""ERRADO""";;RGB 255
DADOS DOS PRODUTOS;P3220;valor da celula;"=""ERRADO""";;RGB 255
DADOS DOS PRODUTOS;O3222:P3222;valor da celula;"=""ERRADO""";;RGB 255
DADOS DOS PRODUTOS;O3272:P3272;valor da celula;"=""ERRADO""";;RGB 255
DADOS DOS PRODUTOS;O2940;valor da celula;"=""ERRADO""";;RGB 255
DADOS DOS PRODUTOS;O3393:O3395;valor da celula;"=""ERRADO""";;RGB 255
DADOS DOS PRODUTOS;O3395;valor da celula;"=""ERRADO""";;RGB 255
DADOS DOS PRODUTOS;O2817:Q2817;valor da celula;"=""ERRADO""";;RGB 255
DADOS DOS PRODUTOS;O2817:P2817;valor da celula;"=""ERRADO""";;RGB 255
DADOS DOS PRODUTOS;O3554:P3554;valor da celula;"=""ERRADO""";;RGB 255
DADOS DOS PRODUTOS;O3563:P3563;valor da celula;"=""ERRADO""";;RGB 255
DADOS DOS PRODUTOS;O3555:P3555;valor da celula;"=""ERRADO""";;RGB 255
DADOS DOS PRODUTOS;O3611:P3611;valor da celula;"=""ERRADO""";;RGB 255
DADOS DOS PRODUTOS;Q3611;valor da celula;"=""ERRADO""";;RGB 255
DADOS DOS PRODUTOS;P3628;valor da celula;"=""ERRADO""";;RGB 255
DADOS DOS PRODUTOS;O3653;valor da celula;"=""ERRADO""";;RGB 255
DADOS DOS PRODUTOS;O814;valor da celula;"=""ERRADO""";;RGB 255
DADOS DOS PRODUTOS;O814:Q814;valor da celula;"=""ERRADO""";;RGB 255
DADOS DOS PRODUTOS;O108;valor da celula;"=""ERRADO""";;RGB 255
DADOS DOS PRODUTOS;O84:P84;valor da celula;"=""ERRADO""";;RGB 255
DADOS DOS PRODUTOS;O939;valor da celula;"=""ERRADO""";;RGB 255
DADOS DOS PRODUTOS;O952;valor da celula;"=""ERRADO""";;RGB 255
DADOS DOS PRODUTOS;O2808:P2808;valor da celula;"=""ERRADO""";;RGB 255
DADOS DOS PRODUTOS;P3711;valor da celula;"=""ERRADO""";;RGB 255
DADOS DOS PRODUTOS;P3711:Q3711;valor da celula;"=""ERRADO""";;RGB 255
DADOS DOS PRODUTOS;O3710:Q3710;valor da celula;"=""ERRADO""";;RGB 255
DADOS DOS PRODUTOS;P3710;valor da celula;"=""ERRADO""";;RGB 255
DADOS DOS PRODUTOS;O3714:O3717;valor da celula;"=""ERRADO""";;RGB 255
DADOS DOS PRODUTOS;O3714:Q3717;valor da celula;"=""ERRADO""";;RGB 255
DADOS DOS PRODUTOS;P3720;valor da celula;"=""ERRADO""";;RGB 255
DADOS DOS PRODUTOS;P3728;valor da celula;"=""ERRADO""";;RGB 255
DADOS DOS PRODUTOS;O3721;valor da celula;"=""ERRADO""";;RGB 255
DADOS DOS PRODUTOS;O3721:P3721;valor da celula;"=""ERRADO""";;RGB 255
DADOS DOS PRODUTOS;O3721:Q3721;valor da celula;"=""ERRADO""";;RGB 255
DADOS DOS PRODUTOS;O3729;valor da celula;"=""ERRADO""";;RGB 255
DADOS DOS PRODUTOS;O3729:Q3729;valor da celula;"=""ERRADO""";;RGB 255
DADOS DOS PRODUTOS;O3730:P3730;valor da celula;"=""ERRADO""";;RGB 255
DADOS DOS PRODUTOS;P3730;valor da celula;"=""ERRADO""";;RGB 255
DADOS DOS PRODUTOS;O3730:Q3730;valor da celula;"=""ERRADO""";;RGB 255
DADOS DOS PRODUTOS;O3738:Q3739;valor da celula;"=""ERRADO""";;RGB 255
DADOS DOS PRODUTOS;O3091;valor da celula;"=""ERRADO""";;RGB 255
DADOS DOS PRODUTOS;O3753;valor da celula;"=""ERRADO""";;RGB 255
DADOS DOS PRODUTOS;O3753:P3753;valor da celula;"=""ERRADO""";;RGB 255
DADOS DOS PRODUTOS;O3753:Q3753;valor da celula;"=""ERRADO""";;RGB 255
DADOS DOS PRODUTOS;O3755:P3755;valor da celula;"=""ERRADO""";;RGB 255
DADOS DOS PRODUTOS;P3761;valor da celula;"=""ERRADO""";;RGB 255
DADOS DOS PRODUTOS;O3207:P3207;valor da celula;"=""ERRADO""";;RGB 255
DADOS DOS PRODUTOS;O3725;valor da celula;"=""ERRADO""";;RGB 255
DADOS DOS PRODUTOS;O3725:P3725;valor da celula;"=""ERRADO""";;RGB 255
DADOS DOS PRODUTOS;O3725:Q3725;valor da celula;"=""ERRADO""";;RGB 255
DADOS DOS PRODUTOS;O3758:O3760;valor da celula;"=""ERRADO""";;RGB 255
DADOS DOS PRODUTOS;O3758:Q3760;valor da celula;"=""ERRADO""";;RGB 255
DADOS DOS PRODUTOS;O2957;valor da celula;"=""ERRADO""";;RGB 255
DADOS DOS PRODUTOS;O3095;valor da celula;"=""ERRADO""";;RGB 255
DADOS DOS PRODUTOS;O3225:P3225;valor da celula;"=""ERRADO""";;RGB 255
DADOS DOS PRODUTOS;O3225;valor da celula;"=""ERRADO""";;RGB 255
DADOS DOS PRODUTOS;O3618:Q3618;valor da celula;"=""ERRADO""";;RGB 255
DADOS DOS PRODUTOS;O3657;valor da celula;"=""ERRADO""";;RGB 255
DADOS DOS PRODUTOS;P3723:Q3724;valor da celula;"=""ERRADO""";;RGB 255
DADOS DOS PRODUTOS;O3686;valor da celula;"=""ERRADO""";;RGB 255
DADOS DOS PRODUTOS;O3564:P3564;valor da celula;"=""ERRADO""";;RGB 255
DADOS DOS PRODUTOS;O3584;valor da celula;"=""ERRADO""";;RGB 255
DADOS DOS PRODUTOS;O3542:O3543;valor da celula;"=""ERRADO""";;RGB 255
DADOS DOS PRODUTOS;O3542:P3543;valor da celula;"=""ERRADO""";;RGB 255
DADOS DOS PRODUTOS;O3542:Q3543;valor da celula;"=""ERRADO""";;RGB 255
DADOS DOS PRODUTOS;O3403;valor da celula;"=""ERRADO""";;RGB 255
DADOS DOS PRODUTOS;O3403:Q3403;valor da celula;"=""ERRADO""";;RGB 255
DADOS DOS PRODUTOS;O3276:P3276;valor da celula;"=""ERRADO""";;RGB 255
DADOS DOS PRODUTOS;O3762;valor da celula;"=""ERRADO""";;RGB 255
DADOS DOS PRODUTOS;O3762:Q3762;valor da celula;"=""ERRADO""";;RGB 255
DADOS DOS PRODUTOS;P3768;valor da celula;"=""ERRADO""";;RGB 255
DADOS DOS PRODUTOS;O3768:Q3768;valor da celula;"=""ERRADO""";;RGB 255
DADOS DOS PRODUTOS;P3772;valor da celula;"=""ERRADO""";;RGB 255
DADOS DOS PRODUTOS;O3773:Q3773;valor da celula;"=""ERRADO""";;RGB 255
DADOS DOS PRODUTOS;O3785;valor da celula;"=""ERRADO""";;RGB 255
DADOS DOS PRODUTOS;O3785:Q3785;valor da celula;"=""ERRADO""";;RGB 255
DADOS DOS PRODUTOS;O3787:Q3787;valor da celula;"=""ERRADO""";;RGB 255
DADOS DOS PRODUTOS;O3793;valor da celula;"=""ERRADO""";;RGB 255
DADOS DOS PRODUTOS;O3793:Q3793;valor da celula;"=""ERRADO""";;RGB 255
DADOS DOS PRODUTOS;O3791;valor da celula;"=""ERRADO""";;RGB 255
DADOS DOS PRODUTOS;O3805:P3805;valor da celula;"=""ERRADO""";;RGB 255
DADOS DOS PRODUTOS;P3811;valor da celula;"=""ERRADO""";;RGB 255
DADOS DOS PRODUTOS;O3812;valor da celula;"=""ERRADO""";;RGB 255
DADOS DOS PRODUTOS;O3812:P3812;valor da celula;"=""ERRADO""";;RGB 255
DADOS DOS PRODUTOS;O3812:Q3812;valor da celula;"=""ERRADO""";;RGB 255
DADOS DOS PRODUTOS;O3814;valor da celula;"=""ERRADO""";;RGB 255
DADOS DOS PRODUTOS;O3814:P3814;valor da celula;"=""ERRADO""";;RGB 255
DADOS DOS PRODUTOS;O3814:Q3814;valor da celula;"=""ERRADO""";;RGB 255
DADOS DOS PRODUTOS;O3144:P3144;valor da celula;"=""ERRADO""";;RGB 255
DADOS DOS PRODUTOS;O3537:O3540;valor da celula;"=""ERRADO""";;RGB 255
DADOS DOS PRODUTOS;O3537:Q3540;valor da celula;"=""ERRADO""";;RGB 255
DADOS DOS PRODUTOS;O3552:O3553;valor da celula;"=""ERRADO""";;RGB 255
DADOS DOS PRODUTOS;O3583;valor da celula;"=""ERRADO""";;RGB 255
DADOS DOS PRODUTOS;O3614:O3617;valor da celula;"=""ERRADO""";;RGB 255
DADOS DOS PRODUTOS;O3720;valor da celula;"=""ERRADO""";;RGB 255
DADOS DOS PRODUTOS;O3730;valor da celula;"=""ERRADO""";;RGB 255
DADOS DOS PRODUTOS;O3768;valor da celula;"=""ERRADO""";;RGB 255
DADOS DOS PRODUTOS;N3863;valor da celula;"=""ERRADO""";;RGB 255
DADOS DOS PRODUTOS;O142;valor da celula;"=""ERRADO""";;RGB 255
DADOS DOS PRODUTOS;O166;valor da celula;"=""ERRADO""";;RGB 255
DADOS DOS PRODUTOS;O201:Q201,O176:Q178;valor da celula;"=""ERRADO""";;RGB 255
DADOS DOS PRODUTOS;O2580;valor da celula;"=""ERRADO""";;RGB 255
DADOS DOS PRODUTOS;O3711:O3713;valor da celula;"=""ERRADO""";;RGB 255
DADOS DOS PRODUTOS;O3807;valor da celula;"=""ERRADO""";;RGB 255
DADOS DOS PRODUTOS;O3807:P3807;valor da celula;"=""ERRADO""";;RGB 255
DADOS DOS PRODUTOS;O3807:Q3807;valor da celula;"=""ERRADO""";;RGB 255
DADOS DOS PRODUTOS;P3896;valor da celula;"=""ERRADO""";;RGB 255
DADOS DOS PRODUTOS;O3898;valor da celula;"=""ERRADO""";;RGB 255
DADOS DOS PRODUTOS;O3898:P3898;valor da celula;"=""ERRADO""";;RGB 255
DADOS DOS PRODUTOS;O3898:Q3898;valor da celula;"=""ERRADO""";;RGB 255
DADOS DOS PRODUTOS;O3628;valor da celula;"=""ERRADO""";;RGB 255
DADOS DOS PRODUTOS;O3630;valor da celula;"=""ERRADO""";;RGB 255
DADOS DOS PRODUTOS;O3630:Q3630;valor da celula;"=""ERRADO""";;RGB 255
DADOS DOS PRODUTOS;O3630:P3630;valor da celula;"=""ERRADO""";;RGB 255
DADOS DOS PRODUTOS;O3723:O3724;valor da celula;"=""ERRADO""";;RGB 255
DADOS DOS PRODUTOS;O3756:O3757;valor da celula;"=""ERRADO""";;RGB 255
DADOS DOS PRODUTOS;O3895:Q3895;valor da celula;"=""ERRADO""";;RGB 255
DADOS DOS PRODUTOS;O3895;valor da celula;"=""ERRADO""";;RGB 255
CONSUMO;A3:A17;texto especifico;;;RGB 255
CONSUMO;A3:A32;texto especifico;;;RGB 255
CORES USADAS;B1:C200;texto especifico;;;RGB 255
CORES USADAS;J1:K200;texto especifico;;;RGB 255
CORES USADAS;R1:S200;texto especifico;;;RGB 255
CORES USADAS;V1:W200;texto especifico;;;RGB 255
CORES USADAS;F1:G300;texto especifico;;;RGB 255
CORES USADAS;N1:O60,N62:O200,N61;texto especifico;;;RGB 255