Kiang voltas;Poliester Metros;Tempo/minuto;2;3;4;5;6;7;8;9;10;11;12
50;48.3;53.6666666666667;26.8333333333333;17.8888888888889;13.4166666666667;10.7333333333333;8.94444444444444;7.66666666666667;6.70833333333333;5.96296296296296;5.36666666666667;4.87878787878788;4.47222222222222
100;96.6;107.333333333333;53.6666666666667;35.7777777777778;26.8333333333333;21.4666666666667;17.8888888888889;15.3333333333333;13.4166666666667;11.9259259259259;10.7333333333333;9.75757575757576;8.94444444444444
150;144.9;161;80.5;53.6666666666667;40.25;32.2;26.8333333333333;23;20.125;17.8888888888889;16.1;14.6363636363636;13.4166666666667
200;193.2;214.666666666667;107.333333333333;71.5555555555556;53.6666666666667;42.9333333333333;35.7777777777778;30.6666666666667;26.8333333333333;23.8518518518519;21.4666666666667;19.5151515151515;17.8888888888889
250;241.5;268.333333333333;134.166666666667;89.4444444444444;67.0833333333333;53.6666666666667;44.7222222222222;38.3333333333333;33.5416666666667;29.8148148148148;26.8333333333333;24.3939393939394;22.3611111111111
300;289.8;322;161;107.333333333333;80.5;64.4;53.6666666666667;46;40.25;35.7777777777778;32.2;29.2727272727273;26.8333333333333
350;338.1;375.666666666667;187.833333333333;125.222222222222;93.9166666666667;75.1333333333333;62.6111111111111;53.6666666666667;46.9583333333333;41.7407407407407;37.5666666666667;34.1515151515151;31.3055555555556
400;386.4;429.333333333333;214.666666666667;143.111111111111;107.333333333333;85.8666666666667;71.5555555555556;61.3333333333333;53.6666666666667;47.7037037037037;42.9333333333333;39.030303030303;35.7777777777778
450;434.7;483;241.5;161;120.75;96.6;80.5;69;60.375;53.6666666666667;48.3;43.9090909090909;40.25
500;483;536.666666666667;268.333333333333;178.888888888889;134.166666666667;107.333333333333;89.4444444444444;76.6666666666667;67.0833333333333;59.6296296296296;53.6666666666667;48.7878787878788;44.7222222222222
550;531.3;590.333333333333;295.166666666667;196.777777777778;147.583333333333;118.066666666667;98.3888888888889;84.3333333333333;73.7916666666667;65.5925925925926;59.0333333333333;53.6666666666667;49.1944444444444
600;579.6;644;322;214.666666666667;161;128.8;107.333333333333;92;80.5;71.5555555555556;64.4;58.5454545454545;53.6666666666667
650;627.9;697.666666666667;348.833333333333;232.555555555556;174.416666666667;139.533333333333;116.277777777778;99.6666666666667;87.2083333333333;77.5185185185185;69.7666666666667;63.4242424242424;58.1388888888889
700;676.2;751.333333333333;375.666666666667;250.444444444444;187.833333333333;150.266666666667;125.222222222222;107.333333333333;93.9166666666667;83.4814814814815;75.1333333333333;68.3030303030303;62.6111111111111
750;724.5;805;402.5;268.333333333333;201.25;161;134.166666666667;115;100.625;89.4444444444444;80.5;73.1818181818182;67.0833333333333
800;772.8;858.666666666667;429.333333333333;286.222222222222;214.666666666667;171.733333333333;143.111111111111;122.666666666667;107.333333333333;95.4074074074074;85.8666666666667;78.0606060606061;71.5555555555556
850;821.1;912.333333333333;456.166666666667;304.111111111111;228.083333333333;182.466666666667;152.055555555556;130.333333333333;114.041666666667;101.37037037037;91.2333333333333;82.9393939393939;76.0277777777778
900;869.4;966;483;322;241.5;193.2;161;138;120.75;107.333333333333;96.6;87.8181818181818;80.5
950;917.7;1019.66666666667;509.833333333333;339.888888888889;254.916666666667;203.933333333333;169.944444444444;145.666666666667;127.458333333333;113.296296296296;101.966666666667;92.6969696969697;84.9722222222222
1000;966;1073.33333333333;536.666666666667;357.777777777778;268.333333333333;214.666666666667;178.888888888889;153.333333333333;134.166666666667;119.259259259259;107.333333333333;97.5757575757576;89.4444444444444
1050;1014.3;1127;563.5;375.666666666667;281.75;225.4;187.833333333333;161;140.875;125.222222222222;112.7;102.454545454545;93.9166666666667
1100;1062.6;1180.66666666667;590.333333333333;393.555555555555;295.166666666667;236.133333333333;196.777777777778;168.666666666667;147.583333333333;131.185185185185;118.066666666667;107.333333333333;98.3888888888889
1150;1110.9;1234.33333333333;617.166666666667;411.444444444444;308.583333333333;246.866666666667;205.722222222222;176.333333333333;154.291666666667;137.148148148148;123.433333333333;112.212121212121;102.861111111111
1200;1159.2;1288;644;429.333333333333;322;257.6;214.666666666667;184;161;143.111111111111;128.8;117.090909090909;107.333333333333
1250;1207.5;1341.66666666667;670.833333333333;447.222222222222;335.416666666667;268.333333333333;223.611111111111;191.666666666667;167.708333333333;149.074074074074;134.166666666667;121.969696969697;111.805555555556
1300;1255.8;1395.33333333333;697.666666666667;465.111111111111;348.833333333333;279.066666666667;232.555555555556;199.333333333333;174.416666666667;155.037037037037;139.533333333333;126.848484848485;116.277777777778
1350;1304.1;1449;724.5;483;362.25;289.8;241.5;207;181.125;161;144.9;131.727272727273;120.75
1400;1352.4;1502.66666666667;751.333333333333;500.888888888889;375.666666666667;300.533333333333;250.444444444444;214.666666666667;187.833333333333;166.962962962963;150.266666666667;136.606060606061;125.222222222222
1450;1400.7;1556.33333333333;778.166666666667;518.777777777778;389.083333333333;311.266666666667;259.388888888889;222.333333333333;194.541666666667;172.925925925926;155.633333333333;141.484848484848;129.694444444444
1500;1449;1610;805;536.666666666667;402.5;322;268.333333333333;230;201.25;178.888888888889;161;146.363636363636;134.166666666667
1550;1497.3;1663.66666666667;831.833333333333;554.555555555556;415.916666666667;332.733333333333;277.277777777778;237.666666666667;207.958333333333;184.851851851852;166.366666666667;151.242424242424;138.638888888889
1600;1545.6;1717.33333333333;858.666666666667;572.444444444444;429.333333333333;343.466666666667;286.222222222222;245.333333333333;214.666666666667;190.814814814815;171.733333333333;156.121212121212;143.111111111111
1650;1593.9;1771;885.5;590.333333333333;442.75;354.2;295.166666666667;253;221.375;196.777777777778;177.1;161;147.583333333333
1700;1642.2;1824.66666666667;912.333333333333;608.222222222222;456.166666666667;364.933333333333;304.111111111111;260.666666666667;228.083333333333;202.740740740741;182.466666666667;165.878787878788;152.055555555556
1750;1690.5;1878.33333333333;939.166666666667;626.111111111111;469.583333333333;375.666666666667;313.055555555556;268.333333333333;234.791666666667;208.703703703704;187.833333333333;170.757575757576;156.527777777778
1800;1738.8;1932;966;644;483;386.4;322;276;241.5;214.666666666667;193.2;175.636363636364;161
1850;1787.1;1985.66666666667;992.833333333333;661.888888888889;496.416666666667;397.133333333333;330.944444444444;283.666666666667;248.208333333333;220.62962962963;198.566666666667;180.515151515152;165.472222222222
1900;1835.4;2039.33333333333;1019.66666666667;679.777777777778;509.833333333333;407.866666666667;339.888888888889;291.333333333333;254.916666666667;226.592592592593;203.933333333333;185.393939393939;169.944444444444
1950;1883.7;2093;1046.5;697.666666666667;523.25;418.6;348.833333333333;299;261.625;232.555555555556;209.3;190.272727272727;174.416666666667
2000;1932;2146.66666666667;1073.33333333333;715.555555555556;536.666666666667;429.333333333333;357.777777777778;306.666666666667;268.333333333333;238.518518518519;214.666666666667;195.151515151515;178.888888888889
2050;1980.3;2200.33333333333;1100.16666666667;733.444444444444;550.083333333333;440.066666666667;366.722222222222;314.333333333333;275.041666666667;244.481481481481;220.033333333333;200.030303030303;183.361111111111
2100;2028.6;2254;1127;751.333333333333;563.5;450.8;375.666666666667;322;281.75;250.444444444444;225.4;204.909090909091;187.833333333333
2150;2076.9;2307.66666666667;1153.83333333333;769.222222222222;576.916666666667;461.533333333333;384.611111111111;329.666666666667;288.458333333333;256.407407407407;230.766666666667;209.787878787879;192.305555555556
2200;2125.2;2361.33333333333;1180.66666666667;787.111111111111;590.333333333333;472.266666666667;393.555555555555;337.333333333333;295.166666666667;262.37037037037;236.133333333333;214.666666666667;196.777777777778
2250;2173.5;2415;1207.5;805;603.75;483;402.5;345;301.875;268.333333333333;241.5;219.545454545455;201.25
2300;2221.8;2468.66666666667;1234.33333333333;822.888888888889;617.166666666667;493.733333333333;411.444444444444;352.666666666667;308.583333333333;274.296296296296;246.866666666667;224.424242424242;205.722222222222
2350;2270.1;2522.33333333333;1261.16666666667;840.777777777778;630.583333333333;504.466666666667;420.388888888889;360.333333333333;315.291666666667;280.259259259259;252.233333333333;229.30303030303;210.194444444444
2400;2318.4;2576;1288;858.666666666667;644;515.2;429.333333333333;368;322;286.222222222222;257.6;234.181818181818;214.666666666667
2450;2366.7;2629.66666666667;1314.83333333333;876.555555555556;657.416666666667;525.933333333333;438.277777777778;375.666666666667;328.708333333333;292.185185185185;262.966666666667;239.060606060606;219.138888888889
2500;2415;2683.33333333333;1341.66666666667;894.444444444444;670.833333333333;536.666666666667;447.222222222222;383.333333333333;335.416666666667;298.148148148148;268.333333333333;243.939393939394;223.611111111111
2550;2463.3;2737;1368.5;912.333333333333;684.25;547.4;456.166666666667;391;342.125;304.111111111111;273.7;248.818181818182;228.083333333333
2600;2511.6;2790.66666666667;1395.33333333333;930.222222222222;697.666666666667;558.133333333333;465.111111111111;398.666666666667;348.833333333333;310.074074074074;279.066666666667;253.69696969697;232.555555555556
2650;2559.9;2844.33333333333;1422.16666666667;948.111111111111;711.083333333333;568.866666666667;474.055555555556;406.333333333333;355.541666666667;316.037037037037;284.433333333333;258.575757575758;237.027777777778
2700;2608.2;2898;1449;966;724.5;579.6;483;414;362.25;322;289.8;263.454545454545;241.5
2750;2656.5;2951.66666666667;1475.83333333333;983.888888888889;737.916666666667;590.333333333333;491.944444444444;421.666666666667;368.958333333333;327.962962962963;295.166666666667;268.333333333333;245.972222222222
2800;2704.8;3005.33333333333;1502.66666666667;1001.77777777778;751.333333333333;601.066666666667;500.888888888889;429.333333333333;375.666666666667;333.925925925926;300.533333333333;273.212121212121;250.444444444444
2850;2753.1;3059;1529.5;1019.66666666667;764.75;611.8;509.833333333333;437;382.375;339.888888888889;305.9;278.090909090909;254.916666666667
2900;2801.4;3112.66666666667;1556.33333333333;1037.55555555556;778.166666666667;622.533333333333;518.777777777778;444.666666666667;389.083333333333;345.851851851852;311.266666666667;282.969696969697;259.388888888889
2950;2849.7;3166.33333333333;1583.16666666667;1055.44444444444;791.583333333333;633.266666666667;527.722222222222;452.333333333333;395.791666666667;351.814814814815;316.633333333333;287.848484848485;263.861111111111