#ERRO;#ERRO;#ERRO;#ERRO;#ERRO;#ERRO;#ERRO;#ERRO;#ERRO;#ERRO;#ERRO;#ERRO;#ERRO;#ERRO;#ERRO;#ERRO;#ERRO;#ERRO;#ERRO;#ERRO;#ERRO;#ERRO;#ERRO;#ERRO;#ERRO;#ERRO;#ERRO;#ERRO;#ERRO;#ERRO
#ERRO;#ERRO;#ERRO;#ERRO;#ERRO;#ERRO;#ERRO;#ERRO;#ERRO;#ERRO;#ERRO;#ERRO;#ERRO;#ERRO;#ERRO;#ERRO;#ERRO;#ERRO;#ERRO;#ERRO;#ERRO;#ERRO;#ERRO;#ERRO;#ERRO;#ERRO;#ERRO;#ERRO;#ERRO;#ERRO
#ERRO;#ERRO;#ERRO;#ERRO;#ERRO;#ERRO;#ERRO;#ERRO;#ERRO;#ERRO;#ERRO;#ERRO;#ERRO;#ERRO;#ERRO;#ERRO;#ERRO;#ERRO;#ERRO;#ERRO;#ERRO;#ERRO;#ERRO;#ERRO;#ERRO;#ERRO;#ERRO;#ERRO;#ERRO;#ERRO
#ERRO;#ERRO;#ERRO;#ERRO;#ERRO;#ERRO;#ERRO;#ERRO;#ERRO;#ERRO;#ERRO;#ERRO;#ERRO;#ERRO;#ERRO;#ERRO;#ERRO;#ERRO;#ERRO;#ERRO;#ERRO;#ERRO;#ERRO;#ERRO;#ERRO;#ERRO;#ERRO;#ERRO;#ERRO;#ERRO
#ERRO;#ERRO;#ERRO;#ERRO;#ERRO;#ERRO;#ERRO;#ERRO;#ERRO;#ERRO;#ERRO;#ERRO;#ERRO;#ERRO;#ERRO;#ERRO;#ERRO;#ERRO;#ERRO;#ERRO;#ERRO;#ERRO;#ERRO;#ERRO;#ERRO;#ERRO;#ERRO;#ERRO;#ERRO;#ERRO
#ERRO;#ERRO;#ERRO;#ERRO;#ERRO;#ERRO;#ERRO;#ERRO;#ERRO;#ERRO;#ERRO;#ERRO;#ERRO;#ERRO;#ERRO;#ERRO;#ERRO;#ERRO;#ERRO;#ERRO;#ERRO;#ERRO;#ERRO;#ERRO;#ERRO;#ERRO;#ERRO;#ERRO;#ERRO;#ERRO
#ERRO;#ERRO;#ERRO;#ERRO;#ERRO;#ERRO;#ERRO;#ERRO;#ERRO;#ERRO;#ERRO;#ERRO;#ERRO;#ERRO;#ERRO;#ERRO;#ERRO;#ERRO;#ERRO;#ERRO;#ERRO;#ERRO;#ERRO;#ERRO;#ERRO;#ERRO;#ERRO;#ERRO;#ERRO;#ERRO
#ERRO;#ERRO;#ERRO;#ERRO;#ERRO;#ERRO;#ERRO;#ERRO;#ERRO;#ERRO;#ERRO;#ERRO;#ERRO;#ERRO;#ERRO;#ERRO;#ERRO;#ERRO;#ERRO;#ERRO;#ERRO;#ERRO;#ERRO;#ERRO;#ERRO;#ERRO;#ERRO;#ERRO;#ERRO;#ERRO
#ERRO;#ERRO;#ERRO;#ERRO;#ERRO;#ERRO;#ERRO;#ERRO;#ERRO;#ERRO;#ERRO;#ERRO;#ERRO;#ERRO;#ERRO;#ERRO;#ERRO;#ERRO;#ERRO;#ERRO;#ERRO;#ERRO;#ERRO;#ERRO;#ERRO;#ERRO;#ERRO;#ERRO;#ERRO;#ERRO
#ERRO;#ERRO;#ERRO;#ERRO;#ERRO;#ERRO;#ERRO;#ERRO;#ERRO;#ERRO;#ERRO;#ERRO;#ERRO;#ERRO;#ERRO;#ERRO;#ERRO;#ERRO;#ERRO;#ERRO;#ERRO;#ERRO;#ERRO;#ERRO;#ERRO;#ERRO;#ERRO;#ERRO;#ERRO;#ERRO
#ERRO;#ERRO;#ERRO;#ERRO;#ERRO;#ERRO;#ERRO;#ERRO;#ERRO;#ERRO;#ERRO;#ERRO;#ERRO;#ERRO;#ERRO;#ERRO;#ERRO;#ERRO;#ERRO;#ERRO;#ERRO;#ERRO;#ERRO;#ERRO;#ERRO;#ERRO;#ERRO;#ERRO;#ERRO;#ERRO
#ERRO;#ERRO;#ERRO;#ERRO;#ERRO;#ERRO;#ERRO;#ERRO;#ERRO;#ERRO;#ERRO;#ERRO;#ERRO;#ERRO;#ERRO;#ERRO;#ERRO;#ERRO;#ERRO;#ERRO;#ERRO;#ERRO;#ERRO;#ERRO;#ERRO;#ERRO;#ERRO;#ERRO;#ERRO;#ERRO
#ERRO;#ERRO;#ERRO;#ERRO;#ERRO;#ERRO;#ERRO;#ERRO;#ERRO;#ERRO;#ERRO;#ERRO;#ERRO;#ERRO;#ERRO;#ERRO;#ERRO;#ERRO;#ERRO;#ERRO;#ERRO;#ERRO;#ERRO;#ERRO;#ERRO;#ERRO;#ERRO;#ERRO;#ERRO;#ERRO
#ERRO;#ERRO;#ERRO;#ERRO;#ERRO;#ERRO;#ERRO;#ERRO;#ERRO;#ERRO;#ERRO;#ERRO;#ERRO;#ERRO;#ERRO;#ERRO;#ERRO;#ERRO;#ERRO;#ERRO;#ERRO;#ERRO;#ERRO;#ERRO;#ERRO;#ERRO;#ERRO;#ERRO;#ERRO;#ERRO
#ERRO;#ERRO;#ERRO;#ERRO;#ERRO;#ERRO;#ERRO;#ERRO;#ERRO;#ERRO;#ERRO;#ERRO;#ERRO;#ERRO;#ERRO;#ERRO;#ERRO;#ERRO;#ERRO;#ERRO;#ERRO;#ERRO;#ERRO;#ERRO;#ERRO;#ERRO;#ERRO;#ERRO;#ERRO;#ERRO
#ERRO;#ERRO;#ERRO;#ERRO;#ERRO;#ERRO;#ERRO;#ERRO;#ERRO;#ERRO;#ERRO;#ERRO;#ERRO;#ERRO;#ERRO;#ERRO;#ERRO;#ERRO;#ERRO;#ERRO;#ERRO;#ERRO;#ERRO;#ERRO;#ERRO;#ERRO;#ERRO;#ERRO;#ERRO;#ERRO
#ERRO;#ERRO;#ERRO;#ERRO;#ERRO;#ERRO;#ERRO;#ERRO;#ERRO;#ERRO;#ERRO;#ERRO;#ERRO;#ERRO;#ERRO;#ERRO;#ERRO;#ERRO;#ERRO;#ERRO;#ERRO;#ERRO;#ERRO;#ERRO;#ERRO;#ERRO;#ERRO;#ERRO;#ERRO;#ERRO
#ERRO;#ERRO;#ERRO;#ERRO;#ERRO;#ERRO;#ERRO;#ERRO;#ERRO;#ERRO;#ERRO;#ERRO;#ERRO;#ERRO;#ERRO;#ERRO;#ERRO;#ERRO;#ERRO;#ERRO;#ERRO;#ERRO;#ERRO;#ERRO;#ERRO;#ERRO;#ERRO;#ERRO;#ERRO;#ERRO
#ERRO;#ERRO;#ERRO;#ERRO;#ERRO;#ERRO;#ERRO;#ERRO;#ERRO;#ERRO;#ERRO;#ERRO;#ERRO;#ERRO;#ERRO;#ERRO;#ERRO;#ERRO;#ERRO;#ERRO;#ERRO;#ERRO;#ERRO;#ERRO;#ERRO;#ERRO;#ERRO;#ERRO;#ERRO;#ERRO
#ERRO;#ERRO;#ERRO;#ERRO;#ERRO;#ERRO;#ERRO;#ERRO;#ERRO;#ERRO;#ERRO;#ERRO;#ERRO;#ERRO;#ERRO;#ERRO;#ERRO;#ERRO;#ERRO;#ERRO;#ERRO;#ERRO;#ERRO;#ERRO;#ERRO;#ERRO;#ERRO;#ERRO;#ERRO;#ERRO
#ERRO;#ERRO;#ERRO;#ERRO;#ERRO;#ERRO;#ERRO;#ERRO;#ERRO;#ERRO;#ERRO;#ERRO;#ERRO;#ERRO;#ERRO;#ERRO;#ERRO;#ERRO;#ERRO;#ERRO;#ERRO;#ERRO;#ERRO;#ERRO;#ERRO;#ERRO;#ERRO;#ERRO;#ERRO;#ERRO
#ERRO;#ERRO;#ERRO;#ERRO;#ERRO;#ERRO;#ERRO;#ERRO;#ERRO;#ERRO;#ERRO;#ERRO;#ERRO;#ERRO;#ERRO;#ERRO;#ERRO;#ERRO;#ERRO;#ERRO;#ERRO;#ERRO;#ERRO;#ERRO;#ERRO;#ERRO;#ERRO;#ERRO;#ERRO;#ERRO
#ERRO;#ERRO;#ERRO;#ERRO;#ERRO;#ERRO;#ERRO;#ERRO;#ERRO;#ERRO;#ERRO;#ERRO;#ERRO;#ERRO;#ERRO;#ERRO;#ERRO;#ERRO;#ERRO;#ERRO;#ERRO;#ERRO;#ERRO;#ERRO;#ERRO;#ERRO;#ERRO;#ERRO;#ERRO;#ERRO
#ERRO;#ERRO;#ERRO;#ERRO;#ERRO;#ERRO;#ERRO;#ERRO;#ERRO;#ERRO;#ERRO;#ERRO;#ERRO;#ERRO;#ERRO;#ERRO;#ERRO;#ERRO;#ERRO;#ERRO;#ERRO;#ERRO;#ERRO;#ERRO;#ERRO;#ERRO;#ERRO;#ERRO;#ERRO;#ERRO
#ERRO;#ERRO;#ERRO;#ERRO;#ERRO;#ERRO;#ERRO;#ERRO;#ERRO;#ERRO;#ERRO;#ERRO;#ERRO;#ERRO;#ERRO;#ERRO;#ERRO;#ERRO;#ERRO;#ERRO;#ERRO;#ERRO;#ERRO;#ERRO;#ERRO;#ERRO;#ERRO;#ERRO;#ERRO;#ERRO
#ERRO;#ERRO;#ERRO;#ERRO;#ERRO;#ERRO;#ERRO;#ERRO;#ERRO;#ERRO;#ERRO;#ERRO;#ERRO;#ERRO;#ERRO;#ERRO;#ERRO;#ERRO;#ERRO;#ERRO;#ERRO;#ERRO;#ERRO;#ERRO;#ERRO;#ERRO;#ERRO;#ERRO;#ERRO;#ERRO
#ERRO;#ERRO;#ERRO;#ERRO;#ERRO;#ERRO;#ERRO;#ERRO;#ERRO;#ERRO;#ERRO;#ERRO;#ERRO;#ERRO;#ERRO;#ERRO;#ERRO;#ERRO;#ERRO;#ERRO;#ERRO;#ERRO;#ERRO;#ERRO;#ERRO;#ERRO;#ERRO;#ERRO;#ERRO;#ERRO
#ERRO;#ERRO;#ERRO;#ERRO;#ERRO;#ERRO;#ERRO;#ERRO;#ERRO;#ERRO;#ERRO;#ERRO;#ERRO;#ERRO;#ERRO;#ERRO;#ERRO;#ERRO;#ERRO;#ERRO;#ERRO;#ERRO;#ERRO;#ERRO;#ERRO;#ERRO;#ERRO;#ERRO;#ERRO;#ERRO
#ERRO;#ERRO;#ERRO;#ERRO;#ERRO;#ERRO;#ERRO;#ERRO;#ERRO;#ERRO;#ERRO;#ERRO;#ERRO;#ERRO;#ERRO;#ERRO;#ERRO;#ERRO;#ERRO;#ERRO;#ERRO;#ERRO;#ERRO;#ERRO;#ERRO;#ERRO;#ERRO;#ERRO;#ERRO;#ERRO
#ERRO;#ERRO;#ERRO;#ERRO;#ERRO;#ERRO;#ERRO;#ERRO;#ERRO;#ERRO;#ERRO;#ERRO;#ERRO;#ERRO;#ERRO;#ERRO;#ERRO;#ERRO;#ERRO;#ERRO;#ERRO;#ERRO;#ERRO;#ERRO;#ERRO;#ERRO;#ERRO;#ERRO;#ERRO;#ERRO
#ERRO;#ERRO;#ERRO;#ERRO;#ERRO;#ERRO;#ERRO;#ERRO;#ERRO;#ERRO;#ERRO;#ERRO;#ERRO;#ERRO;#ERRO;#ERRO;#ERRO;#ERRO;#ERRO;#ERRO;#ERRO;#ERRO;#ERRO;#ERRO;#ERRO;#ERRO;#ERRO;#ERRO;#ERRO;#ERRO
#ERRO;#ERRO;#ERRO;#ERRO;#ERRO;#ERRO;#ERRO;#ERRO;#ERRO;#ERRO;#ERRO;#ERRO;#ERRO;#ERRO;#ERRO;#ERRO;#ERRO;#ERRO;#ERRO;#ERRO;#ERRO;#ERRO;#ERRO;#ERRO;#ERRO;#ERRO;#ERRO;#ERRO;#ERRO;#ERRO
#ERRO;#ERRO;#ERRO;#ERRO;#ERRO;#ERRO;#ERRO;#ERRO;#ERRO;#ERRO;#ERRO;#ERRO;#ERRO;#ERRO;#ERRO;#ERRO;#ERRO;#ERRO;#ERRO;#ERRO;#ERRO;#ERRO;#ERRO;#ERRO;#ERRO;#ERRO;#ERRO;#ERRO;#ERRO;#ERRO
#ERRO;#ERRO;#ERRO;#ERRO;#ERRO;#ERRO;#ERRO;#ERRO;#ERRO;#ERRO;#ERRO;#ERRO;#ERRO;#ERRO;#ERRO;#ERRO;#ERRO;#ERRO;#ERRO;#ERRO;#ERRO;#ERRO;#ERRO;#ERRO;#ERRO;#ERRO;#ERRO;#ERRO;#ERRO;#ERRO
#ERRO;#ERRO;#ERRO;#ERRO;#ERRO;#ERRO;#ERRO;#ERRO;#ERRO;#ERRO;#ERRO;#ERRO;#ERRO;#ERRO;#ERRO;#ERRO;#ERRO;#ERRO;#ERRO;#ERRO;#ERRO;#ERRO;#ERRO;#ERRO;#ERRO;#ERRO;#ERRO;#ERRO;#ERRO;#ERRO
#ERRO;#ERRO;#ERRO;#ERRO;#ERRO;#ERRO;#ERRO;#ERRO;#ERRO;#ERRO;#ERRO;#ERRO;#ERRO;#ERRO;#ERRO;#ERRO;#ERRO;#ERRO;#ERRO;#ERRO;#ERRO;#ERRO;#ERRO;#ERRO;#ERRO;#ERRO;#ERRO;#ERRO;#ERRO;#ERRO
#ERRO;#ERRO;#ERRO;#ERRO;#ERRO;#ERRO;#ERRO;#ERRO;#ERRO;#ERRO;#ERRO;#ERRO;#ERRO;#ERRO;#ERRO;#ERRO;#ERRO;#ERRO;#ERRO;#ERRO;#ERRO;#ERRO;#ERRO;#ERRO;#ERRO;#ERRO;#ERRO;#ERRO;#ERRO;#ERRO
#ERRO;#ERRO;#ERRO;#ERRO;#ERRO;#ERRO;#ERRO;#ERRO;#ERRO;#ERRO;#ERRO;#ERRO;#ERRO;#ERRO;#ERRO;#ERRO;#ERRO;#ERRO;#ERRO;#ERRO;#ERRO;#ERRO;#ERRO;#ERRO;#ERRO;#ERRO;#ERRO;#ERRO;#ERRO;#ERRO
#ERRO;#ERRO;#ERRO;#ERRO;#ERRO;#ERRO;#ERRO;#ERRO;#ERRO;#ERRO;#ERRO;#ERRO;#ERRO;#ERRO;#ERRO;#ERRO;#ERRO;#ERRO;#ERRO;#ERRO;#ERRO;#ERRO;#ERRO;#ERRO;#ERRO;#ERRO;#ERRO;#ERRO;#ERRO;#ERRO
#ERRO;#ERRO;#ERRO;#ERRO;#ERRO;#ERRO;#ERRO;#ERRO;#ERRO;#ERRO;#ERRO;#ERRO;#ERRO;#ERRO;#ERRO;#ERRO;#ERRO;#ERRO;#ERRO;#ERRO;#ERRO;#ERRO;#ERRO;#ERRO;#ERRO;#ERRO;#ERRO;#ERRO;#ERRO;#ERRO
#ERRO;#ERRO;#ERRO;#ERRO;#ERRO;#ERRO;#ERRO;#ERRO;#ERRO;#ERRO;#ERRO;#ERRO;#ERRO;#ERRO;#ERRO;#ERRO;#ERRO;#ERRO;#ERRO;#ERRO;#ERRO;#ERRO;#ERRO;#ERRO;#ERRO;#ERRO;#ERRO;#ERRO;#ERRO;#ERRO
#ERRO;#ERRO;#ERRO;#ERRO;#ERRO;#ERRO;#ERRO;#ERRO;#ERRO;#ERRO;#ERRO;#ERRO;#ERRO;#ERRO;#ERRO;#ERRO;#ERRO;#ERRO;#ERRO;#ERRO;#ERRO;#ERRO;#ERRO;#ERRO;#ERRO;#ERRO;#ERRO;#ERRO;#ERRO;#ERRO
#ERRO;#ERRO;#ERRO;#ERRO;#ERRO;#ERRO;#ERRO;#ERRO;#ERRO;#ERRO;#ERRO;#ERRO;#ERRO;#ERRO;#ERRO;#ERRO;#ERRO;#ERRO;#ERRO;#ERRO;#ERRO;#ERRO;#ERRO;#ERRO;#ERRO;#ERRO;#ERRO;#ERRO;#ERRO;#ERRO
#ERRO;#ERRO;#ERRO;#ERRO;#ERRO;#ERRO;#ERRO;#ERRO;#ERRO;#ERRO;#ERRO;#ERRO;#ERRO;#ERRO;#ERRO;#ERRO;#ERRO;#ERRO;#ERRO;#ERRO;#ERRO;#ERRO;#ERRO;#ERRO;#ERRO;#ERRO;#ERRO;#ERRO;#ERRO;#ERRO
#ERRO;#ERRO;#ERRO;#ERRO;#ERRO;#ERRO;#ERRO;#ERRO;#ERRO;#ERRO;#ERRO;#ERRO;#ERRO;#ERRO;#ERRO;#ERRO;#ERRO;#ERRO;#ERRO;#ERRO;#ERRO;#ERRO;#ERRO;#ERRO;#ERRO;#ERRO;#ERRO;#ERRO;#ERRO;#ERRO
#ERRO;#ERRO;#ERRO;#ERRO;#ERRO;#ERRO;#ERRO;#ERRO;#ERRO;#ERRO;#ERRO;#ERRO;#ERRO;#ERRO;#ERRO;#ERRO;#ERRO;#ERRO;#ERRO;#ERRO;#ERRO;#ERRO;#ERRO;#ERRO;#ERRO;#ERRO;#ERRO;#ERRO;#ERRO;#ERRO
#ERRO;#ERRO;#ERRO;#ERRO;#ERRO;#ERRO;#ERRO;#ERRO;#ERRO;#ERRO;#ERRO;#ERRO;#ERRO;#ERRO;#ERRO;#ERRO;#ERRO;#ERRO;#ERRO;#ERRO;#ERRO;#ERRO;#ERRO;#ERRO;#ERRO;#ERRO;#ERRO;#ERRO;#ERRO;#ERRO
#ERRO;#ERRO;#ERRO;#ERRO;#ERRO;#ERRO;#ERRO;#ERRO;#ERRO;#ERRO;#ERRO;#ERRO;#ERRO;#ERRO;#ERRO;#ERRO;#ERRO;#ERRO;#ERRO;#ERRO;#ERRO;#ERRO;#ERRO;#ERRO;#ERRO;#ERRO;#ERRO;#ERRO;#ERRO;#ERRO
#ERRO;#ERRO;#ERRO;#ERRO;#ERRO;#ERRO;#ERRO;#ERRO;#ERRO;#ERRO;#ERRO;#ERRO;#ERRO;#ERRO;#ERRO;#ERRO;#ERRO;#ERRO;#ERRO;#ERRO;#ERRO;#ERRO;#ERRO;#ERRO;#ERRO;#ERRO;#ERRO;#ERRO;#ERRO;#ERRO
#ERRO;#ERRO;#ERRO;#ERRO;#ERRO;#ERRO;#ERRO;#ERRO;#ERRO;#ERRO;#ERRO;#ERRO;#ERRO;#ERRO;#ERRO;#ERRO;#ERRO;#ERRO;#ERRO;#ERRO;#ERRO;#ERRO;#ERRO;#ERRO;#ERRO;#ERRO;#ERRO;#ERRO;#ERRO;#ERRO
#ERRO;#ERRO;#ERRO;#ERRO;#ERRO;#ERRO;#ERRO;#ERRO;#ERRO;#ERRO;#ERRO;#ERRO;#ERRO;#ERRO;#ERRO;#ERRO;#ERRO;#ERRO;#ERRO;#ERRO;#ERRO;#ERRO;#ERRO;#ERRO;#ERRO;#ERRO;#ERRO;#ERRO;#ERRO;#ERRO
#ERRO;#ERRO;#ERRO;#ERRO;#ERRO;#ERRO;#ERRO;#ERRO;#ERRO;#ERRO;#ERRO;#ERRO;#ERRO;#ERRO;#ERRO;#ERRO;#ERRO;#ERRO;#ERRO;#ERRO;#ERRO;#ERRO;#ERRO;#ERRO;#ERRO;#ERRO;#ERRO;#ERRO;#ERRO;#ERRO
#ERRO;#ERRO;#ERRO;#ERRO;#ERRO;#ERRO;#ERRO;#ERRO;#ERRO;#ERRO;#ERRO;#ERRO;#ERRO;#ERRO;#ERRO;#ERRO;#ERRO;#ERRO;#ERRO;#ERRO;#ERRO;#ERRO;#ERRO;#ERRO;#ERRO;#ERRO;#ERRO;#ERRO;#ERRO;#ERRO
#ERRO;#ERRO;#ERRO;#ERRO;#ERRO;#ERRO;#ERRO;#ERRO;#ERRO;#ERRO;#ERRO;#ERRO;#ERRO;#ERRO;#ERRO;#ERRO;#ERRO;#ERRO;#ERRO;#ERRO;#ERRO;#ERRO;#ERRO;#ERRO;#ERRO;#ERRO;#ERRO;#ERRO;#ERRO;#ERRO
#ERRO;#ERRO;#ERRO;#ERRO;#ERRO;#ERRO;#ERRO;#ERRO;#ERRO;#ERRO;#ERRO;#ERRO;#ERRO;#ERRO;#ERRO;#ERRO;#ERRO;#ERRO;#ERRO;#ERRO;#ERRO;#ERRO;#ERRO;#ERRO;#ERRO;#ERRO;#ERRO;#ERRO;#ERRO;#ERRO
#ERRO;#ERRO;#ERRO;#ERRO;#ERRO;#ERRO;#ERRO;#ERRO;#ERRO;#ERRO;#ERRO;#ERRO;#ERRO;#ERRO;#ERRO;#ERRO;#ERRO;#ERRO;#ERRO;#ERRO;#ERRO;#ERRO;#ERRO;#ERRO;#ERRO;#ERRO;#ERRO;#ERRO;#ERRO;#ERRO
#ERRO;#ERRO;#ERRO;#ERRO;#ERRO;#ERRO;#ERRO;#ERRO;#ERRO;#ERRO;#ERRO;#ERRO;#ERRO;#ERRO;#ERRO;#ERRO;#ERRO;#ERRO;#ERRO;#ERRO;#ERRO;#ERRO;#ERRO;#ERRO;#ERRO;#ERRO;#ERRO;#ERRO;#ERRO;#ERRO
#ERRO;#ERRO;#ERRO;#ERRO;#ERRO;#ERRO;#ERRO;#ERRO;#ERRO;#ERRO;#ERRO;#ERRO;#ERRO;#ERRO;#ERRO;#ERRO;#ERRO;#ERRO;#ERRO;#ERRO;#ERRO;#ERRO;#ERRO;#ERRO;#ERRO;#ERRO;#ERRO;#ERRO;#ERRO;#ERRO
#ERRO;#ERRO;#ERRO;#ERRO;#ERRO;#ERRO;#ERRO;#ERRO;#ERRO;#ERRO;#ERRO;#ERRO;#ERRO;#ERRO;#ERRO;#ERRO;#ERRO;#ERRO;#ERRO;#ERRO;#ERRO;#ERRO;#ERRO;#ERRO;#ERRO;#ERRO;#ERRO;#ERRO;#ERRO;#ERRO
#ERRO;#ERRO;#ERRO;#ERRO;#ERRO;#ERRO;#ERRO;#ERRO;#ERRO;#ERRO;#ERRO;#ERRO;#ERRO;#ERRO;#ERRO;#ERRO;#ERRO;#ERRO;#ERRO;#ERRO;#ERRO;#ERRO;#ERRO;#ERRO;#ERRO;#ERRO;#ERRO;#ERRO;#ERRO;#ERRO