Ivasa voltas;Poliester Metros;Tempo/minuto;2;3;4;5;6;7;8;9;10;11;12
50;25;27.7777777777778;13.8888888888889;9.25925925925926;6.94444444444444;5.55555555555556;4.62962962962963;3.96825396825397;3.47222222222222;3.08641975308642;2.77777777777778;2.52525252525253;2.31481481481481
100;50;55.5555555555556;27.7777777777778;18.5185185185185;13.8888888888889;11.1111111111111;9.25925925925926;7.93650793650794;6.94444444444444;6.17283950617284;5.55555555555556;5.05050505050505;4.62962962962963
150;75;83.3333333333333;41.6666666666667;27.7777777777778;20.8333333333333;16.6666666666667;13.8888888888889;11.9047619047619;10.4166666666667;9.25925925925926;8.33333333333333;7.57575757575758;6.94444444444444
200;100;111.111111111111;55.5555555555556;37.037037037037;27.7777777777778;22.2222222222222;18.5185185185185;15.8730158730159;13.8888888888889;12.3456790123457;11.1111111111111;10.1010101010101;9.25925925925926
250;125;138.888888888889;69.4444444444444;46.2962962962963;34.7222222222222;27.7777777777778;23.1481481481481;19.8412698412698;17.3611111111111;15.4320987654321;13.8888888888889;12.6262626262626;11.5740740740741
300;150;166.666666666667;83.3333333333333;55.5555555555556;41.6666666666667;33.3333333333333;27.7777777777778;23.8095238095238;20.8333333333333;18.5185185185185;16.6666666666667;15.1515151515152;13.8888888888889
350;175;194.444444444444;97.2222222222222;64.8148148148148;48.6111111111111;38.8888888888889;32.4074074074074;27.7777777777778;24.3055555555556;21.6049382716049;19.4444444444444;17.6767676767677;16.2037037037037
400;200;222.222222222222;111.111111111111;74.0740740740741;55.5555555555556;44.4444444444444;37.037037037037;31.7460317460317;27.7777777777778;24.6913580246914;22.2222222222222;20.2020202020202;18.5185185185185
450;225;250;125;83.3333333333333;62.5;50;41.6666666666667;35.7142857142857;31.25;27.7777777777778;25;22.7272727272727;20.8333333333333
500;250;277.777777777778;138.888888888889;92.5925925925926;69.4444444444444;55.5555555555556;46.2962962962963;39.6825396825397;34.7222222222222;30.8641975308642;27.7777777777778;25.2525252525253;23.1481481481481
550;275;305.555555555556;152.777777777778;101.851851851852;76.3888888888889;61.1111111111111;50.9259259259259;43.6507936507937;38.1944444444444;33.9506172839506;30.5555555555556;27.7777777777778;25.462962962963
600;300;333.333333333333;166.666666666667;111.111111111111;83.3333333333333;66.6666666666667;55.5555555555556;47.6190476190476;41.6666666666667;37.037037037037;33.3333333333333;30.3030303030303;27.7777777777778
650;325;361.111111111111;180.555555555556;120.37037037037;90.2777777777778;72.2222222222222;60.1851851851852;51.5873015873016;45.1388888888889;40.1234567901235;36.1111111111111;32.8282828282828;30.0925925925926
700;350;388.888888888889;194.444444444444;129.62962962963;97.2222222222222;77.7777777777778;64.8148148148148;55.5555555555556;48.6111111111111;43.2098765432099;38.8888888888889;35.3535353535353;32.4074074074074
750;375;416.666666666667;208.333333333333;138.888888888889;104.166666666667;83.3333333333333;69.4444444444444;59.5238095238095;52.0833333333333;46.2962962962963;41.6666666666667;37.8787878787879;34.7222222222222
800;400;444.444444444444;222.222222222222;148.148148148148;111.111111111111;88.8888888888889;74.0740740740741;63.4920634920635;55.5555555555556;49.3827160493827;44.4444444444444;40.4040404040404;37.037037037037
850;425;472.222222222222;236.111111111111;157.407407407407;118.055555555556;94.4444444444444;78.7037037037037;67.4603174603175;59.0277777777778;52.4691358024691;47.2222222222222;42.9292929292929;39.3518518518519
900;450;500;250;166.666666666667;125;100;83.3333333333333;71.4285714285714;62.5;55.5555555555556;50;45.4545454545455;41.6666666666667
950;475;527.777777777778;263.888888888889;175.925925925926;131.944444444444;105.555555555556;87.9629629629629;75.3968253968254;65.9722222222222;58.641975308642;52.7777777777778;47.979797979798;43.9814814814815
1000;500;555.555555555556;277.777777777778;185.185185185185;138.888888888889;111.111111111111;92.5925925925926;79.3650793650794;69.4444444444444;61.7283950617284;55.5555555555556;50.5050505050505;46.2962962962963
1050;525;583.333333333333;291.666666666667;194.444444444444;145.833333333333;116.666666666667;97.2222222222222;83.3333333333333;72.9166666666667;64.8148148148148;58.3333333333333;53.030303030303;48.6111111111111
1100;550;611.111111111111;305.555555555556;203.703703703704;152.777777777778;122.222222222222;101.851851851852;87.3015873015873;76.3888888888889;67.9012345679012;61.1111111111111;55.5555555555556;50.9259259259259
1150;575;638.888888888889;319.444444444444;212.962962962963;159.722222222222;127.777777777778;106.481481481481;91.2698412698413;79.8611111111111;70.9876543209877;63.8888888888889;58.0808080808081;53.2407407407407
1200;600;666.666666666667;333.333333333333;222.222222222222;166.666666666667;133.333333333333;111.111111111111;95.2380952380952;83.3333333333333;74.0740740740741;66.6666666666667;60.6060606060606;55.5555555555556
1250;625;694.444444444444;347.222222222222;231.481481481481;173.611111111111;138.888888888889;115.740740740741;99.2063492063492;86.8055555555556;77.1604938271605;69.4444444444444;63.1313131313131;57.8703703703704
1300;650;722.222222222222;361.111111111111;240.740740740741;180.555555555556;144.444444444444;120.37037037037;103.174603174603;90.2777777777778;80.2469135802469;72.2222222222222;65.6565656565656;60.1851851851852
1350;675;750;375;250;187.5;150;125;107.142857142857;93.75;83.3333333333333;75;68.1818181818182;62.5
1400;700;777.777777777778;388.888888888889;259.259259259259;194.444444444444;155.555555555556;129.62962962963;111.111111111111;97.2222222222222;86.4197530864197;77.7777777777778;70.7070707070707;64.8148148148148
1450;725;805.555555555556;402.777777777778;268.518518518519;201.388888888889;161.111111111111;134.259259259259;115.079365079365;100.694444444444;89.5061728395062;80.5555555555556;73.2323232323232;67.1296296296296
1500;750;833.333333333333;416.666666666667;277.777777777778;208.333333333333;166.666666666667;138.888888888889;119.047619047619;104.166666666667;92.5925925925926;83.3333333333333;75.7575757575758;69.4444444444444
1550;775;861.111111111111;430.555555555556;287.037037037037;215.277777777778;172.222222222222;143.518518518519;123.015873015873;107.638888888889;95.679012345679;86.1111111111111;78.2828282828283;71.7592592592593
1600;800;888.888888888889;444.444444444444;296.296296296296;222.222222222222;177.777777777778;148.148148148148;126.984126984127;111.111111111111;98.7654320987654;88.8888888888889;80.8080808080808;74.0740740740741
1650;825;916.666666666667;458.333333333333;305.555555555556;229.166666666667;183.333333333333;152.777777777778;130.952380952381;114.583333333333;101.851851851852;91.6666666666667;83.3333333333333;76.3888888888889
1700;850;944.444444444444;472.222222222222;314.814814814815;236.111111111111;188.888888888889;157.407407407407;134.920634920635;118.055555555556;104.938271604938;94.4444444444444;85.8585858585859;78.7037037037037
1750;875;972.222222222222;486.111111111111;324.074074074074;243.055555555556;194.444444444444;162.037037037037;138.888888888889;121.527777777778;108.024691358025;97.2222222222222;88.3838383838384;81.0185185185185
1800;900;1000;500;333.333333333333;250;200;166.666666666667;142.857142857143;125;111.111111111111;100;90.9090909090909;83.3333333333333
1850;925;1027.77777777778;513.888888888889;342.592592592593;256.944444444444;205.555555555556;171.296296296296;146.825396825397;128.472222222222;114.197530864198;102.777777777778;93.4343434343434;85.6481481481482
1900;950;1055.55555555556;527.777777777778;351.851851851852;263.888888888889;211.111111111111;175.925925925926;150.793650793651;131.944444444444;117.283950617284;105.555555555556;95.9595959595959;87.9629629629629
1950;975;1083.33333333333;541.666666666667;361.111111111111;270.833333333333;216.666666666667;180.555555555556;154.761904761905;135.416666666667;120.37037037037;108.333333333333;98.4848484848485;90.2777777777778
2000;1000;1111.11111111111;555.555555555556;370.37037037037;277.777777777778;222.222222222222;185.185185185185;158.730158730159;138.888888888889;123.456790123457;111.111111111111;101.010101010101;92.5925925925926
2050;1025;1138.88888888889;569.444444444444;379.62962962963;284.722222222222;227.777777777778;189.814814814815;162.698412698413;142.361111111111;126.543209876543;113.888888888889;103.535353535354;94.9074074074074
2100;1050;1166.66666666667;583.333333333333;388.888888888889;291.666666666667;233.333333333333;194.444444444444;166.666666666667;145.833333333333;129.62962962963;116.666666666667;106.060606060606;97.2222222222222
2150;1075;1194.44444444444;597.222222222222;398.148148148148;298.611111111111;238.888888888889;199.074074074074;170.634920634921;149.305555555556;132.716049382716;119.444444444444;108.585858585859;99.537037037037
2200;1100;1222.22222222222;611.111111111111;407.407407407407;305.555555555556;244.444444444444;203.703703703704;174.603174603175;152.777777777778;135.802469135802;122.222222222222;111.111111111111;101.851851851852
2250;1125;1250;625;416.666666666667;312.5;250;208.333333333333;178.571428571429;156.25;138.888888888889;125;113.636363636364;104.166666666667
2300;1150;1277.77777777778;638.888888888889;425.925925925926;319.444444444444;255.555555555556;212.962962962963;182.539682539683;159.722222222222;141.975308641975;127.777777777778;116.161616161616;106.481481481481
2350;1175;1305.55555555556;652.777777777778;435.185185185185;326.388888888889;261.111111111111;217.592592592593;186.507936507936;163.194444444444;145.061728395062;130.555555555556;118.686868686869;108.796296296296
2400;1200;1333.33333333333;666.666666666667;444.444444444444;333.333333333333;266.666666666667;222.222222222222;190.47619047619;166.666666666667;148.148148148148;133.333333333333;121.212121212121;111.111111111111
2450;1225;1361.11111111111;680.555555555556;453.703703703704;340.277777777778;272.222222222222;226.851851851852;194.444444444444;170.138888888889;151.234567901235;136.111111111111;123.737373737374;113.425925925926
2500;1250;1388.88888888889;694.444444444444;462.962962962963;347.222222222222;277.777777777778;231.481481481481;198.412698412698;173.611111111111;154.320987654321;138.888888888889;126.262626262626;115.740740740741
2550;1275;1416.66666666667;708.333333333333;472.222222222222;354.166666666667;283.333333333333;236.111111111111;202.380952380952;177.083333333333;157.407407407407;141.666666666667;128.787878787879;118.055555555556
2600;1300;1444.44444444444;722.222222222222;481.481481481481;361.111111111111;288.888888888889;240.740740740741;206.349206349206;180.555555555556;160.493827160494;144.444444444444;131.313131313131;120.37037037037
2650;1325;1472.22222222222;736.111111111111;490.740740740741;368.055555555556;294.444444444444;245.37037037037;210.31746031746;184.027777777778;163.58024691358;147.222222222222;133.838383838384;122.685185185185
2700;1350;1500;750;500;375;300;250;214.285714285714;187.5;166.666666666667;150;136.363636363636;125
2750;1375;1527.77777777778;763.888888888889;509.259259259259;381.944444444444;305.555555555556;254.62962962963;218.253968253968;190.972222222222;169.753086419753;152.777777777778;138.888888888889;127.314814814815
2800;1400;1555.55555555556;777.777777777778;518.518518518518;388.888888888889;311.111111111111;259.259259259259;222.222222222222;194.444444444444;172.839506172839;155.555555555556;141.414141414141;129.62962962963
2850;1425;1583.33333333333;791.666666666667;527.777777777778;395.833333333333;316.666666666667;263.888888888889;226.190476190476;197.916666666667;175.925925925926;158.333333333333;143.939393939394;131.944444444444
2900;1450;1611.11111111111;805.555555555556;537.037037037037;402.777777777778;322.222222222222;268.518518518519;230.15873015873;201.388888888889;179.012345679012;161.111111111111;146.464646464646;134.259259259259
2950;1475;1638.88888888889;819.444444444444;546.296296296296;409.722222222222;327.777777777778;273.148148148148;234.126984126984;204.861111111111;182.098765432099;163.888888888889;148.989898989899;136.574074074074