REFERENCIAS;cor;Peso;cor2;peso3;cor4;peso5;cor6;peso7;cor8;Coluna1
ATAC M21020 821/1P DARK KHAKI 8MM;821/1 RECICLADO;0.0031;;;;;;;;
ATAC M21020 746/1P NAVY 8MM;746/1 RECICLADO;0.0031;;;;;;;;
ATAC M21020 745/1P LIGHT KHAKI 8MM;745/1 RECICLADO;0.0031;;;;;;;;
ATAC M21020 100/1P 8MM;100/1 RECICLADO;0.0031;;;;;;;;
ATAC M21020 RIO RED 8MM;RIO RED/1 RECICLADO;0.0031;;;;;;;;
ATAC M10046 100 6MM;100;0.0028;ENCHIMENTO;0.00087;;;;;;
ATAC M10046 612 6MM;612;0.0028;ENCHIMENTO;0.00087;;;;;;
ATAC M21020 753/1P 8MM;753/1 RECICLADO;0.0031;;;;;;;;
ATAC M21020 805/1P 8MM;805/1 RECICLADO;0.0031;;;;;;;;
ATAC 6ALF 100/460 6MM;100;0.0009;460;0.0022;ENCHIMENTO;0.00087;;;;
ATAC M1308 100 8MM;100;0.0032;;;;;;;;
ATAC M10046 451 6MM;451;0.0028;ENCHIMENTO;0.00087;;;;;;
ATAC M10046 135 6MM;135;0.0028;ENCHIMENTO;0.00087;;;;;;
ATAC M10046 278 6MM;278;0.0028;ENCHIMENTO;0.00087;;;;;;
ATAC M8081 2154 DARK SIENA 7MM;2154;0.0037;;;;;;;;
ATAC M21020 758/1P 8MM;758/1 RECICLADO;0.0031;;;;;;;;
ATAC M21020 567/1P 8MM;567/1 RECICLADO;0.0031;;;;;;;;
ATAC M21020 494/1P 8MM;494/1 RECICLADO;0.0031;;;;;;;;
ELASTICO 16410 140 7MM;140;0.00085;BORRACHA PRETA 28;0.0008;BORRACHA REVESTIDA PRETA;0.00038;;;;
ATAC M10030 100/222 6MM;100;3.01457142857143E-03;222;5.02428571428571E-04;ENCHIMENTO;0.0021;;;;
ATAC M21020 044/1P 8MM;044/1 RECICLADO;0.0031;;;;;;;;
FITA M32107 048 12MM;48;0.0055;;;;;;;;
FITA M32107 643 12MM;643;0.0055;;;;;;;;
ATAC M21020 004/1P 8MM;004/1 RECICLADO;0.0031;;;;;;;;
ATAC 11628 116 7MM;116;0.0022;;;;;;;;
ATAC 6ALF 100/038 6MM;100;0.0009;38;0.0022;ENCHIMENTO;0.00087;;;;
ATAC 3000 158 3MM;158;0.00089;ENCHIMENTO;0.00087;;;;;;
ATAC M10030 100/102 6MM;100;3.01457142857143E-03;102;5.02428571428571E-04;ENCHIMENTO;0.0021;;;;
ATAC M10030 100/319 6MM;100;3.01457142857143E-03;319;5.02428571428571E-04;ENCHIMENTO;0.0021;;;;
ELASTICO 16410 334 7MM;334;0.00085;BORRACHA PRETA 28;0.0008;BORRACHA REVESTIDA PRETA;0.00038;;;;
ATAC M10030 278/102 6MM;278;3.01457142857143E-03;102;5.02428571428571E-04;ENCHIMENTO;0.0021;;;;
FITA MDP 2T 752/1P 15MM;752/1P;0.0032;;;;;;;;
ATAC M10046 102 6MM;102 LAVADO;0.0028;ENCHIMENTO;0.00087;;;;;;
ATAC M21020 486/1P 8MM;486/1;0.0031;;;;0.000887;;;;
ATAC M8081 2001 7MM;2001 (30-2);0.0037;;;;;;;;
ATAC 11628 055 7MM;55;0.0022;;;;;;;;
ELASTICO 16410 321 7MM;321;0.00085;BORRACHA PRETA 28;0.0008;BORRACHA REVESTIDA PRETA;0.00038;;;;
ELASTICO 16410 182 7MM;182;0.00085;BORRACHA PRETA 28;0.0008;BORRACHA REVESTIDA PRETA;0.00038;;;;
FITA M12116 100/LUREX PRATA 7MM;58;0.0024;BORRACHA PRETA 38;0.01;;;;;;
ATAC M10030 612/102 6MM;612;0.0024;102 LAVADO;5.02428571428571E-04;ENCHIMENTO;0.0021;;;;
ATAC 11628 187 7MM;187;0.0022;;;;;;;;
ATAC 14163 148/100 6MM;148;0.0028;ENCHIMENTO;0.00087;;;;;;
FITA M12116 096/LUREX PRATA 7MM;96;0.0024;;;;;;;;
ATAC M1308 494 8MM;494;0.0024;;;;;;;;
ATAC M1308 292 8MM;292;0.0024;;;;;;;;
ATAC M1308 486 8MM;486;0.0024;;;;;;;;
FITA MDP 220/1P 13MM;220/1P;0.0029;;;;;;;;
ATAC M13138 209/175;209;0.0024;;;;;;;;
ATAC 14163 312 6MM;312;0.0028;ENCHIMENTO;0.00087;;;;;;
ATAC 14163 058 6MM;58;0.0028;ENCHIMENTO;0.00087;;;;;;
ATAC 14163 100 6MM;100;0.0028;ENCHIMENTO;0.00087;;;;;;
ATAC 11628 248 7MM;248;0.0022;;;;;;;;
ATAC 14163 175 6MM;175;0.0028;ENCHIMENTO;0.00087;;;;;;
ATAC 11628 100 7MM;100;0.0022;;;;;;;;
ATAC 3000 102 3MM;102 LAVADO;0.00089;ENCHIMENTO;0.00087;;;;;;
ATAC 14163 199/100 6MM;199;0.002;100;0.0024;ENCHIMENTO;0.00087;;;;
ATAC 11628 115 7MM;115;0.0022;;;;;;;;
ATAC 11628 243 7MM;243;0.0022;;;;;;;;
ATAC 3000 004 3MM;4;0.00089;ENCHIMENTO;0.00087;;;;;;
ATAC 11628 270 7MM;270;0.0022;;;;;;;;
ATAC 11628 004 7MM;4;0.0022;;;;;;;;
ATAC 11628 005 7MM;5;0.0022;;;;;;;;
ELASTICO 16410 115 7MM;115;0.00085;BORRACHA PRETA 28;0.0008;BORRACHA REVESTIDA PRETA;0.00038;;;;
FITA MDP 2T 746/1P NAVY 15MM;746/1P;0.0032;;;;;;;;
ATAC M18006 100;100;0.0054;ENCHIMENTO;0.00087;;;;;;
ATAC M6034 2000 8MM;2000 LAVADO;0.0077;;PESO ALTERADO 01/07/24;;;;;;
ATAC 14163 030 6MM;30;0.0028;ENCHIMENTO;0.00087;;;;;;
ATAC M6034 2001 8MM;2001 (30-2);0.0077;;PESO ALTERADO 01/07/24;;;;;;
FITA MDP 2T 100/1P 15MM;100/1P;0.0032;;;;;;;;
ATAC 3000 001 3MM;1;0.00089;ENCHIMENTO;0.00087;;;;;;
ATAC 3000 253 3MM;253;0.00089;ENCHIMENTO;0.00087;;;;;;
ATAC 11628 102 7MM;533;0.0022;;;;;;;;
ATAC 11628 290 7MM;290;0.0022;;;;;;;;
ATAC 14163 305 6MM;305;0.0028;ENCHIMENTO;0.00087;;;;;;
ATAC 14163 170/180 6MM;170;0.002;180;0.0024;ENCHIMENTO;0.00087;;;;
ATAC 11628 056 7MM;56;0.0022;;;;;;;;
ATAC 11628 200 7MM;200;0.0022;;;;;;;;
ATAC 3000 250 3MM;250;0.00089;ENCHIMENTO;0.00087;;;;;;
ATAC 11628 122 7MM;122;0.0022;;;;;;;;
ATAC 6ALF 102/100 6MM;102 LAVADO;0.0009;100;0.0022;ENCHIMENTO;0.00087;;;;
ATAC 3000 126 3MM;126;0.00089;ENCHIMENTO;0.00087;;;;;;
ATAC 3000 187 3MM;187;0.00089;ENCHIMENTO;0.00087;;;;;;
FITA 726 114 10MM;114;0.0024;;;;;;;;
ATAC 11628 052 7MM;52;0.0022;;;;;;;;
ATAC 11628 220 7MM;220;0.0022;;;;;;;;
FITA 726 058 10MM;58;0.0024;;;;;;;;
FITA M32107 278 10MM;278;0.0047;;;;;;;;
ATAC 6AL 175 6MM;175;0.0028;ENCHIMENTO;0.00087;;;;;;
ELASTICO 16410 100 7MM;100;0.00085;BORRACHA PRETA 28;0.0008;BORRACHA REVESTIDA PRETA;0.0036;;;;
ATAC 6ALF 310/082 6MM;310;0.0009;82;0.0022;ENCHIMENTO;0.00087;;;;
ATAC 6ALF 739/104 6MM;739;0.0009;104;0.0022;ENCHIMENTO;0.00087;;;;
ATAC 6ALF 212/310 6MM;212;0.0009;310;0.0022;ENCHIMENTO;0.00087;;;;
ATAC 6ALF 740/104 6MM;740;0.0009;104;0.0022;ENCHIMENTO;0.00087;;;;
ATAC 6ALF 310/312 6MM;310;0.0009;312;0.0022;ENCHIMENTO;0.00087;;;;
ATAC 6ALF 365/104 6MM;365;0.0009;104;0.0022;ENCHIMENTO;0.00087;;;;
ATAC M10107 1183/1P 5MM;1183/1;0.0024;;;;;;;;
ATAC 6ALF 218/100 6MM;218;0.0009;100;0.0022;ENCHIMENTO;0.00087;;;;
ATAC M10107 1009/1P 5MM;1009/1;0.0024;;;;;;;;
ATAC M10107 418/1P 5MM;418/1;0.0024;;;;;;;;
ATAC 6ALF 399/542 6MM;399;0.0009;542;0.0022;ENCHIMENTO;0.00087;;;;
ATAC 6ALF 100/098 6MM;100;0.0009;98;0.0022;ENCHIMENTO;0.00087;;;;
ELASTICO 16410 169 7MM;169;0.00085;BORRACHA PRETA 28;0.0008;BORRACHA REVESTIDA PRETA;0.00038;;;;
ELASTICO 16410 214 7MM;214;0.00085;BORRACHA BRANCA 28;0.0008;BORRACHA REVESTIDA BRANCA;0.00038;;;;
ATAC M1308 115 9MM;115;0.0024;;;;;;;;
FITA MDP 303/1P 13MM;303/1P;0.0029;;;;;;;;
ATAC M1308 187 9MM;187;0.0024;;;;;;;;
ATAC M9022 056 3MM;56;0.00088;ENCHIMENTO;0.00087;;;;;;
ATAC 11628 189 7MM;189;0.0022;;;;;;;;
ATAC M6034 2000 6MM;2000 LAVADO;0.0077;;PESO ALTERADO 01/07/24;;;;;;
ATAC M8081 2139 FHATOM 7MM;2139;0.0037;;;;;;;;
ATAC M8081 LIGHT GRAY 7MM;LIGHT GRAY (FIO 30/2);0.0037;;;;;;;;
ATAC M8081 2000 7MM;2000;0.0037;;;;;;;;
ATAC M12115 100 8MM;100;0.0024;;;;;;;;
ATAC M12115 NAVY 8MM;104;0.0024;;;;;;;;
ATAC M8081 2156 RHONE 7MM;2156;0.0037;;;;;;;;
ATAC 14163 183 6MM;183;0.0028;ENCHIMENTO;0.00087;;;;;;
FITA MDP 009/1P 13MM;009/1P;0.0029;;;;;;;;
ELAST CANELADO ZW 107/1 10MM;107/1;0.0064;BORRACHA REVESTIDA BRANCA;0.00038;BORRACHA BRANCA 38;0.00084;;;;
ELASTICO 16410 290/LUREX PRATA 7MM;290;0.00085;LUREX PRATA;0.00016;BORRACHA PRETA 28;0.0035;;;;
ELASTICO 16410 253 7MM;253;0.00085;BORRACHA PRETA 28;0.0008;BORRACHA REVESTIDA PRETA;0.00038;;;;
ELAST M2159 100/030 7MM;100;0.00096;30;0.005;BORRACHA PRETA 28;0.0037;;;;
CORDAO M9030 102/100 1,5MM;102 LAVADO;0.0024;100;0.00013125;;;;;;
ATAC 14163 028 6MM;28;0.0028;ENCHIMENTO;0.00087;;;;;;
FITA M32107 048 10MM;48;0.0047;;;;;;;;
ATAC 6AL 100 6MM;100;0.0028;ENCHIMENTO;0.00087;;;;;;
ATAC 6ALF 028/104 6MM;28;0.0009;104;0.0022;ENCHIMENTO;0.00087;;;;
ATAC 6ALF 102/312 6MM;102 LAVADO;0.0009;312;0.0022;ENCHIMENTO;0.00087;;;;
FITA MDP 100/1P 13MM;100/1P;0.0029;;;;;;;;
ELAST CANELADO ZW 075/1 10MM;075/1;0.0064;BORRACHA REVESTIDA BRANCA;0.00038;BORRACHA BRANCA 38;0.00084;;;;
ELAST CANELADO ZW 197/1 10MM;197/1;0.0064;BORRACHA REVESTIDA BRANCA;0.00038;BORRACHA BRANCA 38;0.00084;;;;
FITA MDP 024/1P 13MM;024/1P;0.0029;;;;;;;;
FITA MDP 003/1P 13MM;003/1P;0.0029;;;;;;;;
ELAST CANELADO ZW 170/1 10MM;170/1;0.0064;BORRACHA REVESTIDA BRANCA;0.00038;BORRACHA BRANCA 38;0.00084;;;;
ELAST CANELADO ZW 285/1 10MM;285/1;0.0064;BORRACHA REVESTIDA PRETA;0.00038;BORRACHA PRETA 38;0.00084;;;;
ELAST CANELADO ZW 305/1 10MM;305/1;0.0064;BORRACHA REVESTIDA BRANCA;0.00038;BORRACHA BRANCA 38;0.00084;;;;
ELAST CANELADO ZW 049/1 10MM;049/1;0.0064;BORRACHA REVESTIDA BRANCA;0.00038;BORRACHA BRANCA 38;0.00084;;;;
ELAST CANELADO ZW 484/1 10MM;484/1;0.0064;BORRACHA REVESTIDA BRANCA;0.00038;BORRACHA BRANCA 38;0.00084;;;;
ELAST CANELADO ZW 272/1 10MM;272/1;0.0064;BORRACHA REVESTIDA BRANCA;0.00038;BORRACHA BRANCA 38;0.00084;;;;
ELAST CANELADO ZW 295/1 10MM;295/1;0.0064;BORRACHA REVESTIDA BRANCA;0.00038;BORRACHA BRANCA 38;0.00084;;;;
ATAC M10046 196 6MM;196;0.0028;ENCHIMENTO;0.00087;;;;;;
ATAC M21020 TAN 8MM;TAN/1;0.0031;;;;;;;;
ATAC M13138 100/102;100;0.0024;102 LAVADO;0.00087;;;;;;
ATAC M13138 495/102;495;0.0024;102 LAVADO;0.00087;;;;;;
ELAST CANELADO ZW 322/1 10MM;322/1;0.0064;BORRACHA REVESTIDA BRANCA;0.00038;BORRACHA BRANCA 38;0.00084;;;;
FITA MDP 146/1P 13MM;146/1P;0.0029;;;;;;;;
FITA M32107 612 15MM;612;0.0069;;;;;;;;
ATAC M13138 175/209;175;0.0024;209;0.00087;;;;;;
ATAC M13138 494/619;494;0.0024;619;0.00087;;;;;;
ATAC 11628 253 7MM;253;0.0022;;;;;;;;
ATAC 14163 248 6MM;248;0.0028;ENCHIMENTO;0.00087;;;;;;
ATAC 14163 200 6MM;200;0.0028;ENCHIMENTO;0.00087;;;;;;
ATAC 14163 170 6MM;170;0.0028;ENCHIMENTO;0.00087;;;;;;
ELAST CANELADO ZW 219/1 10MM;219/1;0.0064;BORRACHA REVESTIDA BRANCA;0.00038;BORRACHA BRANCA 38;0.00084;;;;
ELASTICO 16410 004 7MM;4;0.00085;BORRACHA PRETA 28;0.0008;BORRACHA REVESTIDA PRETA;0.00038;;;;
ELASTICO 16410 102/LUREX PRATA 7MM;102 LAVADO;0.00085;LUREX PRATA;0.00016;BORRACHA BRANCA 28;0.0035;;;;
ELAST M2159 182/147 7MM;182;0.00096;147;0.005;BORRACHA PRETA 28;0.0037;;;;
CORDAO M9030 146/100 1,5MM;146;0.0024;100;0.00087;;;;;;
CORDAO M9030 295/100 1,5MM;295;0.0024;100;0.00087;;;;;;
CORDAO M9030 323/100 1,5MM;323;0.0024;100;0.00087;;;;;;
ATAC M9022 102 3MM;102 LAVADO;0.00088;ENCHIMENTO;0.00087;;;;;;
ATAC 3000 115 3MM;115;0.00089;ENCHIMENTO;0.00087;;;;;;
ATAC M12119 481/1 6MM;481/1 RECICLADO;0.0042;;;;;;;;
ATAC 14163 285 6MM;285;0.0028;ENCHIMENTO;0.00087;;;;;;
ATAC M13139 279/432;279;0.0024;432;0.00087;;;;;;
ATAC M13139 100/612;100;0.0024;612;0.00087;;;;;;
ATAC M13139 100/432;100;0.0024;432;0.00087;;;;;;
ATAC 14163 290 6MM;290;0.0028;ENCHIMENTO;0.00087;;;;;;
ELAST CANELADO ZW 470/1 10MM;470/1;0.0064;BORRACHA REVESTIDA BRANCA;0.00038;BORRACHA BRANCA 38;0.00084;;;;
ELAST CANELADO ZW 100/1 10MM;100/1 ;0.0064;BORRACHA REVESTIDA PRETA;0.00038;BORRACHA PRETA 38;0.00084;;;;
ELAST CANELADO ZW 481/1 10MM;481/1;0.0064;BORRACHA REVESTIDA BRANCA;0.00038;BORRACHA BRANCA 38;0.00084;;;;
ELAST CANELADO ZW 010/1 10MM;010/1;0.0064;BORRACHA REVESTIDA PRETA;0.00038;BORRACHA PRETA 38;0.00084;;;;
ELAST CANELADO ZW 286/1 10MM;286/1;0.0064;BORRACHA REVESTIDA PRETA;0.00038;BORRACHA PRETA 38;0.00084;;;;
ELAST CANELADO ZW 365/1 10MM;365/1;0.0064;BORRACHA REVESTIDA BRANCA;0.00038;BORRACHA BRANCA 38;0.00084;;;;
FITA M32107 100 12MM;100;0.0069;;;;;;;;
ATAC 6AL 048 6MM ;48;0.0028;ENCHIMENTO;0.00087;;;;;;
ATAC 6AL 643 6MM;643;0.0028;ENCHIMENTO;0.00087;;;;;;
ATAC 6AL 058 6MM;58;0.0028;ENCHIMENTO;0.00087;;;;;;
ELAST MTM ENGOMADO 100 40MM;100;0.0078;BORRACHA PRETA 38;0.0052;;;;;;
ELAST MTM ENGOMADO 058 40MM;58;0.0078;BORRACHA PRETA 38;0.0052;;;;;;
ELAST MTM ENGOMADO 048 40MM;48;0.0078;;0.0052;;;;;;
ELAST MTM ENGOMADO 643 40MM;643;0.0078;;0.0052;;;;;;
FITA MDP 225/1P 13MM;225/1P;0.0029;;;;;;;;
ATAC 3000 005 3MM;5;0.00089;ENCHIMENTO;0.00087;;;;;;
ATAC M8081 2148 PEACOAT 7MM;2148;0.0037;;;;;;;;
ATAC M8081 2149 BRICK RED 7MM;BRICK RED (FIO 30/2);0.0037;;;;;;;;
ATAC M8081 2147 GRIGIO NOVO 7MM;2147;0.0037;;;;;;;;
ATAC M8081 2150 NEW KHAKI 7MM;2150;0.0037;;;;;;;;
ATAC M8081 2138 RYE 7MM;2138;0.0037;;;;;;;;
FITA MDP 2T 807/1P RYE 15MM;807/1P;0.0032;;;;;;;;
FITA M32107 100 15MM;100;0.0069;;;;;;;;
FITA M32107 100 10MM;100;0.0047;;;;;;;;
ATAC 14163 030/187 6MM;30;0.002;187;0.0024;ENCHIMENTO;0.00087;;;;
ATAC 14163 175/100 6MM;175;0.002;100;0.0024;ENCHIMENTO;0.00087;;;;
ATAC 11628 155 7MM;155;0.0022;;;;;;;;
ELASTICO 16410 100/LUREX PRATA 7MM;100 (ANTEX);0.00085;LUREX PRATA;0.00016;BORRACHA PRETA 28;0.0035;;;;
ATAC M1308 167 9MM;167;0.0024;;;;;;;;
ATAC M1308 169 9MM;169;0.0024;;;;;;;;
ATAC M12119 100/1 6MM;100/1;0.0042;;;;;;;;
ATAC M9022 314 3MM;314;0.00088;ENCHIMENTO;0.00087;;;;;;
ATAC 6AL 278 6MM;278;0.0028;ENCHIMENTO;0.00087;;;;;;
ATAC M10046 614 6MM;614;0.0028;ENCHIMENTO;0.00087;;;;;;
ATAC 6ALF 348/739 6MM;348;0.0009;739;0.0022;ENCHIMENTO;0.00087;;;;
ATAC M10107 100/1P 5MM;100/1 RECICLADO;0.0023;TRAMA 100/1;0.000096;;;;;;
ATAC M10107 1182/1P 5MM;1182/1 RECICLADO;0.0024;;;;;;;;
ATAC 6ALF 218/104 6MM;218;0.0009;104;0.0022;ENCHIMENTO;0.00087;;;;
ATAC M10107 PURPLE/1P 5MM;PURPLE/1 ;0.0024;;;;;;;;
ATAC M12015 604 8MM;604;0.0039;;;;;;;;
ATAC 6ALF 348/104 6MM;348;0.0009;104;0.0022;ENCHIMENTO;0.00087;;;;
ATAC M10107 761/1P BRANCO 02 5MM;761/1;0.0024;;;;;;;;
ATAC 6ALF 098/100 6MM;98;0.0009;100;0.0022;ENCHIMENTO;0.00087;;;;
ATAC 6ALF 353/061 6MM;353;0.0009;61;0.0022;ENCHIMENTO;0.00087;;;;
ATAC 6ALF 427/100 6MM;427;0.0009;100;0.0022;ENCHIMENTO;0.00087;;;;
FITA M4180 100/1P 9MM;100/1 RECICLADO;0.0023;TRAMA 100/1;0.000096;;;;;;
ATAC 3000 100 3MM;100;0.00089;ENCHIMENTO;0.00087;;;;;;
ATAC M9022 024 3MM;24;0.00088;ENCHIMENTO;0.00087;;;;;;
ATAC 3000 052 3MM;52;0.00089;ENCHIMENTO;0.00087;;;;;;
ATAC M1308 120 9MM;120;0.0024;;;;;;;;
ATAC 11628 247 7MM;247;0.0022;;;;;;;;
ATAC 6ALF 207/664 6MM;207;0.0009;664;0.0022;ENCHIMENTO;0.00087;;;;
ATAC 6ALF 028/312 6MM;28;0.0009;312;0.0022;ENCHIMENTO;0.00087;;;;
ATAC 6ALF 061/301 6MM;61;0.0009;301;0.0022;ENCHIMENTO;0.00087;;;;
ATAC M12015 252 8MM;252;0.0039;;;;;;;;
ATAC M13054 100;100;0.0028;;;;;;;;
ATAC 11628 030 7MM;30;0.0022;;;;;;;;
ATAC 11628 044 7MM;44;0.0022;;;;;;;;
ATAC 11628 265 7MM;265;0.0022;;;;;;;;
ATAC 11628 118 7MM;118;0.0022;;;;;;;;
ATAC M13054 012;12;0.0028;;;;;;;;
ELASTICO 16410 055/LUREX PRATA 7MM;55;0.000132;LUREX PRATA;0.00016;BORRACHA BRANCA 28;0.0035;;;;
ELASTICO 16410 247 7MM;247;0.00085;BORRACHA BRANCA 28;0.0008;BORRACHA REVESTIDA BRANCA;0.00038;;;;
ATAC 11628 105 7MM;105;0.0022;;;;;;;;
ATAC 11628 114 7MM;114;0.0022;;;;;;;;
ATAC 11628 321 7MM;321;0.0022;;;;;;;;
ATAC M9022 100 3MM;100;0.00088;ENCHIMENTO;0.00087;;;;;;
ATAC M1308 260 8MM;260;0.0024;;;;;;;;
ATAC M1308 321 8MM;321;0.0024;;;;;;;;
ATAC M1308 253 8MM;253;0.0024;;;;;;;;
ATAC M1308 278 8MM;278;0.0024;;;;;;;;
ATAC M9022 053 3MM;53;0.00088;ENCHIMENTO;0.00087;;;;;;
ATAC M12015 CEREJA 8MM;CEREJA (POLIESTER);0.0039;;;;;;;;
FITA MDP 486/1P 15MM;486/1P;0.0032;;;;;;;;
FITA M32107 548 10MM;548;0.0047;;;;;;;;
ELAST CANELADO ZW 220/1 10MM;220/1;0.0064;BORRACHA REVESTIDA BRANCA;0.00038;BORRACHA BRANCA 38;0.00084;;;;
ELAST CANELADO ZW 017/1 10MM;017/1;0.0064;BORRACHA REVESTIDA BRANCA;0.00038;BORRACHA BRANCA 38;0.00084;;;;
ATAC 14163 102 6MM;533;0.0028;ENCHIMENTO;0.00087;;;;;;
FITA M32107 058 12MM;58;0.0055;;;;;;;;
ELASTICO 16410 314 7MM;314;0.00085;BORRACHA PRETA 28;0.0008;BORRACHA REVESTIDA PRETA;0.00038;;;;
ELASTICO 16410 055 7MM;55;0.00085;BORRACHA BRANCA 28;0.0008;BORRACHA REVESTIDA BRANCA;0.00038;;;;
0;0;0.0024;;;;;;;;
ATAC 3000 296 3MM;296;0.00089;ENCHIMENTO;0.00087;;;;;;
ATAC 3000 226 3MM;226;0.00089;ENCHIMENTO;0.00087;;;;;;
ELAST MTM ENGOMADO 612 38MM;612;0.0072;;;;;;;;
ELAST MTM ENGOMADO 100 38MM;100;0.0072;;;;;;;;
FITA M32107 612 10MM;612;0.0047;;;;;;;;
FITA MDP 158/1P 13MM;158/1P;0.0029;;;;;;;;
ATAC 11628 104 7MM;104;0.0022;;;;;;;;
ATAC 11628 048 7MM;48;0.0022;;;;;;;;
ATAC M16068 100;100;0.0024;;;;;;;;
ATAC M16068 248;248;0.0024;;;;;;;;
ATAC M16068 182;182;0.0024;LUREX PRATA;0.00087;;;;;;
ATAC M16068 290;290;0.0024;;;;;;;;
ATAC 3000 122 3MM;122;0.00089;ENCHIMENTO;0.00087;;;;;;
ATAC 14163 187 6MM;187;0.0028;ENCHIMENTO;0.00087;;;;;;
ELAST CANELADO ZW 030/1 10MM;030/1;0.0064;BORRACHA REVESTIDA BRANCA;0.00038;BORRACHA BRANCA 38;0.00084;;;;
ELAST CANELADO ZW 316/1 10MM;316/1;0.0064;BORRACHA REVESTIDA PRETA;0.00038;BORRACHA PRETA 38;0.00084;;;;
FITA M32107 175 10MM;175;0.0047;;;;;;;;
ATAC 6ALF  427/100 6MM;427;0.0009;100;0.0022;ENCHIMENTO;0.00087;;;;
ATAC 6ALF 102/740 6MM;102 LAVADO;0.0009;740;0.0022;ENCHIMENTO;0.00087;;;;
ELAST CANELADO ZW 113/1 10MM;113/1;0.0064;BORRACHA REVESTIDA BRANCA;0.00038;BORRACHA BRANCA 38;0.00084;;;;
FITA MDP 226/1P 13MM;226/1P;0.0029;;;;;;;;
FITA 726 004 10MM;4;0.0024;;;;;;;;
ATAC 11628 045 7MM;45;0.0022;;;;;;;;
ATAC 11628 317 7MM;317;0.0022;;;;;;;;
FITA 726 290 10MM;290;0.0024;;;;;;;;
FITA M3225 010 13MM;10;0.0024;;;;;;;;
FITA 726 248 10MM;248;0.0024;;;;;;;;
ATAC M1308 104 9MM;104;0.0024;;;;;;;;
ATAC M1308 105 9MM;105;0.0024;;;;;;;;
FITA 726 102 10MM;102 LAVADO;0.0024;;;;;;;;
ATAC 3000 300 3MM;300;0.00089;ENCHIMENTO;0.00087;;;;;;
ELASTICO 16410 301 7MM;301;0.00085;BORRACHA BRANCA 28;0.0008;BORRACHA REVESTIDA BRANCA;0.00038;;;;
ATAC 3000 311 3MM;311;0.00089;ENCHIMENTO;0.00087;;;;;;
FITA 726 182 15MM;182;0.0024;;;;;;;;
FITA 726 055 15MM;55;0.0024;;;;;;;;
FITA 726 187 15MM;187;0.0024;;;;;;;;
FITA M4180 1006/1P 9MM;1006/1P;0.0024;;;;;;;;
ATAC M8081 2155 DARK BRUSH 7MM;2155;0.0037;;;;;;;;
FITA MDP 2T 821/1P DARK KHAKI 15MM;821/1P;0.0032;;;;;;;;
FITA KK 311 10MM;311;0.0024;;;;;;;;
FITA KK 213 10MM;213;0.0024;;;;;;;;
FITA 726 321 10MM;321;0.0024;;;;;;;;
ATAC 14163 061 6MM;61;0.0028;ENCHIMENTO;0.00087;;;;;;
ATAC 6ALF 102/176 6MM;102 LAVADO;0.0009;176;0.0022;ENCHIMENTO;0.00087;;;;
FITA MDP 148/1P 13MM;148/1P;0.0029;;;;;;;;
FITA MDP 017/1P 13MM;17/1P;0.0029;;;;;;;;
ELAST CANELADO ZW 095/1 10MM;095/1;0.0064;BORRACHA REVESTIDA BRANCA;0.00038;BORRACHA BRANCA 38;0.00084;;;;
ATAC 6ALF 017/104 6MM;17;0.0009;104;0.0022;ENCHIMENTO;0.00087;;;;
ELASTICO TR-286 206 2,5MM;206;0.00096;BORRACHA BRANCA 28;0.00068;;;;;;
ELASTICO TR-286 095 2,5MM;95;0.00096;BORRACHA BRANCA 28;0.00068;;;;;;
ELASTICO TR-286 164 2,5MM;164;0.00096;BORRACHA BRANCA 28;0.00068;;;;;;
ELASTICO TR-286 323 2,5MM;323;0.00096;BORRACHA BRANCA 28;0.00068;;;;;;
ATAC M1308 100 9MM;100;0.0024;;;;;;;;
ATAC M1308 102 9MM;102 LAVADO;0.0024;;;;;;;;
ATAC 14163 253 6MM;253;0.0028;ENCHIMENTO;0.00087;;;;;;
CORDAO M9043 078 ;78;0.0009;ENCHIMENTO;0.00087;;;;;;
CORDAO M9043 210;210;0.0009;ENCHIMENTO;0.00087;;;;;;
CORDAO M9043 348;348;0.0009;ENCHIMENTO;0.00087;;;;;;
CORDAO M9043 614;614;0.0009;ENCHIMENTO;0.00087;;;;;;
CORDAO M9043 102;102 LAVADO;0.0009;ENCHIMENTO;0.00087;;;;;;
CORDAO M9043 100;100;0.0009;ENCHIMENTO;0.00087;;;;;;
ELAST CANELADO ZW 258/1 10MM;258/1;0.0064;BORRACHA REVESTIDA BRANCA;0.00038;BORRACHA BRANCA 38;0.00084;;;;
FITA MDP 818/1P 13MM;818/1P;0.0029;;;;;;;;
FITA MDP 817/1P 13MM;817/1P;0.0029;;;;;;;;
ATAC M16063 252/100;252;0.0029;100;0.00021;ENCHIMENTO;0.00087;;;;
ATAC M16063 317/100;317;0.0029;100;0.00021;ENCHIMENTO;0.00087;;;;
ATAC M16063 100/042;100;0.0029;42;0.00021;ENCHIMENTO;0.00087;;;;
ATAC M16063 108/100;108;0.0029;100;0.00021;ENCHIMENTO;0.00087;;;;
ATAC M16063 300/100;300;0.0029;100;0.00021;ENCHIMENTO;0.00087;;;;
ATAC M10046 353 6MM;353;0.0028;ENCHIMENTO;0.00087;;;;;;
ATAC 6ALF 100/303 6MM;100;0.0009;303;0.0022;ENCHIMENTO;0.00087;;;;
FITA MDP 2T RIO RED POLIMP 15MM;RIO RED (POLIMP);0.0032;;;;;;;;
FITA MDP 2T 753/1P STEEL GREY 15MM;753/1P;0.0032;;;;;;;;
ATAC M10046 099 6MM;99;0.0028;ENCHIMENTO;0.00087;;;;;;
ATAC 6AL 189 6MM;189;0.0028;ENCHIMENTO;0.00087;;;;;;
ATAC 6AL 533 6MM;533;0.0028;ENCHIMENTO;0.00087;;;;;;
FITA M4167 100/030 10MM;100;0.0024;30;0.00087;;;;;;
FITA M4167 189/043 10MM;189;0.0024;43;0.00087;;;;;;
ATAC 6AL 101 6MM;101 LAVADO;0.0028;ENCHIMENTO;0.00087;;;;;;
FITA M3225 313 13MM;313;0.0024;;;;;;;;
ATAC M21020 753/1P STEEL GREY 8MM;753/1 RECICLADO;0.0031;;;;;;;;
ATAC M21020 841/1P 8MM;841/1 RECICLADO;0.0031;;;;;;;;
ATAC M21020 840/1P 8MM;840/1 RECICLADO;0.0031;;;;;;;;
ATAC M21020 752/1P 8MM;752/1 RECICLADO;0.0031;;;;;;;;
ATAC M21020 481/1P 8MM;481/1 RECICLADO;0.0031;;;;;;;;
ATAC M21020 746/1P NAVY POLIMP 8MM;746/1 RECICLADO;0.0031;;;;;;;;
FITA MDP 2T 004/1P 15MM;004/1P;0.0032;;;;;;;;
FITA MDP 2T 481/1P 15MM;481/1P;0.0032;;;;;;;;
FITA 726 100 10MM;100;0.0024;;;;;;;;
ELASTICO 16410 290 7MM;290;0.00085;BORRACHA BRANCA 28;0.0008;BORRACHA REVESTIDA BRANCA;0.00038;;;;
ELASTICO 16410 307 7MM;307;0.00085;BORRACHA BRANCA 28;0.0008;BORRACHA REVESTIDA BRANCA;0.00038;;;;
ELASTICO 16410 317 7MM;317;0.00085;BORRACHA BRANCA 28;0.0008;BORRACHA REVESTIDA BRANCA;0.00038;;;;
ELASTICO 16410 180 7MM;180;0.00085;BORRACHA BRANCA 28;0.0008;BORRACHA REVESTIDA BRANCA;0.00038;;;;
ELASTICO 16410 038 7MM;38;0.00085;BORRACHA BRANCA 28;0.0008;BORRACHA REVESTIDA BRANCA;0.00038;;;;
ELASTICO 16410 176 7MM;176;0.00085;BORRACHA BRANCA 28;0.0008;BORRACHA REVESTIDA BRANCA;0.00038;;;;
FITA MFGP 140 28MM;140;0.006;;;;;;;;
FITA MFGP  055 28MM;55;0.006;;;;;;;;
FITA MFGP 182 28MM;182;0.006;;;;;;;;
FITA MFGP 100 28MM;100;0.006;;;;;;;;
FITA MFGP 321 28MM;321;0.006;;;;;;;;
ATAC 6ALF 066/104 6MM;66;0.0009;104;0.0022;ENCHIMENTO;0.00087;;;;
FITA MDP 062/1P 13MM;062/1P;0.0029;;;;;;;;
ELASTICO TR-286 100 2.5MM;100;0.00096;BORRACHA PRETA 28;0.00068;;;;;;
FITA KK 213 8MM;213;0.0024;NYLON BRANCO;0.00087;;;;;;
ELASTICO 16410 611 7MM;611;0.00085;BORRACHA BRANCA 28;0.0008;BORRACHA REVESTIDA BRANCA;0.00038;;;;
ATAC 11628 175 7MM;175;0.0022;;;;;;;;
ATAC 6AL 466 6MM;466;0.0028;ENCHIMENTO;0.00087;;;;;;
ATAC 6AL 410 6MM;410;0.0028;ENCHIMENTO;0.00087;;;;;;
ATAC 6AL 065 6MM;65;0.0028;ENCHIMENTO;0.00087;;;;;;
ATAC 6AL 338 6MM;338;0.0028;ENCHIMENTO;0.00087;;;;;;
ELAST MTM ENGOMADO 223 40MM;223;0.0078;BORRACHA BRANCA 38;0.0052;;;;;;
ELAST MTM ENGOMADO 065 40MM;65;0.0078;BORRACHA PRETA 38;0.0052;;;;;;
ELAST MTM ENGOMADO 466 40MM;466;0.0078;BORRACHA BRANCA 38;0.0052;;;;;;
ELAST MTM ENGOMADO 189 40MM;189;0.0078;BORRACHA BRANCA 38;0.0052;;;;;;
ELAST MTM ENGOMADO 410 40MM;410;0.0078;BORRACHA BRANCA 38;0.0052;;;;;;
ELAST MTM ENGOMADO 338 40MM;338;0.0078;BORRACHA BRANCA 38;0.0052;;;;;;
FITA M32107 223 12MM;223;0.0055;;;;;;;;
FITA M32107 065 12MM;65;0.0055;;;;;;;;
FITA M32107 466 12MM;466;0.0055;;;;;;;;
FITA M32107 189 12MM;189;0.0055;;;;;;;;
FITA M32107 410 12MM;410;0.0055;;;;;;;;
FITA M32107 338 12MM;338;0.0055;;;;;;;;
ATAC M8081 LIGHT GREY 7MM;LIGHT GREY (FIO 30/2);0.0037;;;;;;;;
FITA MDP 199/1P 13MM;199/1P;0.0029;;;;;;;;
FITA MDP 053/1P 13MM;053/1P;0.0029;;;;;;;;
FITA MDP 799/1P 13MM;799/1P;0.0029;;;;;;;;
ELAST CANELADO 060/1 10MM;060/1;0.0064;BORRACHA REVESTIDA BRANCA;0.00038;BORRACHA BRANCA 38;0.00084;;;;
ATAC 6ALF 312/059 6MM;312;0.0009;59;0.0022;ENCHIMENTO;0.00087;;;;
ATAC M16063 016/435;16;0.0029;435;0.00021;ENCHIMENTO;0.00087;;;;
ATAC M16063 042/100;42;0.0029;100;0.00021;ENCHIMENTO;0.00087;;;;
ATAC M16063 016/100;16;0.0029;100;0.00021;ENCHIMENTO;0.00087;;;;
ATAC M16063 312;312;0.0031;ENCHIMENTO;0.00087;;;;;;
ATAC M16063 100;100;0.0031;ENCHIMENTO;0.00087;;;;;;
ATAC M16063 001/100;1;0.0029;100;0.00021;ENCHIMENTO;0.00087;;;;
ATAC M16063 100/099;100;0.0029;99;0.00021;ENCHIMENTO;0.00087;;;;
ATAC M16063 317/100 ;317;0.0029;100;0.00021;ENCHIMENTO;0.00087;;;;
ATAC M10045 169/003 6MM;169;0.0029;3;0.00087;ENCHIMENTO;0.00085;;;;
ATAC M10045 522/100 6MM;522;0.0029;100;0.00087;ENCHIMENTO;0.00085;;;;
ATAC M18006 312;312;0.0054;ENCHIMENTO;0.00087;;;;;;
ATAC M18006 045;45;0.0054;ENCHIMENTO;0.00087;;;;;;
ATAC M18006 094;94;0.0054;ENCHIMENTO;0.00087;;;;;;
ATAC M18006 317;317;0.0054;ENCHIMENTO;0.00087;;;;;;
ATAC 6ALF 100/338 6MM;100;0.0009;338;0.0022;ENCHIMENTO;0.00087;;;;
FITA 165/084 BARCELONA 10MM;165;0.0029;84;0.00087;;;;;;
FITA 058/102/084 PSG 10MM;58;0.0029;102;0.00087;84;0.000889;;;;
FITA 084/102/100 SAO PAULO 10MM;84;0.0029;102 LAVADO;0.00087;100;0.000889;;;;
FITA 102/128 10MM;102 LAVADO;0.0029;128;0.00087;;;;;;
ATAC 14163 046 6MM;46;0.0028;ENCHIMENTO;0.00087;;;;;;
ATAC 14163 176 6MM;176;0.0028;ENCHIMENTO;0.00087;;;;;;
ATAC M10046 530 6MM;530;0.0028;ENCHIMENTO;0.00087;;;;;;
ATAC M10046 639 6MM;639;0.0028;ENCHIMENTO;0.00087;;;;;;
ATAC M10046 210 6MM;210;0.0028;ENCHIMENTO;0.00087;;;;;;
FITA MDP 2T HAVANNA POLIMP 15MM;752/1P;0.0032;;;;;;;;
ATAC M12103 102/100 8MM;102 LAVADO;0.0029;100;0.00087;;;;;;
ATAC M12103 102/290 8MM;102 LAVADO;0.0029;290;0.00087;;;;;;
ATAC M12103 102/515 8MM;102 LAVADO;0.0029;515;0.00087;;;;;;
ATAC M22019 611/102 8MM;611;0.0029;102 LAVADO;0.00087;;;;;;
ATAC M12115 010 HAVANNA 8MM;10;0.0029;;;;;;;;
ATAC M22019 059/102 8MM;59;0.0029;102 LAVADO;0.00087;;;;;;
FITA MFP 181 CALIF BLUE 10MM;181;0.0054;;;;;;;;
ATAC M12115 099 OXIDE 8MM;99;0.0029;;;;;;;;
ATAC M12115 057 8MM;57;0.0029;;;;;;;;
ATAC M12115 494 8MM;494;0.0029;;;;;;;;
ATAC M22010 181/1P 5MM;181/1 RECICLADO;0.0037;;;;;;;;
ATAC M22010 100/1P 5MM ;100/1 RECICLADO;0.0037;;;;;;;;
ATAC M22010 513/1P 5MM;513/1 RECICLADO;0.0037;;;;;;;;
ATAC M22010 494/1P 5MM;494/1 RECICLADO;0.0037;;;;;;;;
ATAC M8081 BLUE INDIGO ALPINA 7MM;BLUE INDIGO (30-2);0.0037;;;;;;;;
ATAC M8081 2161 OXIDE 7MM;2161;0.0037;;;;;;;;
ATAC M8081 2158 NEW CRIMSON 7MM;2158;0.0037;;;;;;;;
ATAC M8081 2167 SHADOW 7MM;2167;0.0037;;;;;;;;
FITA MFP 100 10MM;100;0.0054;;;;;;;;
FITA MFP 513 LIGHT GREY 10MM;513;0.0054;;;;;;;;
FITA MFP 494 SHADOW 10MM;494;0.0054;;;;;;;;
FITA M4180 189/1P LIGHT GREY 9MM;189/1P;0.0029;;;;;;;;
FITA MDP 867/1P OXIDE 15MM;867/1P;0.0032;;;;;;;;
ATAC 6ALF 365/373 6MM;365;0.0009;373;0.0022;ENCHIMENTO;0.00087;;;;
ATAC 6ALF 624/104 6MM;624;0.0009;104;0.0022;ENCHIMENTO;0.00087;;;;
ATAC M16063 118;118;0.0031;ENCHIMENTO;0.00087;;;;;;
ATAC 11628 182 7MM;182;0.0022;;;;;;;;
ELAST CANELADO ZW 061/1 10MM;061/1;0.0064;BORRACHA REVESTIDA PRETA;0.00038;BORRACHA PRETA 38;0.00084;;;;
ELASTICO 16410 022 7MM;22;0.00085;BORRACHA BRANCA 28;0.0008;BORRACHA REVESTIDA BRANCA;0.00038;;;;
ATAC M12015 310 8MM;310;0.0039;;;;;;;;
ATAC 6ALF 786/104 6MM;786;0.0009;104;0.0022;ENCHIMENTO;0.00087;;;;
ATAC 6ALF 427/739 6MM;427;0.0009;739;0.0022;ENCHIMENTO;0.00087;;;;
ATAC M12015 740 8MM;740;0.0039;;;;;;;;
FITA KK 100 8MM;213;0.0029;NYLON BRANCO;0.00087;;;;;;
ELAST CANELADO 116/1 10MM;116/1;0.0064;BORRACHA REVESTIDA PRETA;0.00038;BORRACHA PRETA 38;0.00084;;;;
ELAST CANELADO 165/1 10MM;165/1;0.0064;BORRACHA REVESTIDA BRANCA;0.00038;BORRACHA BRANCA 38;0.00084;;;;
ELAST CANELADO 081/1 10MM;081/1;0.0064;BORRACHA REVESTIDA BRANCA;0.00038;BORRACHA BRANCA 38;0.00084;;;;
ATAC M6034 2157 GREY FIVE 8MM;2157;0.0077;;PESO ALTERADO 01/07/24;;;;;;
CORDAO M9043 378;378;0.0009;ENCHIMENTO;0.00087;;;;;;
CORDAO M9043 513;513;0.0009;ENCHIMENTO;0.00087;;;;;;
CORDAO M9043 075;75;0.0009;ENCHIMENTO;0.00087;;;;;;
ATAC M8081 2000 WHITE 7MM;2000;0.0037;;;;;;;;
ATAC M12026 821 8MM;821;0.0029;;;;;;;;
ATAC M12026 100 8MM;100;0.0029;;;;;;;;
ATAC M12026 368 8MM;368;0.0029;;;;;;;;
ATAC M12026 094 8MM;94;0.0029;;;;;;;;
ATAC M12026 102 8MM;102 LAVADO;0.0029;;;;;;;;
ATAC M12103 494/459 8MM;494;0.0029;459;0.00087;;;;;;
ATAC M22019 100/118 8MM;100;0.0029;118;0.00087;;;;;;
FITA MFP 021 10MM;21;0.0054;;;;;;;;
ATAC M10046 136 6MM;136;0.0028;ENCHIMENTO;0.00087;;;;;;
ATAC M10030 170/278 6MM;170;0.0029;278;0.00087;ENCHIMENTO;0.0021;;;;
ATAC M10030 612/100 6MM;612;0.0029;100;0.00087;ENCHIMENTO;0.0021;;;;
ATAC M10030 278/578 6MM;278;0.0029;578;0.00087;ENCHIMENTO;0.0021;;;;
ATAC M10030 338/533 6MM;338;0.0029;533;0.00087;ENCHIMENTO;0.0021;;;;
ATAC M10030 100/612 6MM;100;0.0029;612;0.00087;ENCHIMENTO;0.0021;;;;
ATAC M10046 180 6MM;180;0.0028;ENCHIMENTO;0.00087;;;;;;
ATAC 6ALF 212/104 6MM;212;0.0009;104;0.0022;ENCHIMENTO;0.00087;;;;
ATAC 6ALF 416/059 6MM;416;0.0009;59;0.0022;ENCHIMENTO;0.00087;;;;
ATAC 6ALF 786/100 6MM;786;0.0009;100;0.0022;ENCHIMENTO;0.00087;;;;
ELASTICO TR-286 056 2,5MM;56;0.0029;BORRACHA BRANCA 28;0.00068;;;;;;
ELASTICO TR-286 113 2,5MM;113;0.0029;BORRACHA BRANCA 28;0.00068;;;;;;
ELASTICO TR-286 035 2,5MM;35;0.0029;BORRACHA BRANCA 28;0.00068;;;;;;
ATAC 11628 239 7MM;239;0.0022;;;;;;;;
ATAC 11628 101 7MM;101 LAVADO;0.0022;;;;;;;;
ATAC 11628 148 7MM;148;0.0022;;;;;;;;
ELAST CANELADO ZW 082/1 10MM;082/1;0.0064;BORRACHA REVESTIDA BRANCA;0.00038;BORRACHA BRANCA 38;0.00084;;;;
ELAST CANELADO ZW 146/1 10MM;146/1;0.0064;BORRACHA REVESTIDA BRANCA;0.00038;BORRACHA BRANCA 38;0.00084;;;;
ELAST CANELADO ZW 323/1 10MM;323/1;0.0064;BORRACHA REVESTIDA BRANCA;0.00038;BORRACHA BRANCA 38;0.00084;;;;
ELAST CANELADO ZW 173/1 10MM;173/1;0.0064;BORRACHA REVESTIDA BRANCA;0.00038;BORRACHA BRANCA 38;0.00084;;;;
ELAST CANELADO ZW 310/1 10MM;310/1;0.0064;BORRACHA REVESTIDA BRANCA;0.00038;BORRACHA BRANCA 38;0.00084;;;;
ELASTICO TR-286 218 2,5MM;218;0.0029;;;;;;;;
FITA 726 100 15MM;100;0.0029;;;;;;;;
ATAC M22010 021/1P 5MM;021/1 RECICLADO;0.0037;;;;;;;;
ELASTICO 16410 296 7MM;296;0.00085;BORRACHA BRANCA 28;0.0008;BORRACHA REVESTIDA BRANCA;0.00038;;;;
ATAC 11628 305 7MM;305;0.0022;;;;;;;;
ATAC 11628 285 7MM;285;0.0022;;;;;;;;
ATAC 11628 176 7MM;176;0.0022;;;;;;;;
ATAC M8081 2167 GRIGIO SCURO 7MM;2167;0.0037;;;;;;;;
ELASTICO TR-286 256 2,5MM;256;0.0029;BORRACHA BRANCA 28;0.00068;;;;;;
FITA 726 183 15MM;183;0.0029;;;;;;;;
ELASTICO 16410 146 7MM;146;0.00085;BORRACHA BRANCA 28;0.0008;BORRACHA REVESTIDA BRANCA;0.00038;;;;
ATAC M12103 459/494 8MM;459/1;0.0029;494;0.00087;;;;;;
ATAC 6ALF 104/427 6MM;104;0.0009;427;0.0022;ENCHIMENTO;0.00087;;;;
ATAC M18006 129 ;129;0.0054;ENCHIMENTO;0.00087;;;;;;
ATAC 6AL 223 6MM;223;0.0028;ENCHIMENTO;0.00087;;;;;;
ATAC M8081 2168 7MM;2168;0.0037;;;;;;;;
ATAC M8081 PINK 244 (SEM COR AINDA) 7MM;2170;0.0037;;;;;;;;
ATAC M4000/4 101;101 LAVADO;0.0054;;;;;;;;
ATAC M4000/4 326;326;0.0054;;;;;;;;
ATAC M4000/4 220;220;0.0054;;;;;;;;
ATAC M4000/4 124;124;0.0054;;;;;;;;
ATAC M8081 2169 7MM;2169;0.0037;;;;;;;;
ATAC M4000/4 046;46;0.0054;;;;;;;;
ATAC M4000/4 167;167;0.0054;;;;;;;;
ATAC M4000/4 604;604;0.0054;;;;;;;;
ATAC M4000/4 197;197;0.0054;;;;;;;;
FITA MDP 051/1P 13MM;051/1P;0.0029;;;;;;;;
ELASTICO 16410 102 7MM;102 LAVADO;0.00085;BORRACHA BRANCA 28;0.0008;BORRACHA REVESTIDA BRANCA;0.00038;;;;
ATAC 6ALF 042/100 6MM;42;0.0009;100;0.0022;ENCHIMENTO;0.00087;;;;
ELAST CANELADO ZW 234/1 10MM;234/1;0.0064;BORRACHA REVESTIDA BRANCA;0.00038;BORRACHA BRANCA 38;0.00084;;;;
ATAC 14163 321 6MM;321;0.0028;ENCHIMENTO;0.00087;;;;;;
ATAC 11628 190 7MM;190;0.0022;;;;;;;;
ELAST 16410 323 7MM;323;0.00085;BORRACHA BRANCA 28;0.0008;BORRACHA REVESTIDA BRANCA;0.00038;;;;
ATAC 6ALF 212/100 6MM;212;0.0009;100;0.0022;ENCHIMENTO;0.00087;;;;
ATAC 6ALF 136/104 6MM;136;0.0009;104;0.0022;ENCHIMENTO;0.00087;;;;
FITA M32107 278 15MM;278;0.0069;;;;;;;;
ATAC M10046 643 6MM;643;0.0028;ENCHIMENTO;0.00087;;;;;;
ATAC M10046 630 6MM;630;0.0028;ENCHIMENTO;0.00087;;;;;;
ATAC M10046 577 6MM;557;0.0028;ENCHIMENTO;0.00087;;;;;;
ATAC M10046 365 6MM;365;0.0028;ENCHIMENTO;0.00087;;;;;;
FITA M32107 643 15MM;643;0.0069;;;;;;;;
FITA M32107 630 15MM;630;0.0069;;;;;;;;
FITA M32107 102 15MM;102 LAVADO;0.0069;;;;;;;;
ATAC M12015 312 8MM;312;0.0039;;;;;;;;
ATAC M21020 481/1P WHITE 8MM;481/1 RECICLADO;0.0031;;;;;;;;
ATAC M21020 BROWN 04 8MM;004/1 RECICLADO;0.0031;;;;;;;;
FITA M32107 189 10MM;189;0.0047;;;;;;;;
FITA M32107 189 15MM;189;0.0069;;;;;;;;
ATAC 6AL 452 6MM;452;0.0028;ENCHIMENTO;0.00087;;;;;;
FITA M32107 452 10MM;452;0.0047;;;;;;;;
FITA M32107 452 15MM;452;0.0069;;;;;;;;
ATAC 6ALF 020/104 6MM;20;0.0009;104;0.0022;ENCHIMENTO;0.00087;;;;
ATAC 11628 295 7MM;295;0.0022;;;;;;;;
ATAC 11628 170 7MM;170;0.0022;;;;;;;;
ATAC M6079 2001 8MM;2001 (30-2);0.0029;;;;;;;;
ATAC M16100 100 4MM;100;0.0029;ENCHIMENTO;0.00087;;;;;;
ATAC M16100 161 4MM;161;0.0029;ENCHIMENTO;0.00087;;;;;;
ATAC M3000/6 100/494 4MM;100;0.0029;494;0.00087;ENCHIMENTO;0.0024;;;;
ATAC M3000/6 100/012 4MM;100;0.0029;12;0.00087;ENCHIMENTO;0.0024;;;;
ATAC M6079 MALBEC (ALPINA) 8MM;MALBEC 30-2;0.0029;;;;;;;;
ATAC M6079 2172 NAVY 8MM;NAVY 30-2;0.0029;;;;;;;;
ATAC M6079 JEANS (ALPINA) 8MM;JEANS 30-2;0.0029;;;;;;;;
ATAC M6079 2000 8MM;2000;0.0029;;;;;;;;
ATAC M6079 CARAMELO (ALPINA) 8MM;CARAMELO 30-2;0.0029;;;;;;;;
ELAST MTM 100 35MM;100;0.016;BORRACHA PRETA 38;0.011;;;;;;
ELAST MTM 102 35MM;102 LAVADO;0.016;BORRACHA PRETA 38;0.011;;;;;;
FITA MFP 100 12MM;100;0.0055;;;;;;;;
FITA MFP 161 12MM;161;0.0055;;;;;;;;
FITA MFP 735 NEW NAVY 12MM;735;0.0055;;;;;;;;
FITA MDP 2T 481/1P WHITE 15MM;481/1P;0.0032;;;;;;;;
FITA MDP 2T 161/1P 15MM;161/1P;0.0032;;;;;;;;
FITA MDP 2T JEANS (POLIMP) 15MM;JEANS (POLIMP);0.0032;;;;;;;;
FITA MDP 2T RED (POLIMP) 15MM;RED (POLIMP);0.0032;;;;;;;;
FITA MDP 2T 873/1P NEW NAVY 15MM;873/1P;0.0032;;;;;;;;
ATAC 3000/6 030/058 4MM;30;0.0029;58;0.00087;ENCHIMENTO;0.0024;;;;
FITA 726 290 15MM;290;0.0029;;;;;;;;
ELAST 16410 101 7MM;101 LAVADO;0.00085;BORRACHA BRANCA 28;0.0008;BORRACHA REVESTIDA BRANCA;0.00038;;;;
FITA 726 248 15MM;248;0.0029;;;;;;;;
ELAST TR-286 270 2,5MM;270;0.0029;BORRACHA BRANCA 28;0.00068;;;;;;
ATACADOR M9030 187 1,5MM;187;0.0009;;;;;;;;
FITA 726 010 15MM;10;0.0029;;;;;;;;
ATAC 14163 115/321 6MM;115;0.002;321;0.0024;ENCHIMENTO;0.00087;;;;
ATAC 14163 199/295 6MM;199;0.002;295;0.0024;ENCHIMENTO;0.00087;;;;
ATAC 3000/6 056/006 4MM;56;0.0029;6;0.00087;ENCHIMENTO;0.0024;;;;
ATAC M18006 129;129;0.0054;ENCHIMENTO;0.00087;;;;;;
ATAC M13475 100;100;0.0029;;;;;;;;
ATAC M13475 278;278;0.0029;;;;;;;;
ATAC M13475 100/316;100;0.0029;316;0.00087;;;;;;
ATAC M13475 260/079;260;0.0029;79;0.00087;;;;;;
ATAC M18006 541;541;0.0054;ENCHIMENTO;0.00087;;;;;;
ATAC 14163 214 6MM;214;0.0028;ENCHIMENTO;0.00087;;;;;;
FITA 726 210 15MM ;210;0.0029;;;;;;;;
FITA 726 196 15MM;196;0.0029;;;;;;;;
ATAC 3000/6 100/038 4MM;100;0.0029;38;0.00087;ENCHIMENTO;0.0024;;;;
ATAC M12119 888/1 UNITY INK 6MM;888/1 RECICLADO;0.0042;;;;;;;;
FITA MFGP 066/102/286 10MM;66;0.0058;102 LAVADO;0.00087;286;0.000889;;;;
FITA MFGP 084/066 10MM;84;0.0021;66;0.0007;;;;;;
ATAC 11628 046 7MM;46;0.0022;;;;;;;;
FITA 726 030 15MM;30;0.0029;;;;;;;;
ATAC 14163 176/100 6MM;176;0.002;100;0.0024;ENCHIMENTO;0.00087;;;;
ATAC 14163 174 6MM;174;0.0028;ENCHIMENTO;0.00087;;;;;;
ATAC 14163 183/248 6MM;183;0.002;248;0.0024;ENCHIMENTO;0.00087;;;;
FITA M32107 180 15MM;180;0.0069;;;;;;;;
FITA M32107 533 15MM;533;0.0069;;;;;;;;
FITA MDP 2T 746/1P 15MM;746/1P;0.0032;;;;;;;;
ATAC M6034 2176 CRYSTAL WHITE 8MM;2176;0.0077;;PESO ALTERADO 01/07/24;;;;;;
ATAC M6034 2177 NIGHT CARGO 8MM;2177;0.0077;;PESO ALTERADO 01/07/24;;;;;;
ELAST CANELADO 231/1 10MM;231/1;0.0064;BORRACHA REVESTIDA BRANCA;0.00038;BORRACHA BRANCA 38;0.00084;;;;
ELAST CANELADO 870/1 10MM;870/1;0.0064;BORRACHA REVESTIDA BRANCA;0.00038;BORRACHA BRANCA 38;0.00084;;;;
ELAST CANELADO 869/1 10MM;869/1;0.0064;BORRACHA REVESTIDA BRANCA;0.00038;BORRACHA BRANCA 38;0.00084;;;;
FITA MDP 052/1P 13MM;052/1P;0.0029;;;;;;;;
ELAST CANELADO 282/1 10MM;282/1;0.0064;BORRACHA REVESTIDA BRANCA;0.00038;BORRACHA BRANCA 38;0.00084;;;;
ATAC M6034 LEGEND INK 8MM;LEGEND INK (FIO 30/2);0.0077;;PESO ALTERADO 01/07/24;;;;;;
ATAC M12113 102 8MM;102 LAVADO;0.0029;;;;;;;;
ATAC M12113 100 8MM;100;0.0029;;;;;;;;
ATAC 11628 060 7MM;60;0.0022;;;;;;;;
ATAC 11628 035 7MM ;35;0.0022;;;;;;;;
FITA 726 253 15MM;253;0.0029;;;;;;;;
ATAC M13054 290;290;0.0029;;;;;;;;
ATAC M13054 280;280;0.0029;;;;;;;;
ATAC M13054 118;118;0.0029;;;;;;;;
ELAST 16410 086 7MM;86;0.00085;BORRACHA PRETA 28;0.0008;BORRACHA REVESTIDA PRETA;0.00038;;;;
ELAST 16410 064 7MM;64;0.00085;BORRACHA PRETA 28;0.0008;BORRACHA REVESTIDA PRETA;0.00038;;;;
ATAC 11628 226 7MM;226;0.0022;;;;;;;;
ATAC 11628 334 7MM;334;0.0022;;;;;;;;
ATAC 11628 316 7MM;316;0.0022;;;;;;;;
FITA M3225 100 13MM;100;0.0029;;;;;;;;
ELAST CANELADO ZW 241/1 10MM;241/1;0.0064;BORRACHA REVESTIDA BRANCA;0.00038;BORRACHA BRANCA 38;0.00084;;;;
ELAST MER 016 2MM;16;0.002;BORRACHA PRETA 28;0.00068;;;;;;
ELAST M2159 140/114 7MM;140;0.00096;114;0.005;BORRACHA BRANCA 28;0.0037;;;;
ELAST M2159 321/102 7MM;321;0.00096;102 LAVADO;0.005;BORRACHA BRANCA 28;0.0037;;;;
ELAST 16410 291 7MM;291;0.00085;BORRACHA PRETA 28;0.0008;BORRACHA REVESTIDA PRETA;0.00038;;;;
ELAST 16410 262 7MM;262;0.00085;BORRACHA PRETA 28;0.0008;BORRACHA REVESTIDA PRETA;0.00038;;;;
ELAST 16410 270 7MM;270;0.00085;BORRACHA BRANCA 28;0.0008;BORRACHA REVESTIDA BRANCA;0.00038;;;;
ATAC M12103 253/100 8MM;253;0.0029;100;0.00087;;;;;;
ATAC M12103 099/494 8MM;99;0.0029;494;0.00087;;;;;;
ATAC M12103 494/100 8MM ;494;0.0029;100;0.00087;;;;;;
ATAC M13096 100 ;100;0.0035;ENCHIMENTO;0.00087;;;;;;
ATAC M13096 368;368;0.0035;ENCHIMENTO;0.00087;;;;;;
ATAC M13096 312 ;312;0.0035;ENCHIMENTO;0.00087;;;;;;
FITA MDP 867/1P 2T OXIDE 15MM;867/1P;0.0032;;;;;;;;
ATAC M22019 010 HAVANA 8MM;10;0.0029;;;;;;;;
ATAC M22019 079 NEW KAKHI 8MM;79;0.0029;;;;;;;;
FITA MDP 747/1P 2T HAVANA 15MM;747/1P;0.0032;;;;;;;;
ATAC 11628 064 7MM;64;0.0022;;;;;;;;
CORDAO M9030 226 1,5MM;226;0.0009;;;;;;;;
CORDAO M9030 310 1,5MM;310;0.0009;;;;;;;;
ELAST M2159 226/334 7MM;226;0.00096;334;0.005;BORRACHA BRANCA 28;0.0037;;;;
FITA MDP 162/1P 13MM;162/1P;0.0029;;;;;;;;
CORDAO M9030 312 1,5MM;312;0.0009;;;;;;;;
CORDAO M9030 169 1,5MM;169;0.0009;;;;;;;;
CORDAO M9030 200 1,5MM;200;0.0009;;;;;;;;
ELAST 16410 209 7MM;209;0.00085;BORRACHA PRETA 28;0.0008;BORRACHA REVESTIDA PRETA;0.00038;;;;
ELAST 16410 045 7MM;45;0.00085;BORRACHA BRANCA 28;0.0008;BORRACHA REVESTIDA BRANCA;0.00038;;;;
ELAST 16410 051 7MM;51;0.00085;BORRACHA PRETA 28;0.0008;BORRACHA REVESTIDA PRETA;0.00038;;;;
FITA 726 190 15MM;190;0.0029;;;;;;;;
CORDAO M9030 248 1,5MM;248;0.0009;;;;;;;;
FITA MDP 291/1P 13MM;291/1P;0.0029;;;;;;;;
ELAST 16410 001 7MM;1;0.00085;BORRACHA PRETA 28;0.0008;BORRACHA REVESTIDA PRETA;0.00038;;;;
ATAC 3000 246 3MM;246;0.00089;ENCHIMENTO;0.00087;;;;;;
ATAC M9022 317 3MM;317;0.00088;ENCHIMENTO;0.00087;;;;;;
ELAST M2159 102/030 7MM;102 LAVADO;0.00096;30;0.005;BORRACHA BRANCA 28;0.0037;;;;
ELAST M2159 045/314 7MM;45;0.00096;314;0.005;BORRACHA BRANCA 28;0.0037;;;;
ATAC 3000 114 3MM;114;0.00089;ENCHIMENTO;0.00087;;;;;;
ATAC 6AL 887 6MM;887;0.0028;ENCHIMENTO;0.00087;;;;;;
ATAC 6AL 884 6MM;884;0.0028;ENCHIMENTO;0.00087;;;;;;
ATAC M13456 100/612;100;0.0029;612;0.00087;ENCHIMENTO;0.000827;;;;
ATAC M13456 278/441;278;0.0029;441;0.00087;ENCHIMENTO;0.000827;;;;
ATAC M13456 351/356;351;0.0029;356;0.00087;ENCHIMENTO;0.000827;;;;
ATAC M13456 140/078;140;0.0029;78;0.00087;ENCHIMENTO;0.000827;;;;
ATAC M13456 452/100;452;0.0029;100;0.00087;ENCHIMENTO;0.000827;;;;
ELAST MTM 100 25MM;100;0.0072;BORRACHA PRETA 38;0.00068;;;;;;
ELAST MTM 278 35MM;278;0.016;BORRACHA PRETA 38;0.011;;;;;;
ELAST MTM 887 ENGOMADO 40MM;887;0.0078;BORRACHA PRETA 38;0.0052;;;;;;
ELAST MTM 884 ENGOMADO 40MM;884;0.0078;BORRACHA PRETA 38;0.0052;;;;;;
ELAST MTM 278 ENGOMADO 40MM;278;0.0078;BORRACHA PRETA 38;0.0052;;;;;;
FITA M32107 887 12MM ;887;0.0055;;;;;;;;
FITA M32107 884 12MM;884;0.0055;;;;;;;;
FITA M32107 278 12MM;278;0.0055;;;;;;;;
FITA M32107 351 15MM;351;0.0069;;;;;;;;
FITA M32107 140 15MM;140;0.0069;;;;;;;;
FITA MFGP 100 15MM;100;0.0058;;;;;;;;
FITA MFGP 278 15MM;278;0.0058;;;;;;;;
ELAST MTM 278 25MM;278;0.0072;BORRACHA PRETA 38;0.00068;;;;;;
FITA 726 127 10MM;127;0.0029;;;;;;;;
FITA 726 135 10MM;135;0.0029;;;;;;;;
FITA 726 143 10MM;143;0.0029;;;;;;;;
ATAC M16063 317 4MM;317;0.0031;ENCHIMENTO;0.00087;;;;;;
ATAC M16063 800 4MM;800;0.0031;ENCHIMENTO;0.00087;;;;;;
ATAC M16063 100/038 4MM;100;0.0029;38;0.00021;ENCHIMENTO;0.00087;;;;
ATAC M16063 108/100 4MM;108;0.0029;100;0.00021;ENCHIMENTO;0.00087;;;;
ATAC M10046 672 6MM;672;0.0028;ENCHIMENTO;0.00087;;;;;;
ATAC M10046 583 6MM;583;0.0028;ENCHIMENTO;0.00087;;;;;;
ATAC M13143 100/612;100;0.0029;612;0.00087;ENCHIMENTO;0.000827;;;;
ATAC M13143 100/107;100;0.0029;107;0.00087;ENCHIMENTO;0.000827;;;;
ATAC M13143 100/280;100;0.0029;280;0.00087;ENCHIMENTO;0.000827;;;;
ATAC 6ALF 278/460 6MM;278;0.0009;460;0.0022;ENCHIMENTO;0.00087;;;;
ATAC 6ALF 189/914 6MM;189;0.0009;914;0.0022;ENCHIMENTO;0.00087;;;;
ATAC M13054 032;32;0.0029;;;;;;;;
ATAC M13054 020;20;0.0029;;;;;;;;
ATAC M13054 066;66;0.0029;;;;;;;;
ATAC M13054 036;36;0.0029;;;;;;;;
ATAC M13054 303;303;0.0029;;;;;;;;
FITA MFGP 303 15MM;303;0.0058;;;;;;;;
FITA MFGP 267 15MM;267;0.0058;;;;;;;;
ATAC M13054 267;267;0.0029;;;;;;;;
ELAST CANELADO 291/1 10MM;291/1;0.0064;BORRACHA REVESTIDA BRANCA;0.00038;BORRACHA BRANCA 38;0.00084;;;;
ELAST CANELADO 255/1 10MM;255/1;0.0064;BORRACHA REVESTIDA BRANCA;0.00038;BORRACHA BRANCA 38;0.00084;;;;
ELAST CANELADO 339/1 10MM;339/1;0.0064;BORRACHA REVESTIDA BRANCA;0.00038;BORRACHA BRANCA 38;0.00084;;;;
ELAST TR-286 253 2,5MM;253;0.0029;BORRACHA BRANCA 28;0.00068;;;;;;
ELAST 16410 226 7MM;226;0.00085;BORRACHA PRETA 28;0.0008;BORRACHA REVESTIDA PRETA;0.00038;;;;
ELAST MER 001 2MM;1;0.002;BORRACHA PRETA 28;0.00068;;;;;;
ELAST MER 321 2MM;321;0.002;BORRACHA BRANCA 28;0.00068;;;;;;
ELAST MER 253 2MM;253;0.002;BORRACHA PRETA 28;0.00068;;;;;;
ELAST TR-286 001 2,5MM;1;0.0029;BORRACHA BRANCA 28;0.00068;;;;;;
FITA 726 289 15MM;289;0.0029;;;;;;;;
FITA 726 310 15MM;310;0.0029;;;;;;;;
ATAC M10046 468 6MM;468;0.0028;ENCHIMENTO;0.00087;;;;;;
ATAC M12020 100 9MM;100;0.0044;;;;;;;;
ATAC M12020 567 9MM;567;0.0044;;;;;;;;
ATAC M12020 104 9MM;104;0.0044;;;;;;;;
ATAC M12020 005 9MM;5;0.0044;;;;;;;;
CORDAO M9030 170 1,5MM;170;0.0009;;;;;;;;
FITA MFGP 253 12MM;253;0.0046;;;;;;;;
FITA MFGP 248 12MM;248;0.0046;;;;;;;;
ATAC 11628 310 7MM;310;0.0022;;;;;;;;
ATAC 11628 611 7MM;611;0.0022;;;;;;;;
ATAC 11628 312 7MM;312;0.0022;;;;;;;;
ATAC 3000 310 3MM;310;0.00089;ENCHIMENTO;0.00087;;;;;;
ATAC 3000 290 3MM;290;0.00089;ENCHIMENTO;0.00087;;;;;;
ATAC 14163 048 6MM;48;0.0028;ENCHIMENTO;0.00087;;;;;;
ATAC 14163 226 6MM;226;0.0028;ENCHIMENTO;0.00087;;;;;;
ATAC 14163 064 6MM;64;0.0028;ENCHIMENTO;0.00087;;;;;;
ATAC 14163 310 6MM;310;0.0028;ENCHIMENTO;0.00087;;;;;;
FITA 726 146 10MM;146;0.0029;;;;;;;;
FITA 726 064 15MM;64;0.0029;;;;;;;;
ELAST MTM 321 30MM;321;0.0072;BORRACHA BRANCA 38;0.00068;;;;;;
ATAC M12108 134/1P/LX PRATA 8MM;134/1;0.0029;LUREX PRATA;0.00087;;;;;;
ATAC M12108 101/1P/LX PRATA 8MM;101/1 LAVADO;0.0029;LUREX PRATA;0.00087;;;;;;
ATAC 6AL 024 6MM;24;0.0028;ENCHIMENTO;0.00087;;;;;;
ATAC 6AL 886 6MM;886;0.0028;ENCHIMENTO;0.00087;;;;;;
ATAC 6AL 140 6MM;140;0.0028;ENCHIMENTO;0.00087;;;;;;
ELAST MTM 024 ENGOMADO 40MM;24;0.0078;BORRACHA BRANCA 38;0.0052;;;;;;
ELAST MTM 140 ENGOMADO 40MM;140;0.0078;BORRACHA PRETA 38;0.0052;;;;;;
FITA M32107 024 12MM;24;0.0055;;;;;;;;
FITA M32107 140 12MM;140;0.0055;;;;;;;;
FITA MFGP 886 15MM;886;0.0058;;;;;;;;
FITA M41409 134/1P/NYLON 015 14MM;134/1P;0.0029;NYLON 015;0.00087;;;;;;
FITA M41409 481/1P/NYLON 015 14MM;481/1P;0.0029;NYLON 015;0.00087;;;;;;
FITA MDP 935/1P 13MM;935/1P;0.0029;;;;;;;;
ATAC M18006 045 ;935/1 RECICLADO;0.0054;ENCHIMENTO;0.00087;;;;;;
ELAST MTM 611 30MM;611;0.0072;BORRACHA PRETA 38;0.00068;;;;;;
ELAST MTM 290 30MM;290;0.0072;BORRACHA PRETA 38;0.00068;;;;;;
ATAC 14163 182 6MM;182;0.0028;ENCHIMENTO;0.00087;;;;;;
ELAST MER 100 2MM;100;0.002;BORRACHA PRETA 28;0.00068;;;;;;
ATAC 6ALF 100/365 6MM;100;0.0009;365;0.0022;ENCHIMENTO;0.00087;;;;
ATAC M18006 252;252;0.0054;ENCHIMENTO;0.00087;;;;;;
ATAC M18006 248;248;0.0054;ENCHIMENTO;0.00087;;;;;;
ATAC M6034 2203 OFF WHITE 8MM;2203;0.0077;;PESO ALTERADO 01/07/24;;;;;;
ELAST 16410 053 7MM;53;0.00085;BORRACHA BRANCA 28;0.0008;BORRACHA REVESTIDA BRANCA;0.00038;;;;
ELAST 16410 024 7MM;24;0.00085;BORRACHA BRANCA 28;0.0008;BORRACHA REVESTIDA BRANCA;0.00038;;;;
FITA 726 321 15MM;321;0.0029;;;;;;;;
FITA 726 024 15MM;24;0.0029;;;;;;;;
FITA 726 053 15MM;53;0.0029;;;;;;;;
FITA 726 226 15MM;226;0.0029;;;;;;;;
ATAC 3000 012 3MM;12;0.00089;ENCHIMENTO;0.00087;;;;;;
ATAC 3000 317 3MM;317;0.00089;ENCHIMENTO;0.00087;;;;;;
ATAC M13458 100/280 5MM;100;0.0029;280;0.00087;;;;;;
FITA 726 030 10MM;30;0.0029;;;;;;;;
FITA 726 169 10MM;169;0.0029;;;;;;;;
FITA 726 130 10MM;130;0.0029;;;;;;;;
FITA 726 059 15MM;59;0.0029;;;;;;;;
ELAST MTM 321 24MM;321;0.0072;BORRACHA BRANCA 38;0.00068;;;;;;
ELAST MTM 100 24MM;100;0.0072;BORRACHA PRETA 38;0.00068;;;;;;
ELAST MTM 310 24MM;310;0.0072;BORRACHA BRANCA 38;0.00068;;;;;;
ATAC M22024 210 6MM;210;0.0029;;;;;;;;
ATAC M22024 078 6MM;78;0.0029;;;;;;;;
ELAST CANELADO 187/1 10MM;187/1;0.0064;BORRACHA REVESTIDA BRANCA;0.00038;BORRACHA BRANCA 38;0.00084;;;;
ATAC M13139 100;100;0.0029;ENCHIMENTO;0.00087;;;;;;
FITA MFGP 189 15MM;189;0.0058;;;;;;;;
ATAC 11628 286 7MM;286;0.0022;;;;;;;;
ATAC M9022 077 3MM;77;0.00088;ENCHIMENTO;0.00087;;;;;;
FITA 726 303 10MM;303;0.0029;;;;;;;;
ATAC 6ALF 104/947 6MM;104;0.0009;947;0.0022;ENCHIMENTO;0.00087;;;;
ATAC 6ALF 740/100 6MM;740;0.0009;100;0.0022;ENCHIMENTO;0.00087;;;;
ATAC 6ALF 740/951 6MM;740;0.0009;951;0.0022;ENCHIMENTO;0.00087;;;;
FITA MDP 834/1P 13MM;834/1P;0.0032;;;;;;;;
ATAC 11628 071 7MM;834/1;0.0022;;;;;;;;
ATAC M22024 100 6MM;100;0.0029;;;;;;;;
ATAC M9022 021 3MM;21;0.00088;ENCHIMENTO;0.00087;;;;;;
ATAC 3000 229 3MM;229;0.00089;ENCHIMENTO;0.00087;;;;;;
ATAC M16063 494;494;0.0031;ENCHIMENTO;0.00087;;;;;;
ATAC M16063 102;102 LAVADO;0.0031;ENCHIMENTO;0.00087;;;;;;
FITA M3118 100 15MM;100;0.007;;;;;;;;
FITA M3118 612 15MM;612;0.007;;;;;;;;
FITA M3118 513 15MM;513;0.007;;;;;;;;
ATAC 11628 001 7MM;1;0.0022;;;;;;;;
ATAC 11628 130 7MM;130;0.0022;;;;;;;;
ATAC 3000 321 3MM;321;0.00089;ENCHIMENTO;0.00087;;;;;;
ATAC M9022 270 3MM;270;0.00088;ENCHIMENTO;0.00087;;;;;;
FITA MDP 2T 758/1P GRISS 15MM;758/1P;0.0032;;;;;;;;
ATAC M12026 004 8MM;4;0.0029;;;;;;;;
ATAC M12026 104 8MM;104;0.0029;;;;;;;;
ATAC M21020 496/1P 8MM;496/1 RECICLADO;0.0031;;;;;;;;
ATAC M21020 084/1P 8MM;084/1 RECICLADO;0.0031;;;;;;;;
ATAC M21020 276/1P 8MM;276/1 RECCLADO;0.0031;;;;;;;;
ATAC M21020 290/1P 8MM ;290/1 RECICLADO;0.0031;;;;;;;;
ATAC M10046 135 6MM ;135;0.0028;ENCHIMENTO;0.00087;;;;;;
ATAC M10046 292 6MM;292;0.0028;ENCHIMENTO;0.00087;;;;;;
FITA M32107 292 15MM;292;0.0069;;;;;;;;
FITA M32139 100/291 15MM;100;0.0029;291;0.00087;;;;;;
ATAC M10030 180/533 6MM;180;0.0029;533;0.00087;ENCHIMENTO;0.0021;;;;
ATAC M10030 975/189 6MM;975;0.0029;189;0.00087;ENCHIMENTO;0.0021;;;;
ATAC M10046 247 6MM;247;0.0028;ENCHIMENTO;0.00087;;;;;;
FITA M32107 975 15MM;975;0.0069;;;;;;;;
ELAST CANELADO 018/102/299 REFLEXX 10MM;018/1;0.0038;102/1;0.00072;299/1;0.00072;BORRACHA BRANCA 38 ;0.0023;;
ELAST CANELADO 102/068/084 REFLEXX 10MM;481/1;0.0038;068/1;0.00072;084/1;0.00072;BORRACHA BRANCA 38 ;0.0023;;
ELAST CANELADO 018/102/100 REFLEXX 10MM;018/1;0.0038;102/1 ;0.00072;100/1 ;0.00072;BORRACHA BRANCA 38 ;0.0023;;
ELAST CANELADO 113/102/049 REFLEXX 10MM;113/1;0.0038;102/1;0.00072;049/1;0.00072;BORRACHA BRANCA 38 ;0.0023;;
ELAST 16410 063 7MM;63;0.00085;BORRACHA PRETA 28;0.0008;BORRACHA REVESTIDA PRETA;0.00038;;;;
FITA 726 312 15MM;312;0.0029;;;;;;;;
ATAC M9022 104 3MM;104;0.00088;ENCHIMENTO;0.00087;;;;;;
ATAC M9022 005 3MM;5;0.00088;ENCHIMENTO;0.00087;;;;;;
ATAC M9022 229 3MM;229;0.00088;ENCHIMENTO;0.00087;;;;;;
ATAC M9022 001 3MM;1;0.00088;ENCHIMENTO;0.00087;;;;;;
ATAC M9022 052 3MM;52;0.00088;ENCHIMENTO;0.00087;;;;;;
ATAC 14163 303 6MM;303;0.0028;ENCHIMENTO;0.00087;;;;;;
ELAST 16410 310 7MM;310;0.00085;BORRACHA BRANCA 28;0.0008;BORRACHA REVESTIDA BRANCA;0.00038;;;;
FITA 726 253 10MM;253;0.0029;;;;;;;;
ATAC M18006 243;243;0.0054;ENCHIMENTO;0.00087;;;;;;
ATAC MFP 226 15MM;226;0.0075;;;;;;;;
ATAC MFP 100 15MM;100;0.0075;;;;;;;;
ATAC MFP 102 15MM;102 LAVADO;0.0075;;;;;;;;
ATAC 3000 077 3MM;77;0.00089;ENCHIMENTO;0.00087;;;;;;
ATAC 11628 059 7MM;59;0.0022;;;;;;;;
ATAC 11628 127 7MM;127;0.0022;;;;;;;;
ATAC 11628 024 7MM;24;0.0022;;;;;;;;
ATAC 11628 053 7MM;53;0.0022;;;;;;;;
ATAC M9022 253 3MM;253;0.00088;ENCHIMENTO;0.00087;;;;;;
ATAC M9022 119 3MM;119;0.00088;ENCHIMENTO;0.00087;;;;;;
ELAST MER 300 2MM;300;0.002;BORRACHA PRETA 28;0.00068;;;;;;
ATAC MFP 303 15MM;303;0.0075;;;;;;;;
ATAC M12020 242 9MM;242;0.0044;;;;;;;;
ATAC M12020 099 9MM;99;0.0044;;;;;;;;
ATAC M12026 758 8MM;758;0.0029;;;;;;;;
CORDAO 3000/6 021 4MM;21;0.0029;ENCHIMENTO;0.00087;;;;;;
CORDAO 3000/6 237/189 4MM;237;0.0029;189;0.00087;ENCHIMENTO;0.0024;;;;
CORDAO 3000/6 100/137 4MM;100;0.0029;137;0.00087;ENCHIMENTO;0.0024;;;;
ATAC M10046 377 6MM;377;0.0028;ENCHIMENTO;0.00087;;;;;;
FITA M32107 338 15MM;338;0.0069;;;;;;;;
ATAC 3000 084 3MM;84;0.00089;ENCHIMENTO;0.00087;;;;;;
ATAC 11628 134 7MM;134;0.0022;;;;;;;;
ATAC 6ALF 954/100 6MM;954;0.0009;100;0.0022;ENCHIMENTO;0.00087;;;;
ELAST CANELADO 183/1 10MM;183/1;0.0064;BORRACHA REVESTIDA PRETA;0.00038;BORRACHA PRETA 38;0.00084;;;;
ATAC M10046 338 6MM;338;0.0028;ENCHIMENTO;0.00087;;;;;;
FITA M1308 165 10MM;165;0.0029;;;;;;;;
FITA M1308 162 10MM;162;0.0029;;;;;;;;
FITA MDP 706/1P 13MM;706/1P;0.0029;;;;;;;;
FITA MDP 044/1P 13MM;044/1P;0.0029;;;;;;;;
ATAC 11628 169 7MM;169;0.0022;;;;;;;;
ATAC 3000 051 3MM;51;0.00089;ENCHIMENTO;0.00087;;;;;;
ATAC M5132 100/312 5MM;100;0.0029;312;0.00087;;;;;;
ATAC M5132 104/427 5MM;104;0.0029;427;0.00087;;;;;;
ATAC M5132 024/801 5MM;24;0.0029;801;0.00087;;;;;;
ELAST 16410 312 7MM;312;0.00085;BORRACHA PRETA 28;0.0008;BORRACHA REVESTIDA PRETA;0.00038;;;;
ELAST 16410 241 7MM;241;0.00085;BORRACHA BRANCA 28;0.0008;BORRACHA REVESTIDA BRANCA;0.00038;;;;
ELAST 16410 052 7MM;52;0.00085;BORRACHA BRANCA 28;0.0008;BORRACHA REVESTIDA BRANCA;0.00038;;;;
ATAC M5132 916/801 5MM;916;0.0029;801;0.00087;;;;;;
ATAC 6ALF 024/954 6MM;24;0.0009;954;0.0022;ENCHIMENTO;0.00087;;;;
ATAC 6ALF 169/104 6MM;169;0.0009;104;0.0022;ENCHIMENTO;0.00087;;;;
ATAC 6ALF 254/104 6MM;254;0.0009;104;0.0022;ENCHIMENTO;0.00087;;;;
ATAC 6ALF 794/100 6MM;794;0.0009;100;0.0022;ENCHIMENTO;0.00087;;;;
ATAC 6ALF 444/951 6MM;444;0.0009;951;0.0022;ENCHIMENTO;0.00087;;;;
ATAC M13473 100/087 ;100;0.0029;87;0.00087;;;;;;
ATAC M13473 100/275;100;0.0029;275;0.00087;;;;;;
ATAC M13473 315/140;315;0.0029;140;0.00087;;;;;;
ATAC M13473 174/334 ;174;0.0029;334;0.00087;;;;;;
ATAC M13473 102/058;102 LAVADO;0.0029;58;0.00087;;;;;;
FITA MFP 939 10MM;939;0.0054;;;;;;;;
FITA MFP 315 10MM;315;0.0054;;;;;;;;
FITA MFP 278 10MM;278;0.0054;;;;;;;;
FITA MFP 334 10MM;334;0.0054;;;;;;;;
ATAC M10109 MESCLA CINZA/PRETO 6MM;MESCLA CINZA/PRETO;0.0029;513;0.00087;ENCHIMENTO;0.00087;;;;
ATAC M13143 100/315;100;0.0029;315;0.00087;ENCHIMENTO;0.000827;;;;
ATAC M10030 164/278 6MM;164;0.0029;278;0.00087;ENCHIMENTO;0.0021;;;;
ATAC M10030 194/100 6MM;194;0.0029;100;0.00087;ENCHIMENTO;0.0021;;;;
ATAC M10030 278/220 6MM;278;0.0029;220;0.00087;ENCHIMENTO;0.0021;;;;
ATAC M10030 209/101 6MM;209;0.0029;101;0.00087;ENCHIMENTO;0.0021;;;;
ATAC M10046 492 6MM;492;0.0028;ENCHIMENTO;0.00087;;;;;;
ATAC 3000 045 3MM;45;0.00089;ENCHIMENTO;0.00087;;;;;;
ATAC 3000 140 3MM;140;0.00089;ENCHIMENTO;0.00087;;;;;;
ATAC 3000 182 3MM;182;0.00089;ENCHIMENTO;0.00087;;;;;;
ATAC M12020 004 9MM;4;0.0044;;;;;;;;
ATAC M12026 567 8MM;567;0.0029;;;;;;;;
ATAC 11628 117 7MM;117;0.0022;;;;;;;;
ELAST 16410 096 7MM;96;0.00085;BORRACHA BRANCA 28;0.0008;BORRACHA REVESTIDA BRANCA;0.00038;;;;
ATAC 11628 146 7MM;146;0.0022;;;;;;;;
ATAC M22019 573 8MM;573;0.0029;;;;;;;;
ATAC M22019 145 8MM;145;0.0029;;;;;;;;
ATAC M22019 830 8MM;830;0.0029;;;;;;;;
ATAC M10109 MESCLA PETROLEOII/PRETO 6MM;MESCLA PETROLEOII/PRETO;0.0029;451;0.00087;ENCHIMENTO;0.00087;;;;
ATAC M12125 100/1P 6MM;100/1 RECICLADO;0.0031;TRAMA 100/1;0.00012;;;;;;
ATAC M12125 995/1P SOLAR GREEN 6MM;995/1 RECICLADO;0.0031;;;;;;;;
ATAC M9022 158 3MM;158;0.00088;ENCHIMENTO;0.00087;;;;;;
FITA MDP 251/1P 13MM;251/1P;0.0029;;;;;;;;
ELAST CANELADO 018/1 10MM;018/1 ;0.0064;BORRACHA REVESTIDA BRANCA;0.00038;BORRACHA BRANCA 38;0.00084;;;;
ELAST CANELADO 225/1 10MM;225/1 ;0.0064;BORRACHA REVESTIDA PRETA;0.00038;BORRACHA PRETA 38;0.00084;;;;
ATAC M10109 MESCLA 983/PRETO 6MM;MESCLA 983/PRETO;0.0029;60;0.00087;ENCHIMENTO;0.00087;;;;
ATAC M13054 036 ;36;0.0029;;;;;;;;
ATAC 6AL 416 6MM;416;0.0028;ENCHIMENTO;0.00087;;;;;;
AT 11628 FIBRA 045 120CM 18MM xs043...........;;0.0022;;;;;;;;
AT 11628 FIBRA 045 130CM 18MM xs043...........;;0.0022;;;;;;;;
ATAC 6AL 135 6MM;135;0.0028;ENCHIMENTO;0.00087;;;;;;
ATAC M21020 ACQUA/1P 8MM;ACQUA/1;0.0031;;;;;;;;
ELAST 16410 134 7MM;134;0.00085;BORRACHA PRETA 28;0.0008;BORRACHA REVESTIDA PRETA;0.00038;;;;
ATAC 6AL 100 6MM OVAL BCO ;100;0.0028;ENCHIMENTO;0.00087;*OVAL BRANCO;0.00006;;;;
ATAC 6AL 145 6MM OVAL BCO;145;0.0028;ENCHIMENTO;0.00087;*OVAL BRANCO;0.00006;;;;
ATAC 6AL 494 6MM OVAL BCO;494;0.0028;ENCHIMENTO;0.00087;*OVAL BRANCO;0.00006;;;;
ATAC M21020 021/1P 8MM;021/1 RECICLADO;0.0031;;;;;;;;
ATAC M10109 MESCLA 984/PRETO 6MM;MESCLA 984/PRETO;0.0029;794;0.00087;ENCHIMENTO;0.00087;;;;
ATAC M13054 176;176;0.0029;;;;;;;;
ATAC M13054 219;219;0.0029;;;;;;;;
ATAC M13054 102;102 LAVADO;0.0029;;;;;;;;
ATAC M4000/4 100 C/ ENCHIMENTO;100;0.0054;;;;;;;;
ATAC M12119 100/1 8MM;100/1 RECICLADO;0.0042;;;;;;;;
ATAC M12119 4006/1 GREY FOUR 8MM;4006;0.0042;;;;;;;;
ATAC M10046 4006 GREY FOUR 6MM;4006;0.0028;ENCHIMENTO;0.00087;;;;;;
ATAC M10046 852 6MM;852;0.0028;ENCHIMENTO;0.00087;;;;;;
ATAC M10046 4028 CHALK CORAL 6MM;4028;0.0028;ENCHIMENTO;0.00087;;;;;;
ATAC M13476 4005 ZEST 5MM;4005;0.0042;;;;;;;;
ATAC M13476 100 5MM;100;0.0042;;;;;;;;
ATAC M12125 101/1P 6MM;101/1 LAVADO;0.0031;;;;;;;;
ATAC 3000/2-32 100;100;0.0037;ENCHIMENTO;0.00087;;;;;;
ATAC 3000/2-32 101 CLOUD WHITE;101 LAVADO;0.0037;ENCHIMENTO;0.00087;;;;;;
ATAC 3000/2-32 102 ;102 LAVADO;0.0037;ENCHIMENTO;0.00087;;;;;;
ATAC M13476 4037 MET.SILVER 5MM;4037;0.0042;;;;;;;;
ATAC M13476 996 SOLAR RED 5MM;996;0.0042;;;;;;;;
ATAC M10046 942 6MM;942;0.0028;ENCHIMENTO;0.00087;;;;;;
ATAC M13476 4029 RED 6MM;4029;0.0042;;;;;;;;
FITA M32144 059/102/084 35MM;59;0.0029;102 LAVADO;0.00087;84;0.0024;;;;
ATAC 14163 170/290 6MM;170;0.002;290;0.0024;ENCHIMENTO;0.00087;;;;
ATAC 14163 226/030 6MM;226;0.002;30;0.0024;ENCHIMENTO;0.00087;;;;
ATAC M10109 MESCLA PETALA/PRETO 6MM;MESCLA PETALA/PRETO;0.0029;MESCLA PETALA/PRETO;0.00087;ENCHIMENTO;0.00087;;;;
ATAC M10109 MESCLA 149/100 6MM;MESCLA 149/100;0.0029;MESCLA 149/100;0.00087;ENCHIMENTO;0.00087;;;;
ATAC M4000/4 724 ;724;0.0054;;;;;;;;
FITA 726 048 15MM;48;0.0029;;;;;;;;
FITA KK 100 10MM;100;0.0029;;;;;;;;
ATAC M15081 310/102 7MM;310;0.0029;102 LAVADO;0.00087;;;;;;
ATAC M9022 007 3MM;7;0.00088;ENCHIMENTO;0.00087;;;;;;
ATAC M12128 100 8MM;100;0.0021;;;;;;;;
ATAC M12128 020 8MM;20;0.0021;;;;;;;;
ATAC M12128 102 8MM;102 LAVADO;0.0021;;;;;;;;
FITA MFGEL 100/1P 12MM;100/1P;0.0029;;;;;;;;
ATAC M13476 906 6MM;906;0.0042;;;;;;;;
ATAC M13476 065 6MM;65;0.0042;;;;;;;;
ATAC M12125 4041/1P OFF WHITE 6MM;4041/1 RECICLADO;0.0031;;;;;;;;
ATAC M10046 DARK BLUE 6MM;DARK BLUE (POLIESTER);0.0028;ENCHIMENTO;0.00087;;;;;;
ATAC M10046 GREY FOUR 6MM;4006;0.0028;ENCHIMENTO;0.00087;;;;;;
ATAC M13476 4030 ASH SILVER 6MM;4030;0.0042;;;;;;;;
ATAC M13054 066 ;66;0.0029;;;;;;;;
ATAC M13054 183 ;183;0.0029;;;;;;;;
FITA MFGP 226 10MM;226;0.0036;;;;;;;;
FITA MFGP 100 10MM;100;0.0036;;;;;;;;
FITA MFGP 140 10MM;140;0.0036;;;;;;;;
ATAC M15081 321/102 7MM;321;0.0029;102 LAVADO;0.00087;;;;;;
ELAST TR-286 226 2.5MM;226;0.0029;BORRACHA BRANCA 28;0.00068;;;;;;
ELAST TR-286 140 2.5MM;140;0.0029;BORRACHA PRETA 28;0.00068;;;;;;
ATAC M16100 501 OVAL BCO;501;0.0029;ENCHIMENTO;0.00087;*OVAL BRANCO;0.00006;;;;
ATAC M16100 274 OVAL PTO;274;0.0029;ENCHIMENTO;0.00087;*OVAL PRETO;0.00006;;;;
ATAC M16100 494 OVAL BCO;494;0.0029;ENCHIMENTO;0.00087;*OVAL BRANCO;0.00006;;;;
ELAST MTM 501 50MM;501;0.0072;BORRACHA PRETA 38;0.00068;;;;;;
ELAST MTM 274 50MM;274;0.0072;BORRACHA PRETA 38;0.00068;;;;;;
ELAST MTM 494 50MM;494;0.0072;BORRACHA PRETA 38;0.00068;;;;;;
ATAC M12020 102 10MM;533;0.0044;;;;;;;;
ATAC M12020 066 10MM;66;0.0044;;;;;;;;
ATAC M12020 100 10MM;100;0.0044;;;;;;;;
ATAC M12020 303 10MM;303;0.0044;;;;;;;;
ATAC M15081 063/100 7MM;63;0.0029;100;0.00087;;;;;;
CORDAO M9030 175 1,5MM;175;0.0009;;;;;;;;
FITA MFGP 296 15MM;296;0.0058;;;;;;;;
ATAC M13054 296 ;296;0.0029;;;;;;;;
ELAST 16410 334/LUREX PRATA 7MM;334;0.000132;LUREX PRATA;0.00016;BORRACHA PRETA 28;0.0035;;;;
ATAC 6ALF 922/954 6MM;922;0.0009;954;0.0022;ENCHIMENTO;0.00087;;;;
ATAC 6ALF 446/104 6MM;446;0.0009;104;0.0022;ENCHIMENTO;0.00087;;;;
FITA M32144 100/102/035 35MM;100;0.0029;102 LAVADO;0.00087;35;0.0024;;;;
FITA M32144 119/186/102 35MM;119;0.0029;186;0.00087;102 LAVADO;0.0024;;;;
ATAC 6ALF 416/312 6MM;416;0.0009;312;0.0022;ENCHIMENTO;0.00087;;;;
ATAC 14163 122/200 6MM;122;0.002;200;0.0024;ENCHIMENTO;0.00087;;;;
ATAC 14163 048/334 6MM;48;0.002;334;0.0024;ENCHIMENTO;0.00087;;;;
ATAC 14163 253/321 6MM;253;0.002;321;0.0024;ENCHIMENTO;0.00087;;;;
ATAC 14163 312/100 6MM;312;0.002;100;0.0024;ENCHIMENTO;0.00087;;;;
ATAC 14163 290/333 6MM;290;0.002;333;0.0024;ENCHIMENTO;0.00087;;;;
ATAC 14163 100/248 6MM;100;0.002;248;0.0024;ENCHIMENTO;0.00087;;;;
ATAC M16100 535 OVAL BCO;535;0.0029;ENCHIMENTO;0.00087;*OVAL BRANCO;0.00006;;;;
ELAST MTM 535 50MM;535;0.0072;BORRACHA PRETA 38;0.00068;;;;;;
ELAST CANELADO 148/1 10MM ;148/1;0.0064;BORRACHA REVESTIDA BRANCA;0.00038;BORRACHA BRANCA 38;0.00084;;;;
ATAC 6ALF 100/191 6MM;100;0.0009;191;0.0022;ENCHIMENTO;0.00087;;;;
ATAC M12015 301 8MM;301;0.0039;;;;;;;;
ATAC M10046 906 6MM;906;0.0028;ENCHIMENTO;0.00087;;;;;;
ELAST 16410 142 7MM;142;0.00085;BORRACHA BRANCA 28;0.0008;BORRACHA REVESTIDA BRANCA;0.00038;;;;
ELAST CANELADO 329/1 10MM;329/1;0.0064;BORRACHA REVESTIDA BRANCA;0.00038;BORRACHA BRANCA 38;0.00084;;;;
ATAC 11628 240 7MM;240;0.0022;;;;;;;;
ATAC 11628 025 7MM;25;0.0022;;;;;;;;
ATAC M18006 180;180;0.0054;ENCHIMENTO;0.00087;;;;;;
ATAC M18006 242;242;0.0054;ENCHIMENTO;0.00087;;;;;;
ATAC M13475 573;573;0.0029;;;;;;;;
FITA MFGEL 494/1P 15MM;494/1P;0.0029;;;;;;;;
FITA MFGEL 059/1P 15MM;059/1P;0.0029;;;;;;;;
ATAC M8081 2170 7MM;2170;0.0037;;;;;;;;
ATAC M13054 057;57;0.0029;;;;;;;;
FITA MFGP 305 15MM;305;0.0058;;;;;;;;
ATAC M12015 4068 RATO FOSCO 8MM;4068;0.0039;;;;;;;;
ATAC M12015 4078 8MM;4078;0.0039;;;;;;;;
ELAST MTM 122 10MM;122;0.0072;BORRACHA BRANCA 38;0.00068;;;;;;
ELAST MTM 253 10MM;253;0.0072;BORRACHA PRETA 38;0.00068;;;;;;
ELAST MTM 100 10MM;100;0.0072;BORRACHA PRETA 38;0.00068;;;;;;
ATAC M22026 048/175 7MM;48;0.0029;175;0.0005;;;;;;
ATAC M22026 048/310 7MM;48;0.0029;310;0.0005;;;;;;
ATAC M22026 102/310 7MM;533;0.0029;310;0.0005;;;;;;
ATAC M22026 025/102 7MM;25;0.0029;533;0.0005;;;;;;
ATAC M22026 248/310 7MM;248;0.0029;310;0.0005;;;;;;
ATAC M22026 334/226 7MM;334;0.0029;226;0.0005;;;;;;
ATAC M22026 045/011 7MM;45;0.0029;11;0.0005;;;;;;
ATAC M22026 290/122 7MM;290;0.0029;122;0.0005;;;;;;
ATAC M22026 100/248 7MM;100;0.0029;248;0.0005;;;;;;
ATAC M22026 100/310 7MM;100;0.0029;310;0.0005;;;;;;