#ERRO;;1;DAKOTA;#ERRO;;100;DILLY;#ERRO;;146/1P;GRENDENE;#ERRO;;2000;PAQUETÁ;#ERRO;;212;VULCABRÁS;#ERRO;;102;DASS;;;2000;212;102
#ERRO;;4;DAKOTA;#ERRO;;495;DILLY;#ERRO;;024/1P;GRENDENE;#ERRO;;100/1;PAQUETÁ;#ERRO;;102;VULCABRÁS;#ERRO;;100;DASS;;;100/1;102;100
#ERRO;;5;DAKOTA;#ERRO;;209;DILLY;#ERRO;;003/1P;GRENDENE;#ERRO;;2001;PAQUETÁ;#ERRO;;348;VULCABRÁS;#ERRO;;36;DASS;;;2001;348;36
#ERRO;;28;DAKOTA;#ERRO;;175;DILLY;#ERRO;;219/1;GRENDENE;#ERRO;;481/1;PAQUETÁ;#ERRO;;100;VULCABRÁS;#ERRO;;303;DASS;;;481/1;100;303
#ERRO;;30;DAKOTA;#ERRO;;494;DILLY;#ERRO;;049/1;GRENDENE;#ERRO;;108;PAQUETÁ;#ERRO;;310;VULCABRÁS;#ERRO;;267;DASS;;;108;310;267
#ERRO;;48;DAKOTA;#ERRO;;48;DILLY;#ERRO;;009/1P;GRENDENE;#ERRO;;252;PAQUETÁ;#ERRO;;365;VULCABRÁS;#ERRO;;32;DASS;;;252;365;32
#ERRO;;52;DAKOTA;#ERRO;;643;DILLY;#ERRO;;075/1;GRENDENE;#ERRO;;317;PAQUETÁ;#ERRO;;100/1P;VULCABRÁS;#ERRO;;20;DASS;;;317;100/1P;20
#ERRO;;55;DAKOTA;#ERRO;;58;DILLY;#ERRO;;107/1;GRENDENE;#ERRO;;100;PAQUETÁ;#ERRO;;1183;VULCABRÁS;#ERRO;;66;DASS;;;100;1183;66
#ERRO;;56;DAKOTA;#ERRO;;2001;DILLY;#ERRO;;470/1;GRENDENE;#ERRO;;300;PAQUETÁ;#ERRO;;218;VULCABRÁS;#ERRO;;100/1P;DASS;;;300;218;100/1P
#ERRO;;58;DAKOTA;#ERRO;;LIGHT GRAY (ALPINA);DILLY;#ERRO;;305/1;GRENDENE;#ERRO;;42;PAQUETÁ;#ERRO;;1182/1P;VULCABRÁS;#ERRO;;278;DASS;;;42;1182/1P;278
#ERRO;;100;DAKOTA;#ERRO;;100/1P;DILLY;#ERRO;;100/1;GRENDENE;#ERRO;;16;PAQUETÁ;#ERRO;;1009;VULCABRÁS;#ERRO;;368;DASS;;;16;1009;368
#ERRO;;102;DAKOTA;#ERRO;;RHONE (ALPINA);DILLY;#ERRO;;481/1;GRENDENE;#ERRO;;312;PAQUETÁ;#ERRO;;PURPLE/1P;VULCABRÁS;#ERRO;;821;DASS;;;312;PURPLE/1P;821
#ERRO;;104;DAKOTA;#ERRO;;004 (ALPINA);DILLY;#ERRO;;010/1;GRENDENE;#ERRO;;1;PAQUETÁ;#ERRO;;418/1P;VULCABRÁS;#ERRO;;2167;DASS;;;1;418/1P;2167
#ERRO;;114;DAKOTA;#ERRO;;PEACOAT (ALPINA);DILLY;#ERRO;;286/1;GRENDENE;#ERRO;;45;PAQUETÁ;#ERRO;;604;VULCABRÁS;#ERRO;;100/1;DASS;;;45;604;100/1
#ERRO;;115;DAKOTA;#ERRO;;2149;DILLY;#ERRO;;285/1;GRENDENE;#ERRO;;94;PAQUETÁ;#ERRO;;399;VULCABRÁS;#ERRO;;049/1;DASS;;;94;399;049/1
#ERRO;;116;DAKOTA;#ERRO;;GRIGIO NOVO (ALPINA);DILLY;#ERRO;;365/1;GRENDENE;#ERRO;;435;PAQUETÁ;#ERRO;;347;VULCABRÁS;#ERRO;;176;DASS;;;435;347;176
#ERRO;;122;DAKOTA;#ERRO;;NEW KHAKI (ALPINA);DILLY;#ERRO;;484/1;GRENDENE;#ERRO;;99;PAQUETÁ;#ERRO;;BRANCO02/1P;VULCABRÁS;#ERRO;;219;DASS;;;99;BRANCO02/1P;219
#ERRO;;126;DAKOTA;#ERRO;;2138;DILLY;#ERRO;;322/1;GRENDENE;#ERRO;;169;PAQUETÁ;#ERRO;;740;VULCABRÁS;#ERRO;;183;DASS;;;169;740;183
#ERRO;;140;DAKOTA;#ERRO;;807/1P;DILLY;#ERRO;;197/1;GRENDENE;#ERRO;;522;PAQUETÁ;#ERRO;;739;VULCABRÁS;#ERRO;;57;DASS;;;522;739;57
#ERRO;;146;DAKOTA;#ERRO;;612;DILLY;#ERRO;;170/1;GRENDENE;#ERRO;;118;PAQUETÁ;#ERRO;;98;VULCABRÁS;#ERRO;;296;DASS;;;118;98;296
#ERRO;;147;DAKOTA;#ERRO;;279;DILLY;#ERRO;;272/1;GRENDENE;#ERRO;;3;PAQUETÁ;#ERRO;;28;VULCABRÁS;#ERRO;;305;DASS;;;3;28;305
#ERRO;;148;DAKOTA;#ERRO;;758/1P;DILLY;#ERRO;;295/1;GRENDENE;#ERRO;;2157;PAQUETÁ;#ERRO;;353;VULCABRÁS;#ERRO;;262;DASS;;;2157;353;262
#ERRO;;155;DAKOTA;#ERRO;;044/1P;DILLY;#ERRO;;220/1;GRENDENE;#ERRO;;55;PAQUETÁ;#ERRO;;207;VULCABRÁS;#ERRO;;370/1P;DASS;;;55;207;370/1P
#ERRO;;158;DAKOTA;#ERRO;;821/1P DARK KHAKI;DILLY;#ERRO;;017/1;GRENDENE;#ERRO;;129;PAQUETÁ;#ERRO;;61;VULCABRÁS;#ERRO;;614;DASS;;;129;61;614
#ERRO;;169;DAKOTA;#ERRO;;DASCHUND (POLIMP);DILLY;#ERRO;;030/1;GRENDENE;#ERRO;;278;PAQUETÁ;#ERRO;;252;VULCABRÁS;#ERRO;;47;DASS;;;278;252;47
#ERRO;;170;DAKOTA;#ERRO;;NAVY (POLIMP);DILLY;#ERRO;;316/1;GRENDENE;#ERRO;;260;PAQUETÁ;#ERRO;;664;VULCABRÁS;#ERRO;;481/1P;DASS;;;260;664;481/1P
#ERRO;;175;DAKOTA;#ERRO;;3001;DILLY;#ERRO;;226/1P;GRENDENE;#ERRO;;541;PAQUETÁ;#ERRO;;312;VULCABRÁS;#ERRO;;377/1P;DASS;;;541;312;377/1P
#ERRO;;180;DAKOTA;#ERRO;;FHATOM (ALGODÃO);DILLY;#ERRO;;100/1P;GRENDENE;#ERRO;;888/1;PAQUETÁ;#ERRO;;104;VULCABRÁS;#ERRO;;059/1P;DASS;;;888/1;104;059/1P
#ERRO;;182;DAKOTA;#ERRO;;LIGHT GRAY (ALGODÃO);DILLY;#ERRO;;148/1P;GRENDENE;#ERRO;;316;PAQUETÁ;#ERRO;;427;VULCABRÁS;#ERRO;;;DASS;;;316;427;
#ERRO;;183;DAKOTA;#ERRO;;2000;DILLY;#ERRO;;818/1P;GRENDENE;#ERRO;;79;PAQUETÁ;#ERRO;;17;VULCABRÁS;#ERRO;;;DASS;;;79;17;
#ERRO;;187;DAKOTA;#ERRO;;RHONE (ALGODÃO);DILLY;#ERRO;;817/1P;GRENDENE;#ERRO;;LEGEND INK (ALPINA);PAQUETÁ;#ERRO;;10;VULCABRÁS;#ERRO;;;DASS;;;LEGEND INK (ALPINA);10;
#ERRO;;189;DAKOTA;#ERRO;;278;DILLY;#ERRO;;258/1;GRENDENE;#ERRO;;2176;PAQUETÁ;#ERRO;;301;VULCABRÁS;#ERRO;;;DASS;;;2176;301;
#ERRO;;199;DAKOTA;#ERRO;;567/1P;DILLY;#ERRO;;95/1;GRENDENE;#ERRO;;2177;PAQUETÁ;#ERRO;;313;VULCABRÁS;#ERRO;;;DASS;;;2177;313;
#ERRO;;200;DAKOTA;#ERRO;;486/1P;DILLY;#ERRO;;17/1P;GRENDENE;#ERRO;;800;PAQUETÁ;#ERRO;;38;VULCABRÁS;#ERRO;;;DASS;;;800;38;
#ERRO;;214;DAKOTA;#ERRO;;STEEL GREY (POLIMP);DILLY;#ERRO;;158/1P;GRENDENE;#ERRO;;672;PAQUETÁ;#ERRO;;82;VULCABRÁS;#ERRO;;;DASS;;;672;82;
#ERRO;;220;DAKOTA;#ERRO;;102;DILLY;#ERRO;;062/1P;GRENDENE;#ERRO;;583;PAQUETÁ;#ERRO;;66;VULCABRÁS;#ERRO;;;DASS;;;583;66;
#ERRO;;243;DAKOTA;#ERRO;;1001/1;DILLY;#ERRO;;199/1P;GRENDENE;#ERRO;;38;PAQUETÁ;#ERRO;;59;VULCABRÁS;#ERRO;;;DASS;;;38;59;
#ERRO;;248;DAKOTA;#ERRO;;LIGHT KHAKI (POLIMP);DILLY;#ERRO;;053/1P;GRENDENE;#ERRO;;612;PAQUETÁ;#ERRO;;761/1P;VULCABRÁS;#ERRO;;;DASS;;;612;761/1P;
#ERRO;;250;DAKOTA;#ERRO;;RIO RED (POLIMP);DILLY;#ERRO;;799/1P;GRENDENE;#ERRO;;315;PAQUETÁ;#ERRO;;624;VULCABRÁS;#ERRO;;;DASS;;;315;624;
#ERRO;;253;DAKOTA;#ERRO;;DARK GREY (POLIMP);DILLY;#ERRO;;60/1;GRENDENE;#ERRO;;280;PAQUETÁ;#ERRO;;373;VULCABRÁS;#ERRO;;;DASS;;;280;373;
#ERRO;;270;DAKOTA;#ERRO;;451;DILLY;#ERRO;;303/1P;GRENDENE;#ERRO;;468;PAQUETÁ;#ERRO;;786;VULCABRÁS;#ERRO;;;DASS;;;468;786;
#ERRO;;285;DAKOTA;#ERRO;;135;DILLY;#ERRO;;061/1;GRENDENE;#ERRO;;12;PAQUETÁ;#ERRO;;176;VULCABRÁS;#ERRO;;;DASS;;;12;176;
#ERRO;;290;DAKOTA;#ERRO;;494/1P;DILLY;#ERRO;;116/1;GRENDENE;#ERRO;;2181;PAQUETÁ;#ERRO;;416;VULCABRÁS;#ERRO;;;DASS;;;2181;416;
#ERRO;;295;DAKOTA;#ERRO;;004/1P;DILLY;#ERRO;;165/1;GRENDENE;#ERRO;;243;PAQUETÁ;#ERRO;;338;VULCABRÁS;#ERRO;;;DASS;;;243;338;
#ERRO;;305;DAKOTA;#ERRO;;292;DILLY;#ERRO;;081/1;GRENDENE;#ERRO;;102;PAQUETÁ;#ERRO;;542;VULCABRÁS;#ERRO;;;DASS;;;102;542;
#ERRO;;312;DAKOTA;#ERRO;;486;DILLY;#ERRO;;146/1;GRENDENE;#ERRO;;377;PAQUETÁ;#ERRO;;136;VULCABRÁS;#ERRO;;;DASS;;;377;136;
#ERRO;;314;DAKOTA;#ERRO;;548;DILLY;#ERRO;;323/1;GRENDENE;#ERRO;;107;PAQUETÁ;#ERRO;;20;VULCABRÁS;#ERRO;;;DASS;;;107;20;
#ERRO;;321;DAKOTA;#ERRO;;000;DILLY;#ERRO;;173/1;GRENDENE;#ERRO;;100/1P;PAQUETÁ;#ERRO;;1;VULCABRÁS;#ERRO;;;DASS;;;100/1P;1;
#ERRO;;323;DAKOTA;#ERRO;;225/1P;DILLY;#ERRO;;82/1;GRENDENE;#ERRO;;SOLAR GREEN/1P;PAQUETÁ;#ERRO;;158;VULCABRÁS;#ERRO;;;DASS;;;SOLAR GREEN/1P;158;
#ERRO;;334;DAKOTA;#ERRO;;746/1P NAVY;DILLY;#ERRO;;310/1;GRENDENE;#ERRO;;995/1P;PAQUETÁ;#ERRO;;115;VULCABRÁS;#ERRO;;;DASS;;;995/1P;115;
#ERRO;;BORRACHA BRANCA 28;DAKOTA;#ERRO;;753/1P;DILLY;#ERRO;;234/1;GRENDENE;#ERRO;;GREY FOUR (POLIESTER);PAQUETÁ;#ERRO;;947;VULCABRÁS;#ERRO;;;DASS;;;GREY FOUR (POLIESTER);947;
#ERRO;;BORRACHA PRETA 28;DAKOTA;#ERRO;;614/1P;DILLY;#ERRO;;30;GRENDENE;#ERRO;;852;PAQUETÁ;#ERRO;;954;VULCABRÁS;#ERRO;;;DASS;;;852;954;
#ERRO;;LUREX PRATA;DAKOTA;#ERRO;;1006/1P;DILLY;#ERRO;;58;GRENDENE;#ERRO;;CHALK CORAL (POLIESTER);PAQUETÁ;#ERRO;;951;VULCABRÁS;#ERRO;;;DASS;;;CHALK CORAL (POLIESTER);951;
#ERRO;;24;DAKOTA;#ERRO;;DARK BRUSH (APLINA);DILLY;#ERRO;;56;GRENDENE;#ERRO;;101/1P;PAQUETÁ;#ERRO;;24;VULCABRÁS;#ERRO;;;DASS;;;101/1P;24;
#ERRO;;120;DAKOTA;#ERRO;;FHATOM (ALPINA);DILLY;#ERRO;;100;GRENDENE;#ERRO;;942;PAQUETÁ;#ERRO;;916;VULCABRÁS;#ERRO;;;DASS;;;942;916;
#ERRO;;247;DAKOTA;#ERRO;;DARK KHAKI (POLIMP);DILLY;#ERRO;;6;GRENDENE;#ERRO;;ZEST (POLIESTER);PAQUETÁ;#ERRO;;169;VULCABRÁS;#ERRO;;;DASS;;;ZEST (POLIESTER);169;
#ERRO;;44;DAKOTA;#ERRO;;FHATOM (APLINA);DILLY;#ERRO;;38;GRENDENE;#ERRO;;101;PAQUETÁ;#ERRO;;254;VULCABRÁS;#ERRO;;;DASS;;;101;254;
#ERRO;;265;DAKOTA;#ERRO;;222;DILLY;#ERRO;;231/1;GRENDENE;#ERRO;;MET. SILVER (POLIESTER);PAQUETÁ;#ERRO;;794;VULCABRÁS;#ERRO;;;DASS;;;MET. SILVER (POLIESTER);794;
#ERRO;;118;DAKOTA;#ERRO;;2148;DILLY;#ERRO;;870/1;GRENDENE;#ERRO;;SOLAR RED (POLIESTER);PAQUETÁ;#ERRO;;444;VULCABRÁS;#ERRO;;;;;;SOLAR RED (POLIESTER);444;
#ERRO;;12;DAKOTA;#ERRO;;353;DILLY;#ERRO;;869/1;GRENDENE;#ERRO;;RED (POLIESTER);PAQUETÁ;#ERRO;;983/PRETO;VULCABRÁS;#ERRO;;;;;;RED (POLIESTER);983/PRETO;
#ERRO;;100/1P;DAKOTA;#ERRO;;196;DILLY;#ERRO;;052/1P;GRENDENE;#ERRO;;906;PAQUETÁ;#ERRO;;MESCLA CINZA/PRETO;VULCABRÁS;#ERRO;;;;;;906;MESCLA CINZA/PRETO;
#ERRO;;63;DAKOTA;#ERRO;;99;DILLY;#ERRO;;282/1;GRENDENE;#ERRO;;65;PAQUETÁ;#ERRO;;801;VULCABRÁS;#ERRO;;;;;;65;801;
#ERRO;;105;DAKOTA;#ERRO;;TAN (POLIMP);DILLY;#ERRO;;241/1;GRENDENE;#ERRO;;OFF WHITE/1P;PAQUETÁ;#ERRO;;MESCLA PETROLEOII/PRETO;VULCABRÁS;#ERRO;;;;;;OFF WHITE/1P;MESCLA PETROLEOII/PRETO;
#ERRO;;260;DAKOTA;#ERRO;;189;DILLY;#ERRO;;630;GRENDENE;#ERRO;;4005;PAQUETÁ;#ERRO;;MESCLA 984/PRETO;VULCABRÁS;#ERRO;;;;;;4005;MESCLA 984/PRETO;
#ERRO;;278;DAKOTA;#ERRO;;101;DILLY;#ERRO;;746/1P;GRENDENE;#ERRO;;996;PAQUETÁ;#ERRO;;MESCLA 983/PRETO;VULCABRÁS;#ERRO;;;;;;996;MESCLA 983/PRETO;
#ERRO;;53;DAKOTA;#ERRO;;752/1P;DILLY;#ERRO;;162/1P;GRENDENE;#ERRO;;4006;PAQUETÁ;#ERRO;;MESCLA PETALA/PRETO;VULCABRÁS;#ERRO;;;;;;4006;MESCLA PETALA/PRETO;
#ERRO;;167;DAKOTA;#ERRO;;841/1;DILLY;#ERRO;;291/1;GRENDENE;#ERRO;;4028;PAQUETÁ;#ERRO;;MESCLA 149/100;VULCABRÁS;#ERRO;;;;;;4028;MESCLA 149/100;
#ERRO;;96;DAKOTA;#ERRO;;840/1;DILLY;#ERRO;;255/1;GRENDENE;#ERRO;;4029;PAQUETÁ;#ERRO;;044/1P;VULCABRÁS;#ERRO;;;;;;4029;044/1P;
#ERRO;;296;DAKOTA;#ERRO;;752/1;DILLY;#ERRO;;339/1;GRENDENE;#ERRO;;303;PAQUETÁ;#ERRO;;100/1;VULCABRÁS;#ERRO;;;;;;303;100/1;
#ERRO;;226;DAKOTA;#ERRO;;102/1;DILLY;#ERRO;;291/1P;GRENDENE;#ERRO;;4030;PAQUETÁ;#ERRO;;018/1;VULCABRÁS;#ERRO;;;;;;4030;018/1;
#ERRO;;301;DAKOTA;#ERRO;;481/1P;DILLY;#ERRO;;935/1P;GRENDENE;#ERRO;;494/1P;PAQUETÁ;#ERRO;;102/1;VULCABRÁS;#ERRO;;;;;;494/1P;102/1;
#ERRO;;300;DAKOTA;#ERRO;;460;DILLY;#ERRO;;187/1;GRENDENE;#ERRO;;059/1P;PAQUETÁ;#ERRO;;922;VULCABRÁS;#ERRO;;;;;;059/1P;922;
#ERRO;;311;DAKOTA;#ERRO;;319;DILLY;#ERRO;;834/1P;GRENDENE;#ERRO;;180;PAQUETÁ;#ERRO;;446;VULCABRÁS;#ERRO;;;;;;180;446;
#ERRO;;61;DAKOTA;#ERRO;;2154;DILLY;#ERRO;;018/1;GRENDENE;#ERRO;;242;PAQUETÁ;#ERRO;;191;VULCABRÁS;#ERRO;;;;;;242;191;
#ERRO;;95;DAKOTA;#ERRO;;2147;DILLY;#ERRO;;102/1;GRENDENE;#ERRO;;573;PAQUETÁ;#ERRO;;4068;VULCABRÁS;#ERRO;;;;;;573;4068;
#ERRO;;164;DAKOTA;#ERRO;;2150;DILLY;#ERRO;;113/1;GRENDENE;#ERRO;;899;PAQUETÁ;#ERRO;;4078;VULCABRÁS;#ERRO;;;;;;899;4078;
#ERRO;;213;DAKOTA;#ERRO;;466;DILLY;#ERRO;;068/1;GRENDENE;#ERRO;;MYSTERY INK (POLIESTER);PAQUETÁ;#ERRO;;4084;VULCABRÁS;#ERRO;;;;;;MYSTERY INK (POLIESTER);4084;
#ERRO;;310;DAKOTA;#ERRO;;410;DILLY;#ERRO;;299/1;GRENDENE;#ERRO;;245;PAQUETÁ;#ERRO;;972;VULCABRÁS;#ERRO;;;;;;245;972;
#ERRO;;46;DAKOTA;#ERRO;;65;DILLY;#ERRO;;084/1;GRENDENE;#ERRO;;269;PAQUETÁ;#ERRO;;MILITAR II (POLIESTER);VULCABRÁS;#ERRO;;;;;;269;MILITAR II (POLIESTER);
#ERRO;;176;DAKOTA;#ERRO;;338;DILLY;#ERRO;;21;GRENDENE;#ERRO;;511;PAQUETÁ;#ERRO;;152;VULCABRÁS;#ERRO;;;;;;511;152;
#ERRO;;317;DAKOTA;#ERRO;;223;DILLY;#ERRO;;237;GRENDENE;#ERRO;;317;PAQUETÁ;#ERRO;;285;VULCABRÁS;#ERRO;;;;;;317;285;
#ERRO;;22;DAKOTA;#ERRO;;LIGHT GREY (ALPINA);DILLY;#ERRO;;189;GRENDENE;#ERRO;;87;PAQUETÁ;#ERRO;;418;VULCABRÁS;#ERRO;;;;;;87;418;
#ERRO;;206;DAKOTA;#ERRO;;530;DILLY;#ERRO;;137;GRENDENE;#ERRO;;11;PAQUETÁ;#ERRO;;623;VULCABRÁS;#ERRO;;;;;;11;623;
#ERRO;;45;DAKOTA;#ERRO;;639;DILLY;#ERRO;;183/1;GRENDENE;#ERRO;;CLEAR ORANGE (ALPINA);PAQUETÁ;#ERRO;;513;VULCABRÁS;#ERRO;;;;;;CLEAR ORANGE (ALPINA);513;
#ERRO;;101;DAKOTA;#ERRO;;210;DILLY;#ERRO;;706/1P;GRENDENE;#ERRO;;4037;PAQUETÁ;#ERRO;;451;VULCABRÁS;#ERRO;;;;;;4037;451;
#ERRO;;239;DAKOTA;#ERRO;;2139;DILLY;#ERRO;;044/1P;GRENDENE;#ERRO;;2147;PAQUETÁ;#ERRO;;4109;VULCABRÁS;#ERRO;;;;;;2147;4109;
#ERRO;;218;DAKOTA;#ERRO;;290;DILLY;#ERRO;;082/1;GRENDENE;#ERRO;;270;PAQUETÁ;#ERRO;;60;VULCABRÁS;#ERRO;;;;;;270;60;
#ERRO;;466;DAKOTA;#ERRO;;515;DILLY;#ERRO;;101/1P;GRENDENE;#ERRO;;53;PAQUETÁ;#ERRO;;004/1P;VULCABRÁS;#ERRO;;;;;;53;004/1P;
#ERRO;;256;DAKOTA;#ERRO;;611;DILLY;#ERRO;;451;GRENDENE;#ERRO;;84;PAQUETÁ;#ERRO;;;VULCABRÁS;#ERRO;;;;;;84;;
#ERRO;;196;DAKOTA;#ERRO;;HAVANNA (POLIMP);DILLY;#ERRO;;530;GRENDENE;#ERRO;;960;PAQUETÁ;#ERRO;;;VULCABRÁS;#ERRO;;;;;;960;;
#ERRO;;210;DAKOTA;#ERRO;;59;DILLY;#ERRO;;251/1P;GRENDENE;#ERRO;;4001;PAQUETÁ;#ERRO;;;VULCABRÁS;#ERRO;;;;;;4001;;
#ERRO;;307;DAKOTA;#ERRO;;2155;DILLY;#ERRO;;225/1;GRENDENE;#ERRO;;4001/1P;PAQUETÁ;#ERRO;;;VULCABRÁS;#ERRO;;;;;;4001/1P;;
#ERRO;;174;DAKOTA;#ERRO;;181;DILLY;#ERRO;;148/1;GRENDENE;#ERRO;;CLEAR ORANGE (POLIMP);PAQUETÁ;#ERRO;;;;#ERRO;;;;;;CLEAR ORANGE (POLIMP);;
#ERRO;;35;DAKOTA;#ERRO;;OXIDE (POLIMP);DILLY;#ERRO;;329/1;GRENDENE;#ERRO;;SCARLET (ALPINA);PAQUETÁ;#ERRO;;;;#ERRO;;;;;;SCARLET (ALPINA);;
#ERRO;;60;DAKOTA;#ERRO;;57/1P;DILLY;#ERRO;;060/1;GRENDENE;#ERRO;;4041/1P;PAQUETÁ;#ERRO;;;;#ERRO;;;;;;4041/1P;;
#ERRO;;280;DAKOTA;#ERRO;;BLUE INDIGO (ALPINA);DILLY;#ERRO;;262;GRENDENE;#ERRO;;906;PAQUETÁ;#ERRO;;;;#ERRO;;;;;;906;;
#ERRO;;316;DAKOTA;#ERRO;;OXIDE (ALPINA);DILLY;#ERRO;;452;GRENDENE;#ERRO;;COLLEGIATE NAVY (ALPINA);PAQUETÁ;#ERRO;;;;#ERRO;;;;;;COLLEGIATE NAVY (ALPINA);;
#ERRO;;16;DAKOTA;#ERRO;;NEW CRIMSON (ALPINA);DILLY;#ERRO;;225;GRENDENE;#ERRO;;169/1;PAQUETÁ;#ERRO;;;;#ERRO;;;;;;169/1;;
#ERRO;;262;DAKOTA;#ERRO;;2159DOW (ALPINA);DILLY;#ERRO;;185/1;GRENDENE;#ERRO;;4131/1P;PAQUETÁ;#ERRO;;;;#ERRO;;;;;;4131/1P;;
#ERRO;;291;DAKOTA;#ERRO;;513;DILLY;#ERRO;;164/1;GRENDENE;#ERRO;;4135/1P;PAQUETÁ;#ERRO;;;;#ERRO;;;;;;4135/1P;;
#ERRO;;64;DAKOTA;#ERRO;;513/1P;DILLY;#ERRO;;001/1;GRENDENE;#ERRO;;4032/1;PAQUETÁ;#ERRO;;;;#ERRO;;;;;;4032/1;;
#ERRO;;86;DAKOTA;#ERRO;;181/1P;DILLY;#ERRO;;;GRENDENE;#ERRO;;4147;PAQUETÁ;#ERRO;;;;#ERRO;;;;;;4147;;
#ERRO;;51;DAKOTA;#ERRO;;513/1P;DILLY;#ERRO;;;GRENDENE;#ERRO;;4029/1P;PAQUETÁ;#ERRO;;;;#ERRO;;;;;;4029/1P;;
#ERRO;;209;DAKOTA;#ERRO;;432;DILLY;#ERRO;;;GRENDENE;#ERRO;;577;PAQUETÁ;#ERRO;;;;#ERRO;;;;;;577;;
#ERRO;;190;DAKOTA;#ERRO;;348;DILLY;#ERRO;;;GRENDENE;#ERRO;;377/1P;PAQUETÁ;#ERRO;;;;#ERRO;;;;;;377/1P;;
#ERRO;;246;DAKOTA;#ERRO;;614;DILLY;#ERRO;;;GRENDENE;#ERRO;;4041;PAQUETÁ;#ERRO;;;;#ERRO;;;;;;4041;;
#ERRO;;127;DAKOTA;#ERRO;;78;DILLY;#ERRO;;;GRENDENE;#ERRO;;256;PAQUETÁ;#ERRO;;;;#ERRO;;;;;;256;;
#ERRO;;135;DAKOTA;#ERRO;;378;DILLY;#ERRO;;;GRENDENE;#ERRO;;519;PAQUETÁ;#ERRO;;;;#ERRO;;;;;;519;;
#ERRO;;143;DAKOTA;#ERRO;;75;DILLY;#ERRO;;;GRENDENE;#ERRO;;4055;PAQUETÁ;#ERRO;;;;#ERRO;;;;;;4055;;
#ERRO;;289;DAKOTA;#ERRO;;170;DILLY;#ERRO;;;GRENDENE;#ERRO;;57;PAQUETÁ;#ERRO;;;;#ERRO;;;;;;57;;
#ERRO;;611;DAKOTA;#ERRO;;180;DILLY;#ERRO;;;GRENDENE;#ERRO;;4147/1P;PAQUETÁ;#ERRO;;;;#ERRO;;;;;;4147/1P;;
#ERRO;;78;DAKOTA;#ERRO;;481/1P;DILLY;#ERRO;;;GRENDENE;#ERRO;;4162/1;PAQUETÁ;#ERRO;;;;#ERRO;;;;;;4162/1;;
#ERRO;;59;DAKOTA;#ERRO;;2158;DILLY;#ERRO;;;GRENDENE;#ERRO;;735/1;PAQUETÁ;#ERRO;;;;#ERRO;;;;;;735/1;;
#ERRO;;130;DAKOTA;#ERRO;;2159;DILLY;#ERRO;;;GRENDENE;#ERRO;;500/1P;PAQUETÁ;#ERRO;;;;#ERRO;;;;;;500/1P;;
#ERRO;;77;DAKOTA;#ERRO;;21;DILLY;#ERRO;;;GRENDENE;#ERRO;;481/1P;PAQUETÁ;#ERRO;;;;#ERRO;;;;;;481/1P;;
#ERRO;;286;DAKOTA;#ERRO;;136;DILLY;#ERRO;;;GRENDENE;#ERRO;;672/1;PAQUETÁ;#ERRO;;;;#ERRO;;;;;;672/1;;
#ERRO;;303;DAKOTA;#ERRO;;021/1P;DILLY;#ERRO;;;GRENDENE;#ERRO;;899/1;PAQUETÁ;#ERRO;;;;#ERRO;;;;;;899/1;;
#ERRO;;71;DAKOTA;#ERRO;;578;DILLY;#ERRO;;;GRENDENE;#ERRO;;496;PAQUETÁ;#ERRO;;;;#ERRO;;;;;;496;;
#ERRO;;21;DAKOTA;#ERRO;;533;DILLY;#ERRO;;;GRENDENE;#ERRO;;4177/1;PAQUETÁ;#ERRO;;;;#ERRO;;;;;;4177/1;;
#ERRO;;229;DAKOTA;#ERRO;;459;DILLY;#ERRO;;;GRENDENE;#ERRO;;;PAQUETÁ;#ERRO;;;;#ERRO;;;;;;;;
#ERRO;;119;DAKOTA;#ERRO;;118;DILLY;#ERRO;;;GRENDENE;#ERRO;;;PAQUETÁ;#ERRO;;;;#ERRO;;;;;;;;
#ERRO;;242;DAKOTA;#ERRO;;GRIGIO SCURO (ALPINA);DILLY;#ERRO;;;GRENDENE;#ERRO;;;;#ERRO;;;;#ERRO;;;;;;;;
#ERRO;;99;DAKOTA;#ERRO;;57;DILLY;#ERRO;;;GRENDENE;#ERRO;;;;#ERRO;;;;#ERRO;;;;;;;;
#ERRO;;758;DAKOTA;#ERRO;;2167;DILLY;#ERRO;;;GRENDENE;#ERRO;;;;#ERRO;;;;#ERRO;;;;;;;;
#ERRO;;84;DAKOTA;#ERRO;;630;DILLY;#ERRO;;;;#ERRO;;;;#ERRO;;;;#ERRO;;;;;;;;
#ERRO;;134;DAKOTA;#ERRO;;577;DILLY;#ERRO;;;;#ERRO;;;;#ERRO;;;;#ERRO;;;;;;;;
#ERRO;;947;DAKOTA;#ERRO;;365;DILLY;#ERRO;;;;#ERRO;;;;#ERRO;;;;#ERRO;;;;;;;;
#ERRO;;241;DAKOTA;#ERRO;;452;DILLY;#ERRO;;;;#ERRO;;;;#ERRO;;;;#ERRO;;;;;;;;
#ERRO;;117;DAKOTA;#ERRO;;2169;DILLY;#ERRO;;;;#ERRO;;;;#ERRO;;;;#ERRO;;;;;;;;
#ERRO;;886;DAKOTA;#ERRO;;161;DILLY;#ERRO;;;;#ERRO;;;;#ERRO;;;;#ERRO;;;;;;;;
#ERRO;;7;DAKOTA;#ERRO;;NEW NAVY (POLIESTER);DILLY;#ERRO;;;;#ERRO;;;;#ERRO;;;;#ERRO;;;;;;;;
#ERRO;;186;DAKOTA;#ERRO;;161/1P;DILLY;#ERRO;;;;#ERRO;;;;#ERRO;;;;#ERRO;;;;;;;;
#ERRO;;121;DAKOTA;#ERRO;;JEANS (POLIMP);DILLY;#ERRO;;;;#ERRO;;;;#ERRO;;;;#ERRO;;;;;;;;
#ERRO;;333;DAKOTA;#ERRO;;RED (POLIMP);DILLY;#ERRO;;;;#ERRO;;;;#ERRO;;;;#ERRO;;;;;;;;
#ERRO;;25;DAKOTA;#ERRO;;NEW NAVY (POLIMP);DILLY;#ERRO;;;;#ERRO;;;;#ERRO;;;;#ERRO;;;;;;;;
#ERRO;;11;DAKOTA;#ERRO;;MALBEC (ALPINA);DILLY;#ERRO;;;;#ERRO;;;;#ERRO;;;;#ERRO;;;;;;;;
#ERRO;;142;DAKOTA;#ERRO;;NAVY (ALPINA);DILLY;#ERRO;;;;#ERRO;;;;#ERRO;;;;#ERRO;;;;;;;;
#ERRO;;212;DAKOTA;#ERRO;;JEANS (ALPINA);DILLY;#ERRO;;;;#ERRO;;;;#ERRO;;;;#ERRO;;;;;;;;
#ERRO;;121;DAKOTA;#ERRO;;CARAMELO (ALPINA);DILLY;#ERRO;;;;#ERRO;;;;#ERRO;;;;#ERRO;;;;;;;;
#ERRO;;240;DAKOTA;#ERRO;;12;DILLY;#ERRO;;;;#ERRO;;;;#ERRO;;;;#ERRO;;;;;;;;
#ERRO;;219;DAKOTA;#ERRO;;46;DILLY;#ERRO;;;;#ERRO;;;;#ERRO;;;;#ERRO;;;;;;;;
#ERRO;;191;DAKOTA;#ERRO;;604;DILLY;#ERRO;;;;#ERRO;;;;#ERRO;;;;#ERRO;;;;;;;;
#ERRO;;62;DAKOTA;#ERRO;;197;DILLY;#ERRO;;;;#ERRO;;;;#ERRO;;;;#ERRO;;;;;;;;
#ERRO;;152;DAKOTA;#ERRO;;746/1P;DILLY;#ERRO;;;;#ERRO;;;;#ERRO;;;;#ERRO;;;;;;;;
#ERRO;;131;DAKOTA;#ERRO;;821;DILLY;#ERRO;;;;#ERRO;;;;#ERRO;;;;#ERRO;;;;;;;;
#ERRO;;67;DAKOTA;#ERRO;;368;DILLY;#ERRO;;;;#ERRO;;;;#ERRO;;;;#ERRO;;;;;;;;
#ERRO;;38;DAKOTA;#ERRO;;94;DILLY;#ERRO;;;;#ERRO;;;;#ERRO;;;;#ERRO;;;;;;;;
#ERRO;;9;DAKOTA;#ERRO;;BROWN (POLIMP);DILLY;#ERRO;;;;#ERRO;;;;#ERRO;;;;#ERRO;;;;;;;;
#ERRO;;144;DAKOTA;#ERRO;;310;DILLY;#ERRO;;;;#ERRO;;;;#ERRO;;;;#ERRO;;;;;;;;
#ERRO;;266;DAKOTA;#ERRO;;189/1P;DILLY;#ERRO;;;;#ERRO;;;;#ERRO;;;;#ERRO;;;;;;;;
#ERRO;;;DAKOTA;#ERRO;;840/1P;DILLY;#ERRO;;;;#ERRO;;;;#ERRO;;;;#ERRO;;;;;;;;
#ERRO;;;DAKOTA;#ERRO;;052/1P;DILLY;#ERRO;;;;#ERRO;;;;#ERRO;;;;#ERRO;;;;;;;;
#ERRO;;;DAKOTA;#ERRO;;253;DILLY;#ERRO;;;;#ERRO;;;;#ERRO;;;;#ERRO;;;;;;;;
#ERRO;;;DAKOTA;#ERRO;;312;DILLY;#ERRO;;;;#ERRO;;;;#ERRO;;;;#ERRO;;;;;;;;
#ERRO;;;DAKOTA;#ERRO;;HAVANNA (POLIESTER);DILLY;#ERRO;;;;#ERRO;;;;#ERRO;;;;#ERRO;;;;;;;;
#ERRO;;;DAKOTA;#ERRO;;2161;DILLY;#ERRO;;;;#ERRO;;;;#ERRO;;;;#ERRO;;;;;;;;
#ERRO;;;DAKOTA;#ERRO;;10;DILLY;#ERRO;;;;#ERRO;;;;#ERRO;;;;#ERRO;;;;;;;;
#ERRO;;;DAKOTA;#ERRO;;79;DILLY;#ERRO;;;;#ERRO;;;;#ERRO;;;;#ERRO;;;;;;;;
#ERRO;;;DAKOTA;#ERRO;;HAVANA (POLIMP);DILLY;#ERRO;;;;#ERRO;;;;#ERRO;;;;#ERRO;;;;;;;;
#ERRO;;;DAKOTA;#ERRO;;459/1;DILLY;#ERRO;;;;#ERRO;;;;#ERRO;;;;#ERRO;;;;;;;;
#ERRO;;;;#ERRO;;351;DILLY;#ERRO;;;;#ERRO;;;;#ERRO;;;;#ERRO;;;;;;;;
#ERRO;;;;#ERRO;;140;DILLY;#ERRO;;;;#ERRO;;;;#ERRO;;;;#ERRO;;;;;;;;
#ERRO;;;;#ERRO;;887;DILLY;#ERRO;;;;#ERRO;;;;#ERRO;;;;#ERRO;;;;;;;;
#ERRO;;;;#ERRO;;884;DILLY;#ERRO;;;;#ERRO;;;;#ERRO;;;;#ERRO;;;;;;;;
#ERRO;;;;#ERRO;;441;DILLY;#ERRO;;;;#ERRO;;;;#ERRO;;;;#ERRO;;;;;;;;
#ERRO;;;;#ERRO;;356;DILLY;#ERRO;;;;#ERRO;;;;#ERRO;;;;#ERRO;;;;;;;;
#ERRO;;;;#ERRO;;867/1P;DILLY;#ERRO;;;;#ERRO;;;;#ERRO;;;;#ERRO;;;;;;;;
#ERRO;;;;#ERRO;;747/1P;DILLY;#ERRO;;;;#ERRO;;;;#ERRO;;;;#ERRO;;;;;;;;
#ERRO;;;;#ERRO;;567;DILLY;#ERRO;;;;#ERRO;;;;#ERRO;;;;#ERRO;;;;;;;;
#ERRO;;;;#ERRO;;104;DILLY;#ERRO;;;;#ERRO;;;;#ERRO;;;;#ERRO;;;;;;;;
#ERRO;;;;#ERRO;;5;DILLY;#ERRO;;;;#ERRO;;;;#ERRO;;;;#ERRO;;;;;;;;
#ERRO;;;;#ERRO;;914;DILLY;#ERRO;;;;#ERRO;;;;#ERRO;;;;#ERRO;;;;;;;;
#ERRO;;;;#ERRO;;134/1P;DILLY;#ERRO;;;;#ERRO;;;;#ERRO;;;;#ERRO;;;;;;;;
#ERRO;;;;#ERRO;;101/1P;DILLY;#ERRO;;;;#ERRO;;;;#ERRO;;;;#ERRO;;;;;;;;
#ERRO;;;;#ERRO;;24;DILLY;#ERRO;;;;#ERRO;;;;#ERRO;;;;#ERRO;;;;;;;;
#ERRO;;;;#ERRO;;886;DILLY;#ERRO;;;;#ERRO;;;;#ERRO;;;;#ERRO;;;;;;;;
#ERRO;;;;#ERRO;;LUREX PRATA;DILLY;#ERRO;;;;#ERRO;;;;#ERRO;;;;#ERRO;;;;;;;;
#ERRO;;;;#ERRO;;NYLON 015;DILLY;#ERRO;;;;#ERRO;;;;#ERRO;;;;#ERRO;;;;;;;;
#ERRO;;;;#ERRO;;841/1P;DILLY;#ERRO;;;;#ERRO;;;;#ERRO;;;;#ERRO;;;;;;;;
#ERRO;;;;#ERRO;;4;DILLY;#ERRO;;;;#ERRO;;;;#ERRO;;;;#ERRO;;;;;;;;
#ERRO;;;;#ERRO;;496/1P;DILLY;#ERRO;;;;#ERRO;;;;#ERRO;;;;#ERRO;;;;;;;;
#ERRO;;;;#ERRO;;084/1P;DILLY;#ERRO;;;;#ERRO;;;;#ERRO;;;;#ERRO;;;;;;;;
#ERRO;;;;#ERRO;;276/1P;DILLY;#ERRO;;;;#ERRO;;;;#ERRO;;;;#ERRO;;;;;;;;
#ERRO;;;;#ERRO;;290/1P;DILLY;#ERRO;;;;#ERRO;;;;#ERRO;;;;#ERRO;;;;;;;;
#ERRO;;;;#ERRO;;975;DILLY;#ERRO;;;;#ERRO;;;;#ERRO;;;;#ERRO;;;;;;;;
#ERRO;;;;#ERRO;;247;DILLY;#ERRO;;;;#ERRO;;;;#ERRO;;;;#ERRO;;;;;;;;
#ERRO;;;;#ERRO;;GRAPE SHAKE (POLIESTER);DILLY;#ERRO;;;;#ERRO;;;;#ERRO;;;;#ERRO;;;;;;;;
#ERRO;;;;#ERRO;;291;DILLY;#ERRO;;;;#ERRO;;;;#ERRO;;;;#ERRO;;;;;;;;
#ERRO;;;;#ERRO;;226;DILLY;#ERRO;;;;#ERRO;;;;#ERRO;;;;#ERRO;;;;;;;;
#ERRO;;;;#ERRO;;30;DILLY;#ERRO;;;;#ERRO;;;;#ERRO;;;;#ERRO;;;;;;;;
#ERRO;;;;#ERRO;;334;DILLY;#ERRO;;;;#ERRO;;;;#ERRO;;;;#ERRO;;;;;;;;
#ERRO;;;;#ERRO;;242;DILLY;#ERRO;;;;#ERRO;;;;#ERRO;;;;#ERRO;;;;;;;;
#ERRO;;;;#ERRO;;758;DILLY;#ERRO;;;;#ERRO;;;;#ERRO;;;;#ERRO;;;;;;;;
#ERRO;;;;#ERRO;;010/1;DILLY;#ERRO;;;;#ERRO;;;;#ERRO;;;;#ERRO;;;;;;;;
#ERRO;;;;#ERRO;;98;DILLY;#ERRO;;;;#ERRO;;;;#ERRO;;;;#ERRO;;;;;;;;
#ERRO;;;;#ERRO;;939;DILLY;#ERRO;;;;#ERRO;;;;#ERRO;;;;#ERRO;;;;;;;;
#ERRO;;;;#ERRO;;315;DILLY;#ERRO;;;;#ERRO;;;;#ERRO;;;;#ERRO;;;;;;;;
#ERRO;;;;#ERRO;;164;DILLY;#ERRO;;;;#ERRO;;;;#ERRO;;;;#ERRO;;;;;;;;
#ERRO;;;;#ERRO;;194;DILLY;#ERRO;;;;#ERRO;;;;#ERRO;;;;#ERRO;;;;;;;;
#ERRO;;;;#ERRO;;492;DILLY;#ERRO;;;;#ERRO;;;;#ERRO;;;;#ERRO;;;;;;;;
#ERRO;;;;#ERRO;;220;DILLY;#ERRO;;;;#ERRO;;;;#ERRO;;;;#ERRO;;;;;;;;
#ERRO;;;;#ERRO;;56;DILLY;#ERRO;;;;#ERRO;;;;#ERRO;;;;#ERRO;;;;;;;;
#ERRO;;;;#ERRO;;321;DILLY;#ERRO;;;;#ERRO;;;;#ERRO;;;;#ERRO;;;;;;;;
#ERRO;;;;#ERRO;;174;DILLY;#ERRO;;;;#ERRO;;;;#ERRO;;;;#ERRO;;;;;;;;
#ERRO;;;;#ERRO;;573;DILLY;#ERRO;;;;#ERRO;;;;#ERRO;;;;#ERRO;;;;;;;;
#ERRO;;;;#ERRO;;145;DILLY;#ERRO;;;;#ERRO;;;;#ERRO;;;;#ERRO;;;;;;;;
#ERRO;;;;#ERRO;;830;DILLY;#ERRO;;;;#ERRO;;;;#ERRO;;;;#ERRO;;;;;;;;
#ERRO;;;;#ERRO;;834/1P;DILLY;#ERRO;;;;#ERRO;;;;#ERRO;;;;#ERRO;;;;;;;;
#ERRO;;;;#ERRO;;87;DILLY;#ERRO;;;;#ERRO;;;;#ERRO;;;;#ERRO;;;;;;;;
#ERRO;;;;#ERRO;;275;DILLY;#ERRO;;;;#ERRO;;;;#ERRO;;;;#ERRO;;;;;;;;
#ERRO;;;;#ERRO;;299/1;DILLY;#ERRO;;;;#ERRO;;;;#ERRO;;;;#ERRO;;;;;;;;
#ERRO;;;;#ERRO;;ACQUA/1P;DILLY;#ERRO;;;;#ERRO;;;;#ERRO;;;;#ERRO;;;;;;;;
#ERRO;;;;#ERRO;;RIO RED/1P;DILLY;#ERRO;;;;#ERRO;;;;#ERRO;;;;#ERRO;;;;;;;;
#ERRO;;;;#ERRO;;*OVAL BRANCO;DILLY;#ERRO;;;;#ERRO;;;;#ERRO;;;;#ERRO;;;;;;;;
#ERRO;;;;#ERRO;;NAVY;DILLY;#ERRO;;;;#ERRO;;;;#ERRO;;;;#ERRO;;;;;;;;
#ERRO;;;;#ERRO;;2168;DILLY;#ERRO;;;;#ERRO;;;;#ERRO;;;;#ERRO;;;;;;;;
#ERRO;;;;#ERRO;;724;DILLY;#ERRO;;;;#ERRO;;;;#ERRO;;;;#ERRO;;;;;;;;
#ERRO;;;;#ERRO;;2170;DILLY;#ERRO;;;;#ERRO;;;;#ERRO;;;;#ERRO;;;;;;;;
#ERRO;;;;#ERRO;;20;DILLY;#ERRO;;;;#ERRO;;;;#ERRO;;;;#ERRO;;;;;;;;
#ERRO;;;;#ERRO;;501;DILLY;#ERRO;;;;#ERRO;;;;#ERRO;;;;#ERRO;;;;;;;;
#ERRO;;;;#ERRO;;274;DILLY;#ERRO;;;;#ERRO;;;;#ERRO;;;;#ERRO;;;;;;;;
#ERRO;;;;#ERRO;;BRICK RED (ALPINA);DILLY;#ERRO;;;;#ERRO;;;;#ERRO;;;;#ERRO;;;;;;;;
#ERRO;;;;#ERRO;;66;DILLY;#ERRO;;;;#ERRO;;;;#ERRO;;;;#ERRO;;;;;;;;
#ERRO;;;;#ERRO;;183;DILLY;#ERRO;;;;#ERRO;;;;#ERRO;;;;#ERRO;;;;;;;;
#ERRO;;;;#ERRO;;535;DILLY;#ERRO;;;;#ERRO;;;;#ERRO;;;;#ERRO;;;;;;;;
#ERRO;;;;#ERRO;;296;DILLY;#ERRO;;;;#ERRO;;;;#ERRO;;;;#ERRO;;;;;;;;
#ERRO;;;;#ERRO;;305;DILLY;#ERRO;;;;#ERRO;;;;#ERRO;;;;#ERRO;;;;;;;;
#ERRO;;;;#ERRO;;225;DILLY;#ERRO;;;;#ERRO;;;;#ERRO;;;;#ERRO;;;;;;;;
#ERRO;;;;#ERRO;;186;DILLY;#ERRO;;;;#ERRO;;;;#ERRO;;;;#ERRO;;;;;;;;
#ERRO;;;;#ERRO;;370/1P;DILLY;#ERRO;;;;#ERRO;;;;#ERRO;;;;#ERRO;;;;;;;;
#ERRO;;;;#ERRO;;262;DILLY;#ERRO;;;;#ERRO;;;;#ERRO;;;;#ERRO;;;;;;;;
#ERRO;;;;#ERRO;;217;DILLY;#ERRO;;;;#ERRO;;;;#ERRO;;;;#ERRO;;;;;;;;
#ERRO;;;;#ERRO;;61;DILLY;#ERRO;;;;#ERRO;;;;#ERRO;;;;#ERRO;;;;;;;;
#ERRO;;;;#ERRO;;169;DILLY;#ERRO;;;;#ERRO;;;;#ERRO;;;;#ERRO;;;;;;;;
#ERRO;;;;#ERRO;;461;DILLY;#ERRO;;;;#ERRO;;;;#ERRO;;;;#ERRO;;;;;;;;
#ERRO;;;;#ERRO;;600;DILLY;#ERRO;;;;#ERRO;;;;#ERRO;;;;#ERRO;;;;;;;;
#ERRO;;;;#ERRO;;221;DILLY;#ERRO;;;;#ERRO;;;;#ERRO;;;;#ERRO;;;;;;;;
#ERRO;;;;#ERRO;;213;DILLY;#ERRO;;;;#ERRO;;;;#ERRO;;;;#ERRO;;;;;;;;
#ERRO;;;;#ERRO;;445/1P;DILLY;#ERRO;;;;#ERRO;;;;#ERRO;;;;#ERRO;;;;;;;;
#ERRO;;;;#ERRO;;276;DILLY;#ERRO;;;;#ERRO;;;;#ERRO;;;;#ERRO;;;;;;;;
#ERRO;;;;#ERRO;;007/1P;DILLY;#ERRO;;;;#ERRO;;;;#ERRO;;;;#ERRO;;;;;;;;
#ERRO;;;;#ERRO;;302;DILLY;#ERRO;;;;#ERRO;;;;#ERRO;;;;#ERRO;;;;;;;;
#ERRO;;;;#ERRO;;4080;DILLY;#ERRO;;;;#ERRO;;;;#ERRO;;;;#ERRO;;;;;;;;
#ERRO;;;;#ERRO;;4081;DILLY;#ERRO;;;;#ERRO;;;;#ERRO;;;;#ERRO;;;;;;;;
#ERRO;;;;#ERRO;;317;DILLY;#ERRO;;;;#ERRO;;;;#ERRO;;;;#ERRO;;;;;;;;
#ERRO;;;;#ERRO;;;DILLY;#ERRO;;;;#ERRO;;;;#ERRO;;;;#ERRO;;;;;;;;
#ERRO;;;;#ERRO;;494 (ALPINA);DILLY;#ERRO;;;;#ERRO;;;;#ERRO;;;;#ERRO;;;;;;;;
#ERRO;;;;#ERRO;;267;DILLY;#ERRO;;;;#ERRO;;;;#ERRO;;;;#ERRO;;;;;;;;
#ERRO;;;;#ERRO;;481/1;DILLY;#ERRO;;;;#ERRO;;;;#ERRO;;;;#ERRO;;;;;;;;
#ERRO;;;;#ERRO;;*OVAL PRETO;DILLY;#ERRO;;;;#ERRO;;;;#ERRO;;;;#ERRO;;;;;;;;
#ERRO;;;;#ERRO;;099/1P;DILLY;#ERRO;;;;#ERRO;;;;#ERRO;;;;#ERRO;;;;;;;;
#ERRO;;;;#ERRO;;821/1P;DILLY;#ERRO;;;;#ERRO;;;;#ERRO;;;;#ERRO;;;;;;;;
#ERRO;;;;#ERRO;;4104;DILLY;#ERRO;;;;#ERRO;;;;#ERRO;;;;#ERRO;;;;;;;;
#ERRO;;;;#ERRO;;62;DILLY;#ERRO;;;;#ERRO;;;;#ERRO;;;;#ERRO;;;;;;;;
#ERRO;;;;#ERRO;;752;DILLY;#ERRO;;;;#ERRO;;;;#ERRO;;;;#ERRO;;;;;;;;
#ERRO;;;;#ERRO;;45;DILLY;#ERRO;;;;#ERRO;;;;#ERRO;;;;#ERRO;;;;;;;;
#ERRO;;;;#ERRO;;370;DILLY;#ERRO;;;;#ERRO;;;;#ERRO;;;;#ERRO;;;;;;;;
#ERRO;;;;#ERRO;;856;DILLY;#ERRO;;;;#ERRO;;;;#ERRO;;;;#ERRO;;;;;;;;
#ERRO;;;;#ERRO;;CINZA (POLIESTER);DILLY;#ERRO;;;;#ERRO;;;;#ERRO;;;;#ERRO;;;;;;;;
#ERRO;;;;#ERRO;;70;DILLY;#ERRO;;;;#ERRO;;;;#ERRO;;;;#ERRO;;;;;;;;
#ERRO;;;;#ERRO;;CANTEEN (ALPINA);DILLY;#ERRO;;;;#ERRO;;;;#ERRO;;;;#ERRO;;;;;;;;
#ERRO;;;;#ERRO;;220/1;DILLY;#ERRO;;;;#ERRO;;;;#ERRO;;;;#ERRO;;;;;;;;
#ERRO;;;;#ERRO;;690;DILLY;#ERRO;;;;#ERRO;;;;#ERRO;;;;#ERRO;;;;;;;;
#ERRO;;;;#ERRO;;237;DILLY;#ERRO;;;;#ERRO;;;;#ERRO;;;;#ERRO;;;;;;;;
#ERRO;;;;#ERRO;;228;DILLY;#ERRO;;;;#ERRO;;;;#ERRO;;;;#ERRO;;;;;;;;
#ERRO;;;;#ERRO;;182;DILLY;#ERRO;;;;#ERRO;;;;#ERRO;;;;#ERRO;;;;;;;;
#ERRO;;;;#ERRO;;4010;DILLY;#ERRO;;;;#ERRO;;;;#ERRO;;;;#ERRO;;;;;;;;
#ERRO;;;;#ERRO;;891;DILLY;#ERRO;;;;#ERRO;;;;#ERRO;;;;#ERRO;;;;;;;;
#ERRO;;;;#ERRO;;2186;DILLY;#ERRO;;;;#ERRO;;;;#ERRO;;;;#ERRO;;;;;;;;
#ERRO;;;;#ERRO;;2185;DILLY;#ERRO;;;;#ERRO;;;;#ERRO;;;;#ERRO;;;;;;;;
#ERRO;;;;#ERRO;;2191;DILLY;#ERRO;;;;#ERRO;;;;#ERRO;;;;#ERRO;;;;;;;;
#ERRO;;;;#ERRO;;FIO REFLETIVO 1MM;DILLY;#ERRO;;;;#ERRO;;;;#ERRO;;;;#ERRO;;;;;;;;
#ERRO;;;;#ERRO;;BORRACHA PRETA 28;DILLY;#ERRO;;;;#ERRO;;;;#ERRO;;;;#ERRO;;;;;;;;
#ERRO;;;;#ERRO;;36;DILLY;#ERRO;;;;#ERRO;;;;#ERRO;;;;#ERRO;;;;;;;;
#ERRO;;;;#ERRO;;BORRACHA PRETA 38;DILLY;#ERRO;;;;#ERRO;;;;#ERRO;;;;#ERRO;;;;;;;;
#ERRO;;;;#ERRO;;4136;DILLY;#ERRO;;;;#ERRO;;;;#ERRO;;;;#ERRO;;;;;;;;
#ERRO;;;;#ERRO;;64;DILLY;#ERRO;;;;#ERRO;;;;#ERRO;;;;#ERRO;;;;;;;;
#ERRO;;;;#ERRO;;4130;DILLY;#ERRO;;;;#ERRO;;;;#ERRO;;;;#ERRO;;;;;;;;
#ERRO;;;;#ERRO;;851;DILLY;#ERRO;;;;#ERRO;;;;#ERRO;;;;#ERRO;;;;;;;;
#ERRO;;;;#ERRO;;86;DILLY;#ERRO;;;;#ERRO;;;;#ERRO;;;;#ERRO;;;;;;;;
#ERRO;;;;#ERRO;;4140;DILLY;#ERRO;;;;#ERRO;;;;#ERRO;;;;#ERRO;;;;;;;;
#ERRO;;;;#ERRO;;4137;DILLY;#ERRO;;;;#ERRO;;;;#ERRO;;;;#ERRO;;;;;;;;
#ERRO;;;;#ERRO;;745/1P;DILLY;#ERRO;;;;#ERRO;;;;#ERRO;;;;#ERRO;;;;;;;;
#ERRO;;;;#ERRO;;627;DILLY;#ERRO;;;;#ERRO;;;;#ERRO;;;;#ERRO;;;;;;;;
#ERRO;;;;#ERRO;;034/1P;DILLY;#ERRO;;;;#ERRO;;;;#ERRO;;;;#ERRO;;;;;;;;
#ERRO;;;;#ERRO;;627/1P;DILLY;#ERRO;;;;#ERRO;;;;#ERRO;;;;#ERRO;;;;;;;;
#ERRO;;;;#ERRO;;278/1P;DILLY;#ERRO;;;;#ERRO;;;;#ERRO;;;;#ERRO;;;;;;;;
#ERRO;;;;#ERRO;;34;DILLY;#ERRO;;;;#ERRO;;;;#ERRO;;;;#ERRO;;;;;;;;
#ERRO;;;;#ERRO;;2146;DILLY;#ERRO;;;;#ERRO;;;;#ERRO;;;;#ERRO;;;;;;;;
#ERRO;;;;#ERRO;;CLEAR ORANGE (ALPINA);DILLY;#ERRO;;;;#ERRO;;;;#ERRO;;;;#ERRO;;;;;;;;
#ERRO;;;;#ERRO;;;DILLY;#ERRO;;;;#ERRO;;;;#ERRO;;;;#ERRO;;;;;;;;
#ERRO;;;;#ERRO;;;DILLY;#ERRO;;;;#ERRO;;;;#ERRO;;;;#ERRO;;;;;;;;
#ERRO;;;;#ERRO;;;DILLY;#ERRO;;;;#ERRO;;;;#ERRO;;;;#ERRO;;;;;;;;
#ERRO;;;;#ERRO;;;DILLY;#ERRO;;;;#ERRO;;;;#ERRO;;;;#ERRO;;;;;;;;
#ERRO;;;;#ERRO;;;DILLY;#ERRO;;;;#ERRO;;;;#ERRO;;;;#ERRO;;;;;;;;
#ERRO;;;;#ERRO;;;DILLY;#ERRO;;;;#ERRO;;;;#ERRO;;;;#ERRO;;;;;;;;
#ERRO;;;;#ERRO;;;DILLY;#ERRO;;;;#ERRO;;;;#ERRO;;;;#ERRO;;;;;;;;
#ERRO;;;;#ERRO;;;DILLY;#ERRO;;;;#ERRO;;;;#ERRO;;;;#ERRO;;;;;;;;
#ERRO;;;;#ERRO;;;DILLY;#ERRO;;;;#ERRO;;;;#ERRO;;;;#ERRO;;;;;;;;
#ERRO;;;;#ERRO;;;DILLY;#ERRO;;;;#ERRO;;;;#ERRO;;;;#ERRO;;;;;;;;
#ERRO;;;;#ERRO;;;DILLY;#ERRO;;;;#ERRO;;;;#ERRO;;;;#ERRO;;;;;;;;
#ERRO;;;;#ERRO;;;DILLY;#ERRO;;;;#ERRO;;;;#ERRO;;;;#ERRO;;;;;;;;
#ERRO;;;;#ERRO;;;DILLY;#ERRO;;;;#ERRO;;;;#ERRO;;;;#ERRO;;;;;;;;
#ERRO;;;;#ERRO;;;DILLY;#ERRO;;;;#ERRO;;;;#ERRO;;;;#ERRO;;;;;;;;
#ERRO;;;;#ERRO;;;DILLY;#ERRO;;;;#ERRO;;;;#ERRO;;;;#ERRO;;;;;;;;
#ERRO;;;;#ERRO;;;DILLY;#ERRO;;;;#ERRO;;;;#ERRO;;;;#ERRO;;;;;;;;
#ERRO;;;;#ERRO;;;DILLY;#ERRO;;;;#ERRO;;;;#ERRO;;;;#ERRO;;;;;;;;
#ERRO;;;;#ERRO;;;DILLY;#ERRO;;;;#ERRO;;;;#ERRO;;;;#ERRO;;;;;;;;
#ERRO;;;;#ERRO;;;DILLY;#ERRO;;;;#ERRO;;;;#ERRO;;;;#ERRO;;;;;;;;
#ERRO;;;;#ERRO;;;DILLY;#ERRO;;;;#ERRO;;;;#ERRO;;;;#ERRO;;;;;;;;
#ERRO;;;;#ERRO;;;DILLY;#ERRO;;;;#ERRO;;;;#ERRO;;;;#ERRO;;;;;;;;
#ERRO;;;;#ERRO;;;DILLY;#ERRO;;;;#ERRO;;;;#ERRO;;;;#ERRO;;;;;;;;
#ERRO;;;;#ERRO;;;DILLY;#ERRO;;;;#ERRO;;;;#ERRO;;;;#ERRO;;;;;;;;
#ERRO;;;;#ERRO;;;DILLY;#ERRO;;;;#ERRO;;;;#ERRO;;;;#ERRO;;;;;;;;
#ERRO;;;;#ERRO;;;DILLY;#ERRO;;;;#ERRO;;;;#ERRO;;;;#ERRO;;;;;;;;
#ERRO;;;;#ERRO;;;DILLY;#ERRO;;;;#ERRO;;;;#ERRO;;;;#ERRO;;;;;;;;
#ERRO;;;;#ERRO;;;DILLY;#ERRO;;;;#ERRO;;;;#ERRO;;;;#ERRO;;;;;;;;
#ERRO;;;;#ERRO;;;DILLY;#ERRO;;;;#ERRO;;;;#ERRO;;;;#ERRO;;;;;;;;
#ERRO;;;;#ERRO;;;DILLY;#ERRO;;;;#ERRO;;;;#ERRO;;;;#ERRO;;;;;;;;
#ERRO;;;;#ERRO;;;DILLY;#ERRO;;;;#ERRO;;;;#ERRO;;;;#ERRO;;;;;;;;
#ERRO;;;;#ERRO;;;DILLY;#ERRO;;;;#ERRO;;;;#ERRO;;;;#ERRO;;;;;;;;
#ERRO;;;;#ERRO;;;DILLY;#ERRO;;;;#ERRO;;;;#ERRO;;;;#ERRO;;;;;;;;
#ERRO;;;;#ERRO;;;;#ERRO;;;;#ERRO;;;;#ERRO;;;;#ERRO;;;;;;;;
#ERRO;;;;#ERRO;;;;#ERRO;;;;#ERRO;;;;#ERRO;;;;#ERRO;;;;;;;;
#ERRO;;;;#ERRO;;;;#ERRO;;;;#ERRO;;;;#ERRO;;;;#ERRO;;;;;;;;
#ERRO;;;;#ERRO;;;;#ERRO;;;;#ERRO;;;;#ERRO;;;;#ERRO;;;;;;;;
#ERRO;;;;#ERRO;;;;#ERRO;;;;#ERRO;;;;#ERRO;;;;#ERRO;;;;;;;;
#ERRO;;;;#ERRO;;;;#ERRO;;;;#ERRO;;;;#ERRO;;;;#ERRO;;;;;;;;
#ERRO;;;;#ERRO;;;;#ERRO;;;;#ERRO;;;;#ERRO;;;;#ERRO;;;;;;;;
#ERRO;;;;#ERRO;;;;#ERRO;;;;#ERRO;;;;#ERRO;;;;#ERRO;;;;;;;;
#ERRO;;;;#ERRO;;;;#ERRO;;;;#ERRO;;;;#ERRO;;;;#ERRO;;;;;;;;
#ERRO;;;;#ERRO;;;;#ERRO;;;;#ERRO;;;;#ERRO;;;;#ERRO;;;;;;;;
#ERRO;;;;#ERRO;;;;#ERRO;;;;#ERRO;;;;#ERRO;;;;#ERRO;;;;;;;;
#ERRO;;;;#ERRO;;;;#ERRO;;;;#ERRO;;;;#ERRO;;;;#ERRO;;;;;;;;
#ERRO;;;;#ERRO;;;;#ERRO;;;;#ERRO;;;;#ERRO;;;;#ERRO;;;;;;;;
#ERRO;;;;#ERRO;;;;#ERRO;;;;#ERRO;;;;#ERRO;;;;#ERRO;;;;;;;;
#ERRO;;;;#ERRO;;;;#ERRO;;;;#ERRO;;;;#ERRO;;;;#ERRO;;;;;;;;
#ERRO;;;;#ERRO;;;;#ERRO;;;;#ERRO;;;;#ERRO;;;;#ERRO;;;;;;;;
#ERRO;;;;#ERRO;;;;#ERRO;;;;#ERRO;;;;#ERRO;;;;#ERRO;;;;;;;;
#ERRO;;;;#ERRO;;;;#ERRO;;;;#ERRO;;;;#ERRO;;;;#ERRO;;;;;;;;
#ERRO;;;;#ERRO;;;;#ERRO;;;;#ERRO;;;;#ERRO;;;;#ERRO;;;;;;;;
#ERRO;;;;#ERRO;;;;#ERRO;;;;#ERRO;;;;#ERRO;;;;#ERRO;;;;;;;;
#ERRO;;;;#ERRO;;;;#ERRO;;;;#ERRO;;;;#ERRO;;;;#ERRO;;;;;;;;
#ERRO;;;;#ERRO;;;;#ERRO;;;;#ERRO;;;;#ERRO;;;;#ERRO;;;;;;;;
#ERRO;;;;#ERRO;;;;#ERRO;;;;#ERRO;;;;#ERRO;;;;#ERRO;;;;;;;;
#ERRO;;;;#ERRO;;;;#ERRO;;;;#ERRO;;;;#ERRO;;;;#ERRO;;;;;;;;
#ERRO;;;;#ERRO;;;;#ERRO;;;;#ERRO;;;;#ERRO;;;;#ERRO;;;;;;;;
#ERRO;;;;#ERRO;;;;#ERRO;;;;#ERRO;;;;#ERRO;;;;#ERRO;;;;;;;;
#ERRO;;;;#ERRO;;;;#ERRO;;;;#ERRO;;;;#ERRO;;;;#ERRO;;;;;;;;
#ERRO;;;;#ERRO;;;;#ERRO;;;;#ERRO;;;;#ERRO;;;;#ERRO;;;;;;;;
#ERRO;;;;#ERRO;;;;#ERRO;;;;#ERRO;;;;#ERRO;;;;#ERRO;;;;;;;;
#ERRO;;;;#ERRO;;;;#ERRO;;;;#ERRO;;;;#ERRO;;;;#ERRO;;;;;;;;
#ERRO;;;;#ERRO;;;;#ERRO;;;;#ERRO;;;;#ERRO;;;;#ERRO;;;;;;;;
#ERRO;;;;#ERRO;;;;#ERRO;;;;#ERRO;;;;#ERRO;;;;#ERRO;;;;;;;;
#ERRO;;;;#ERRO;;;;#ERRO;;;;#ERRO;;;;#ERRO;;;;#ERRO;;;;;;;;
#ERRO;;;;#ERRO;;;;#ERRO;;;;#ERRO;;;;#ERRO;;;;#ERRO;;;;;;;;
#ERRO;;;;#ERRO;;;;#ERRO;;;;#ERRO;;;;#ERRO;;;;#ERRO;;;;;;;;
#ERRO;;;;#ERRO;;;;#ERRO;;;;#ERRO;;;;#ERRO;;;;#ERRO;;;;;;;;
#ERRO;;;;#ERRO;;;;#ERRO;;;;#ERRO;;;;#ERRO;;;;#ERRO;;;;;;;;
#ERRO;;;;#ERRO;;;;#ERRO;;;;#ERRO;;;;#ERRO;;;;#ERRO;;;;;;;;
#ERRO;;;;#ERRO;;;;#ERRO;;;;#ERRO;;;;#ERRO;;;;#ERRO;;;;;;;;
#ERRO;;;;#ERRO;;;;#ERRO;;;;#ERRO;;;;#ERRO;;;;#ERRO;;;;;;;;
#ERRO;;;;#ERRO;;;;#ERRO;;;;#ERRO;;;;#ERRO;;;;#ERRO;;;;;;;;
#ERRO;;;;#ERRO;;;;#ERRO;;;;#ERRO;;;;#ERRO;;;;#ERRO;;;;;;;;
#ERRO;;;;#ERRO;;;;#ERRO;;;;#ERRO;;;;#ERRO;;;;#ERRO;;;;;;;;
#ERRO;;;;#ERRO;;;;#ERRO;;;;#ERRO;;;;#ERRO;;;;#ERRO;;;;;;;;
#ERRO;;;;#ERRO;;;;#ERRO;;;;#ERRO;;;;#ERRO;;;;#ERRO;;;;;;;;
#ERRO;;;;#ERRO;;;;#ERRO;;;;#ERRO;;;;#ERRO;;;;#ERRO;;;;;;;;
#ERRO;;;;#ERRO;;;;#ERRO;;;;#ERRO;;;;#ERRO;;;;#ERRO;;;;;;;;
#ERRO;;;;#ERRO;;;;#ERRO;;;;#ERRO;;;;#ERRO;;;;#ERRO;;;;;;;;
#ERRO;;;;#ERRO;;;;#ERRO;;;;#ERRO;;;;#ERRO;;;;#ERRO;;;;;;;;
#ERRO;;;;#ERRO;;;;#ERRO;;;;#ERRO;;;;#ERRO;;;;#ERRO;;;;;;;;
#ERRO;;;;#ERRO;;;;#ERRO;;;;#ERRO;;;;#ERRO;;;;#ERRO;;;;;;;;
#ERRO;;;;#ERRO;;;;#ERRO;;;;#ERRO;;;;#ERRO;;;;#ERRO;;;;;;;;
#ERRO;;;;#ERRO;;;;#ERRO;;;;#ERRO;;;;#ERRO;;;;#ERRO;;;;;;;;
#ERRO;;;;#ERRO;;;;#ERRO;;;;#ERRO;;;;#ERRO;;;;#ERRO;;;;;;;;
#ERRO;;;;#ERRO;;;;#ERRO;;;;#ERRO;;;;#ERRO;;;;#ERRO;;;;;;;;
#ERRO;;;;#ERRO;;;;#ERRO;;;;#ERRO;;;;#ERRO;;;;#ERRO;;;;;;;;
#ERRO;;;;#ERRO;;;;#ERRO;;;;#ERRO;;;;#ERRO;;;;#ERRO;;;;;;;;
#ERRO;;;;#ERRO;;;;#ERRO;;;;#ERRO;;;;#ERRO;;;;#ERRO;;;;;;;;
#ERRO;;;;#ERRO;;;;#ERRO;;;;#ERRO;;;;#ERRO;;;;#ERRO;;;;;;;;
#ERRO;;;;#ERRO;;;;#ERRO;;;;#ERRO;;;;#ERRO;;;;#ERRO;;;;;;;;
#ERRO;;;;#ERRO;;;;#ERRO;;;;#ERRO;;;;#ERRO;;;;#ERRO;;;;;;;;
#ERRO;;;;#ERRO;;;;#ERRO;;;;#ERRO;;;;#ERRO;;;;#ERRO;;;;;;;;
#ERRO;;;;#ERRO;;;;#ERRO;;;;#ERRO;;;;#ERRO;;;;#ERRO;;;;;;;;
#ERRO;;;;#ERRO;;;;#ERRO;;;;#ERRO;;;;#ERRO;;;;#ERRO;;;;;;;;
#ERRO;;;;#ERRO;;;;#ERRO;;;;#ERRO;;;;#ERRO;;;;#ERRO;;;;;;;;
#ERRO;;;;#ERRO;;;;#ERRO;;;;#ERRO;;;;#ERRO;;;;#ERRO;;;;;;;;
#ERRO;;;;#ERRO;;;;#ERRO;;;;#ERRO;;;;#ERRO;;;;#ERRO;;;;;;;;
#ERRO;;;;#ERRO;;;;#ERRO;;;;#ERRO;;;;#ERRO;;;;#ERRO;;;;;;;;
#ERRO;;;;#ERRO;;;;#ERRO;;;;#ERRO;;;;#ERRO;;;;#ERRO;;;;;;;;
#ERRO;;;;#ERRO;;;;#ERRO;;;;#ERRO;;;;#ERRO;;;;#ERRO;;;;;;;;
#ERRO;;;;#ERRO;;;;#ERRO;;;;#ERRO;;;;#ERRO;;;;#ERRO;;;;;;;;
#ERRO;;;;#ERRO;;;;#ERRO;;;;#ERRO;;;;#ERRO;;;;#ERRO;;;;;;;;
#ERRO;;;;#ERRO;;;;#ERRO;;;;#ERRO;;;;#ERRO;;;;#ERRO;;;;;;;;
#ERRO;;;;#ERRO;;;;#ERRO;;;;#ERRO;;;;#ERRO;;;;#ERRO;;;;;;;;
#ERRO;;;;#ERRO;;;;#ERRO;;;;#ERRO;;;;#ERRO;;;;#ERRO;;;;;;;;
#ERRO;;;;#ERRO;;;;#ERRO;;;;#ERRO;;;;#ERRO;;;;#ERRO;;;;;;;;
#ERRO;;;;#ERRO;;;;#ERRO;;;;#ERRO;;;;#ERRO;;;;#ERRO;;;;;;;;
#ERRO;;;;#ERRO;;;;#ERRO;;;;#ERRO;;;;#ERRO;;;;#ERRO;;;;;;;;
#ERRO;;;;#ERRO;;;;#ERRO;;;;#ERRO;;;;#ERRO;;;;#ERRO;;;;;;;;
#ERRO;;;;#ERRO;;;;#ERRO;;;;#ERRO;;;;#ERRO;;;;#ERRO;;;;;;;;
#ERRO;;;;#ERRO;;;;#ERRO;;;;#ERRO;;;;#ERRO;;;;#ERRO;;;;;;;;
#ERRO;;;;#ERRO;;;;#ERRO;;;;#ERRO;;;;#ERRO;;;;#ERRO;;;;;;;;
#ERRO;;;;#ERRO;;;;#ERRO;;;;#ERRO;;;;#ERRO;;;;#ERRO;;;;;;;;
#ERRO;;;;#ERRO;;;;#ERRO;;;;#ERRO;;;;#ERRO;;;;#ERRO;;;;;;;;
#ERRO;;;;#ERRO;;;;#ERRO;;;;#ERRO;;;;#ERRO;;;;#ERRO;;;;;;;;
#ERRO;;;;#ERRO;;;;#ERRO;;;;#ERRO;;;;#ERRO;;;;#ERRO;;;;;;;;
#ERRO;;;;#ERRO;;;;#ERRO;;;;#ERRO;;;;#ERRO;;;;#ERRO;;;;;;;;
#ERRO;;;;#ERRO;;;;#ERRO;;;;#ERRO;;;;#ERRO;;;;#ERRO;;;;;;;;
#ERRO;;;;#ERRO;;;;#ERRO;;;;#ERRO;;;;#ERRO;;;;#ERRO;;;;;;;;
#ERRO;;;;#ERRO;;;;#ERRO;;;;#ERRO;;;;#ERRO;;;;#ERRO;;;;;;;;
#ERRO;;;;#ERRO;;;;#ERRO;;;;#ERRO;;;;#ERRO;;;;#ERRO;;;;;;;;
#ERRO;;;;#ERRO;;;;#ERRO;;;;#ERRO;;;;#ERRO;;;;#ERRO;;;;;;;;
#ERRO;;;;#ERRO;;;;#ERRO;;;;#ERRO;;;;#ERRO;;;;#ERRO;;;;;;;;
#ERRO;;;;#ERRO;;;;#ERRO;;;;#ERRO;;;;#ERRO;;;;#ERRO;;;;;;;;
#ERRO;;;;#ERRO;;;;#ERRO;;;;#ERRO;;;;#ERRO;;;;#ERRO;;;;;;;;
#ERRO;;;;#ERRO;;;;#ERRO;;;;#ERRO;;;;#ERRO;;;;#ERRO;;;;;;;;
#ERRO;;;;#ERRO;;;;#ERRO;;;;#ERRO;;;;#ERRO;;;;#ERRO;;;;;;;;
#ERRO;;;;#ERRO;;;;#ERRO;;;;#ERRO;;;;#ERRO;;;;#ERRO;;;;;;;;
#ERRO;;;;#ERRO;;;;#ERRO;;;;#ERRO;;;;#ERRO;;;;#ERRO;;;;;;;;
#ERRO;;;;#ERRO;;;;#ERRO;;;;#ERRO;;;;#ERRO;;;;#ERRO;;;;;;;;
#ERRO;;;;#ERRO;;;;#ERRO;;;;#ERRO;;;;#ERRO;;;;#ERRO;;;;;;;;
#ERRO;;;;#ERRO;;;;#ERRO;;;;#ERRO;;;;#ERRO;;;;#ERRO;;;;;;;;
#ERRO;;;;#ERRO;;;;#ERRO;;;;#ERRO;;;;#ERRO;;;;#ERRO;;;;;;;;
#ERRO;;;;#ERRO;;;;#ERRO;;;;#ERRO;;;;#ERRO;;;;#ERRO;;;;;;;;
#ERRO;;;;#ERRO;;;;#ERRO;;;;#ERRO;;;;#ERRO;;;;#ERRO;;;;;;;;
#ERRO;;;;#ERRO;;;;#ERRO;;;;#ERRO;;;;#ERRO;;;;#ERRO;;;;;;;;
#ERRO;;;;#ERRO;;;;#ERRO;;;;#ERRO;;;;#ERRO;;;;#ERRO;;;;;;;;
#ERRO;;;;#ERRO;;;;#ERRO;;;;#ERRO;;;;#ERRO;;;;#ERRO;;;;;;;;
#ERRO;;;;#ERRO;;;;#ERRO;;;;#ERRO;;;;#ERRO;;;;#ERRO;;;;;;;;
#ERRO;;;;#ERRO;;;;#ERRO;;;;#ERRO;;;;#ERRO;;;;#ERRO;;;;;;;;
#ERRO;;;;#ERRO;;;;#ERRO;;;;#ERRO;;;;#ERRO;;;;#ERRO;;;;;;;;
#ERRO;;;;#ERRO;;;;#ERRO;;;;#ERRO;;;;#ERRO;;;;#ERRO;;;;;;;;
#ERRO;;;;#ERRO;;;;#ERRO;;;;#ERRO;;;;#ERRO;;;;#ERRO;;;;;;;;
#ERRO;;;;#ERRO;;;;#ERRO;;;;#ERRO;;;;#ERRO;;;;#ERRO;;;;;;;;
#ERRO;;;;#ERRO;;;;#ERRO;;;;#ERRO;;;;#ERRO;;;;#ERRO;;;;;;;;
#ERRO;;;;#ERRO;;;;#ERRO;;;;#ERRO;;;;#ERRO;;;;#ERRO;;;;;;;;
#ERRO;;;;#ERRO;;;;#ERRO;;;;#ERRO;;;;#ERRO;;;;#ERRO;;;;;;;;
#ERRO;;;;#ERRO;;;;#ERRO;;;;#ERRO;;;;#ERRO;;;;#ERRO;;;;;;;;
#ERRO;;;;#ERRO;;;;#ERRO;;;;#ERRO;;;;#ERRO;;;;#ERRO;;;;;;;;
#ERRO;;;;#ERRO;;;;#ERRO;;;;#ERRO;;;;#ERRO;;;;#ERRO;;;;;;;;
#ERRO;;;;#ERRO;;;;#ERRO;;;;#ERRO;;;;#ERRO;;;;#ERRO;;;;;;;;
#ERRO;;;;#ERRO;;;;#ERRO;;;;#ERRO;;;;#ERRO;;;;#ERRO;;;;;;;;
#ERRO;;;;#ERRO;;;;#ERRO;;;;#ERRO;;;;#ERRO;;;;#ERRO;;;;;;;;
#ERRO;;;;#ERRO;;;;#ERRO;;;;#ERRO;;;;#ERRO;;;;#ERRO;;;;;;;;
#ERRO;;;;#ERRO;;;;#ERRO;;;;#ERRO;;;;#ERRO;;;;#ERRO;;;;;;;;
#ERRO;;;;#ERRO;;;;#ERRO;;;;#ERRO;;;;#ERRO;;;;#ERRO;;;;;;;;
#ERRO;;;;#ERRO;;;;#ERRO;;;;#ERRO;;;;#ERRO;;;;#ERRO;;;;;;;;
#ERRO;;;;#ERRO;;;;#ERRO;;;;#ERRO;;;;#ERRO;;;;#ERRO;;;;;;;;
#ERRO;;;;#ERRO;;;;#ERRO;;;;#ERRO;;;;#ERRO;;;;#ERRO;;;;;;;;
#ERRO;;;;#ERRO;;;;#ERRO;;;;#ERRO;;;;#ERRO;;;;#ERRO;;;;;;;;
#ERRO;;;;#ERRO;;;;#ERRO;;;;#ERRO;;;;#ERRO;;;;#ERRO;;;;;;;;
#ERRO;;;;#ERRO;;;;#ERRO;;;;#ERRO;;;;#ERRO;;;;#ERRO;;;;;;;;
#ERRO;;;;#ERRO;;;;#ERRO;;;;#ERRO;;;;#ERRO;;;;#ERRO;;;;;;;;
#ERRO;;;;#ERRO;;;;#ERRO;;;;#ERRO;;;;#ERRO;;;;#ERRO;;;;;;;;
#ERRO;;;;#ERRO;;;;#ERRO;;;;#ERRO;;;;#ERRO;;;;#ERRO;;;;;;;;
#ERRO;;;;#ERRO;;;;#ERRO;;;;#ERRO;;;;#ERRO;;;;#ERRO;;;;;;;;
#ERRO;;;;#ERRO;;;;#ERRO;;;;#ERRO;;;;#ERRO;;;;#ERRO;;;;;;;;
#ERRO;;;;#ERRO;;;;#ERRO;;;;#ERRO;;;;#ERRO;;;;#ERRO;;;;;;;;
#ERRO;;;;#ERRO;;;;#ERRO;;;;#ERRO;;;;#ERRO;;;;#ERRO;;;;;;;;
#ERRO;;;;#ERRO;;;;#ERRO;;;;#ERRO;;;;#ERRO;;;;#ERRO;;;;;;;;
#ERRO;;;;#ERRO;;;;#ERRO;;;;#ERRO;;;;#ERRO;;;;#ERRO;;;;;;;;
#ERRO;;;;#ERRO;;;;#ERRO;;;;#ERRO;;;;#ERRO;;;;#ERRO;;;;;;;;
#ERRO;;;;#ERRO;;;;#ERRO;;;;#ERRO;;;;#ERRO;;;;#ERRO;;;;;;;;
#ERRO;;;;#ERRO;;;;#ERRO;;;;#ERRO;;;;#ERRO;;;;#ERRO;;;;;;;;
#ERRO;;;;#ERRO;;;;#ERRO;;;;#ERRO;;;;#ERRO;;;;#ERRO;;;;;;;;
#ERRO;;;;#ERRO;;;;#ERRO;;;;#ERRO;;;;#ERRO;;;;#ERRO;;;;;;;;
#ERRO;;;;#ERRO;;;;#ERRO;;;;#ERRO;;;;#ERRO;;;;#ERRO;;;;;;;;
#ERRO;;;;#ERRO;;;;#ERRO;;;;#ERRO;;;;#ERRO;;;;#ERRO;;;;;;;;
#ERRO;;;;#ERRO;;;;#ERRO;;;;#ERRO;;;;#ERRO;;;;#ERRO;;;;;;;;
#ERRO;;;;#ERRO;;;;#ERRO;;;;#ERRO;;;;#ERRO;;;;#ERRO;;;;;;;;
#ERRO;;;;#ERRO;;;;#ERRO;;;;#ERRO;;;;#ERRO;;;;#ERRO;;;;;;;;
#ERRO;;;;#ERRO;;;;#ERRO;;;;#ERRO;;;;#ERRO;;;;#ERRO;;;;;;;;
#ERRO;;;;#ERRO;;;;#ERRO;;;;#ERRO;;;;#ERRO;;;;#ERRO;;;;;;;;
#ERRO;;;;#ERRO;;;;#ERRO;;;;#ERRO;;;;#ERRO;;;;#ERRO;;;;;;;;
#ERRO;;;;#ERRO;;;;#ERRO;;;;#ERRO;;;;#ERRO;;;;#ERRO;;;;;;;;
#ERRO;;;;#ERRO;;;;#ERRO;;;;#ERRO;;;;#ERRO;;;;#ERRO;;;;;;;;
#ERRO;;;;#ERRO;;;;#ERRO;;;;#ERRO;;;;#ERRO;;;;#ERRO;;;;;;;;
#ERRO;;;;#ERRO;;;;#ERRO;;;;#ERRO;;;;#ERRO;;;;#ERRO;;;;;;;;
#ERRO;;;;#ERRO;;;;#ERRO;;;;#ERRO;;;;#ERRO;;;;#ERRO;;;;;;;;
#ERRO;;;;#ERRO;;;;#ERRO;;;;#ERRO;;;;#ERRO;;;;#ERRO;;;;;;;;
#ERRO;;;;#ERRO;;;;#ERRO;;;;#ERRO;;;;#ERRO;;;;#ERRO;;;;;;;;
#ERRO;;;;#ERRO;;;;#ERRO;;;;#ERRO;;;;#ERRO;;;;#ERRO;;;;;;;;
#ERRO;;;;#ERRO;;;;#ERRO;;;;#ERRO;;;;#ERRO;;;;#ERRO;;;;;;;;
#ERRO;;;;#ERRO;;;;#ERRO;;;;#ERRO;;;;#ERRO;;;;#ERRO;;;;;;;;
#ERRO;;;;#ERRO;;;;#ERRO;;;;#ERRO;;;;#ERRO;;;;#ERRO;;;;;;;;
#ERRO;;;;#ERRO;;;;#ERRO;;;;#ERRO;;;;#ERRO;;;;#ERRO;;;;;;;;
#ERRO;;;;#ERRO;;;;#ERRO;;;;#ERRO;;;;#ERRO;;;;#ERRO;;;;;;;;
#ERRO;;;;#ERRO;;;;#ERRO;;;;#ERRO;;;;#ERRO;;;;#ERRO;;;;;;;;
#ERRO;;;;#ERRO;;;;#ERRO;;;;#ERRO;;;;#ERRO;;;;#ERRO;;;;;;;;
#ERRO;;;;#ERRO;;;;#ERRO;;;;#ERRO;;;;#ERRO;;;;#ERRO;;;;;;;;
#ERRO;;;;#ERRO;;;;#ERRO;;;;#ERRO;;;;#ERRO;;;;#ERRO;;;;;;;;
#ERRO;;;;#ERRO;;;;#ERRO;;;;#ERRO;;;;#ERRO;;;;#ERRO;;;;;;;;
#ERRO;;;;#ERRO;;;;#ERRO;;;;#ERRO;;;;#ERRO;;;;#ERRO;;;;;;;;
#ERRO;;;;#ERRO;;;;#ERRO;;;;#ERRO;;;;#ERRO;;;;#ERRO;;;;;;;;
#ERRO;;;;#ERRO;;;;#ERRO;;;;#ERRO;;;;#ERRO;;;;#ERRO;;;;;;;;
#ERRO;;;;#ERRO;;;;#ERRO;;;;#ERRO;;;;#ERRO;;;;#ERRO;;;;;;;;
#ERRO;;;;#ERRO;;;;#ERRO;;;;#ERRO;;;;#ERRO;;;;#ERRO;;;;;;;;
#ERRO;;;;#ERRO;;;;#ERRO;;;;#ERRO;;;;#ERRO;;;;#ERRO;;;;;;;;
#ERRO;;;;#ERRO;;;;#ERRO;;;;#ERRO;;;;#ERRO;;;;#ERRO;;;;;;;;
#ERRO;;;;#ERRO;;;;#ERRO;;;;#ERRO;;;;#ERRO;;;;#ERRO;;;;;;;;
#ERRO;;;;#ERRO;;;;#ERRO;;;;#ERRO;;;;#ERRO;;;;#ERRO;;;;;;;;
#ERRO;;;;#ERRO;;;;#ERRO;;;;#ERRO;;;;#ERRO;;;;#ERRO;;;;;;;;
#ERRO;;;;#ERRO;;;;#ERRO;;;;#ERRO;;;;#ERRO;;;;#ERRO;;;;;;;;
#ERRO;;;;#ERRO;;;;#ERRO;;;;#ERRO;;;;#ERRO;;;;#ERRO;;;;;;;;
#ERRO;;;;#ERRO;;;;#ERRO;;;;#ERRO;;;;#ERRO;;;;#ERRO;;;;;;;;
#ERRO;;;;#ERRO;;;;#ERRO;;;;#ERRO;;;;#ERRO;;;;#ERRO;;;;;;;;
#ERRO;;;;#ERRO;;;;#ERRO;;;;#ERRO;;;;#ERRO;;;;#ERRO;;;;;;;;
#ERRO;;;;#ERRO;;;;#ERRO;;;;#ERRO;;;;#ERRO;;;;#ERRO;;;;;;;;
#ERRO;;;;#ERRO;;;;#ERRO;;;;#ERRO;;;;#ERRO;;;;#ERRO;;;;;;;;
#ERRO;;;;#ERRO;;;;#ERRO;;;;#ERRO;;;;#ERRO;;;;#ERRO;;;;;;;;
#ERRO;;;;#ERRO;;;;#ERRO;;;;#ERRO;;;;#ERRO;;;;#ERRO;;;;;;;;
#ERRO;;;;#ERRO;;;;#ERRO;;;;#ERRO;;;;#ERRO;;;;#ERRO;;;;;;;;
#ERRO;;;;#ERRO;;;;#ERRO;;;;#ERRO;;;;#ERRO;;;;#ERRO;;;;;;;;
#ERRO;;;;#ERRO;;;;#ERRO;;;;#ERRO;;;;#ERRO;;;;#ERRO;;;;;;;;
#ERRO;;;;#ERRO;;;;#ERRO;;;;#ERRO;;;;#ERRO;;;;#ERRO;;;;;;;;
#ERRO;;;;#ERRO;;;;#ERRO;;;;#ERRO;;;;#ERRO;;;;#ERRO;;;;;;;;
#ERRO;;;;#ERRO;;;;#ERRO;;;;#ERRO;;;;#ERRO;;;;#ERRO;;;;;;;;
#ERRO;;;;#ERRO;;;;#ERRO;;;;#ERRO;;;;#ERRO;;;;#ERRO;;;;;;;;
#ERRO;;;;#ERRO;;;;#ERRO;;;;#ERRO;;;;#ERRO;;;;#ERRO;;;;;;;;
#ERRO;;;;#ERRO;;;;#ERRO;;;;#ERRO;;;;#ERRO;;;;#ERRO;;;;;;;;
#ERRO;;;;#ERRO;;;;#ERRO;;;;#ERRO;;;;#ERRO;;;;#ERRO;;;;;;;;
#ERRO;;;;#ERRO;;;;#ERRO;;;;#ERRO;;;;#ERRO;;;;#ERRO;;;;;;;;
#ERRO;;;;#ERRO;;;;#ERRO;;;;#ERRO;;;;#ERRO;;;;#ERRO;;;;;;;;
#ERRO;;;;#ERRO;;;;#ERRO;;;;#ERRO;;;;#ERRO;;;;#ERRO;;;;;;;;
#ERRO;;;;#ERRO;;;;#ERRO;;;;#ERRO;;;;#ERRO;;;;#ERRO;;;;;;;;
#ERRO;;;;#ERRO;;;;#ERRO;;;;#ERRO;;;;#ERRO;;;;#ERRO;;;;;;;;
#ERRO;;;;#ERRO;;;;#ERRO;;;;#ERRO;;;;#ERRO;;;;#ERRO;;;;;;;;
#ERRO;;;;#ERRO;;;;#ERRO;;;;#ERRO;;;;#ERRO;;;;#ERRO;;;;;;;;
#ERRO;;;;#ERRO;;;;#ERRO;;;;#ERRO;;;;#ERRO;;;;#ERRO;;;;;;;;
#ERRO;;;;#ERRO;;;;#ERRO;;;;#ERRO;;;;#ERRO;;;;#ERRO;;;;;;;;
#ERRO;;;;#ERRO;;;;#ERRO;;;;#ERRO;;;;#ERRO;;;;#ERRO;;;;;;;;
#ERRO;;;;#ERRO;;;;#ERRO;;;;#ERRO;;;;#ERRO;;;;#ERRO;;;;;;;;
#ERRO;;;;#ERRO;;;;#ERRO;;;;#ERRO;;;;#ERRO;;;;#ERRO;;;;;;;;
#ERRO;;;;#ERRO;;;;#ERRO;;;;#ERRO;;;;#ERRO;;;;#ERRO;;;;;;;;
#ERRO;;;;#ERRO;;;;#ERRO;;;;#ERRO;;;;#ERRO;;;;#ERRO;;;;;;;;
#ERRO;;;;#ERRO;;;;#ERRO;;;;#ERRO;;;;#ERRO;;;;#ERRO;;;;;;;;
#ERRO;;;;#ERRO;;;;#ERRO;;;;#ERRO;;;;#ERRO;;;;#ERRO;;;;;;;;
#ERRO;;;;#ERRO;;;;#ERRO;;;;#ERRO;;;;#ERRO;;;;#ERRO;;;;;;;;
#ERRO;;;;#ERRO;;;;#ERRO;;;;#ERRO;;;;#ERRO;;;;#ERRO;;;;;;;;
#ERRO;;;;#ERRO;;;;#ERRO;;;;#ERRO;;;;#ERRO;;;;#ERRO;;;;;;;;
#ERRO;;;;#ERRO;;;;#ERRO;;;;#ERRO;;;;#ERRO;;;;#ERRO;;;;;;;;
#ERRO;;;;#ERRO;;;;#ERRO;;;;#ERRO;;;;#ERRO;;;;#ERRO;;;;;;;;
#ERRO;;;;#ERRO;;;;#ERRO;;;;#ERRO;;;;#ERRO;;;;#ERRO;;;;;;;;
#ERRO;;;;#ERRO;;;;#ERRO;;;;#ERRO;;;;#ERRO;;;;#ERRO;;;;;;;;
#ERRO;;;;#ERRO;;;;#ERRO;;;;#ERRO;;;;#ERRO;;;;#ERRO;;;;;;;;
#ERRO;;;;#ERRO;;;;#ERRO;;;;#ERRO;;;;#ERRO;;;;#ERRO;;;;;;;;
#ERRO;;;;#ERRO;;;;#ERRO;;;;#ERRO;;;;#ERRO;;;;#ERRO;;;;;;;;
#ERRO;;;;#ERRO;;;;#ERRO;;;;#ERRO;;;;#ERRO;;;;#ERRO;;;;;;;;
#ERRO;;;;#ERRO;;;;#ERRO;;;;#ERRO;;;;#ERRO;;;;#ERRO;;;;;;;;
#ERRO;;;;#ERRO;;;;#ERRO;;;;#ERRO;;;;#ERRO;;;;#ERRO;;;;;;;;
#ERRO;;;;#ERRO;;;;#ERRO;;;;#ERRO;;;;#ERRO;;;;#ERRO;;;;;;;;
#ERRO;;;;#ERRO;;;;#ERRO;;;;#ERRO;;;;#ERRO;;;;#ERRO;;;;;;;;
#ERRO;;;;#ERRO;;;;#ERRO;;;;#ERRO;;;;#ERRO;;;;#ERRO;;;;;;;;
#ERRO;;;;#ERRO;;;;#ERRO;;;;#ERRO;;;;#ERRO;;;;#ERRO;;;;;;;;
#ERRO;;;;#ERRO;;;;#ERRO;;;;#ERRO;;;;#ERRO;;;;#ERRO;;;;;;;;
#ERRO;;;;#ERRO;;;;#ERRO;;;;#ERRO;;;;#ERRO;;;;#ERRO;;;;;;;;
#ERRO;;;;#ERRO;;;;#ERRO;;;;#ERRO;;;;#ERRO;;;;#ERRO;;;;;;;;
#ERRO;;;;#ERRO;;;;#ERRO;;;;#ERRO;;;;#ERRO;;;;#ERRO;;;;;;;;
#ERRO;;;;#ERRO;;;;#ERRO;;;;#ERRO;;;;#ERRO;;;;#ERRO;;;;;;;;
#ERRO;;;;#ERRO;;;;#ERRO;;;;#ERRO;;;;#ERRO;;;;#ERRO;;;;;;;;
#ERRO;;;;#ERRO;;;;#ERRO;;;;#ERRO;;;;#ERRO;;;;#ERRO;;;;;;;;
#ERRO;;;;#ERRO;;;;#ERRO;;;;#ERRO;;;;#ERRO;;;;#ERRO;;;;;;;;
#ERRO;;;;#ERRO;;;;#ERRO;;;;#ERRO;;;;#ERRO;;;;#ERRO;;;;;;;;
#ERRO;;;;#ERRO;;;;#ERRO;;;;#ERRO;;;;#ERRO;;;;#ERRO;;;;;;;;
#ERRO;;;;#ERRO;;;;#ERRO;;;;#ERRO;;;;#ERRO;;;;#ERRO;;;;;;;;
#ERRO;;;;#ERRO;;;;#ERRO;;;;#ERRO;;;;#ERRO;;;;#ERRO;;;;;;;;
#ERRO;;;;#ERRO;;;;#ERRO;;;;#ERRO;;;;#ERRO;;;;#ERRO;;;;;;;;
#ERRO;;;;#ERRO;;;;#ERRO;;;;#ERRO;;;;#ERRO;;;;#ERRO;;;;;;;;
#ERRO;;;;#ERRO;;;;#ERRO;;;;#ERRO;;;;#ERRO;;;;#ERRO;;;;;;;;
#ERRO;;;;#ERRO;;;;#ERRO;;;;#ERRO;;;;#ERRO;;;;#ERRO;;;;;;;;
#ERRO;;;;#ERRO;;;;#ERRO;;;;#ERRO;;;;#ERRO;;;;#ERRO;;;;;;;;
#ERRO;;;;#ERRO;;;;#ERRO;;;;#ERRO;;;;#ERRO;;;;#ERRO;;;;;;;;
#ERRO;;;;#ERRO;;;;#ERRO;;;;#ERRO;;;;#ERRO;;;;#ERRO;;;;;;;;
#ERRO;;;;#ERRO;;;;#ERRO;;;;#ERRO;;;;#ERRO;;;;#ERRO;;;;;;;;
#ERRO;;;;#ERRO;;;;#ERRO;;;;#ERRO;;;;#ERRO;;;;#ERRO;;;;;;;;
#ERRO;;;;#ERRO;;;;#ERRO;;;;#ERRO;;;;#ERRO;;;;#ERRO;;;;;;;;
#ERRO;;;;#ERRO;;;;#ERRO;;;;#ERRO;;;;#ERRO;;;;#ERRO;;;;;;;;
#ERRO;;;;#ERRO;;;;#ERRO;;;;#ERRO;;;;#ERRO;;;;#ERRO;;;;;;;;
#ERRO;;;;#ERRO;;;;#ERRO;;;;#ERRO;;;;#ERRO;;;;#ERRO;;;;;;;;
#ERRO;;;;#ERRO;;;;#ERRO;;;;#ERRO;;;;#ERRO;;;;#ERRO;;;;;;;;
#ERRO;;;;#ERRO;;;;#ERRO;;;;#ERRO;;;;#ERRO;;;;#ERRO;;;;;;;;
#ERRO;;;;#ERRO;;;;#ERRO;;;;#ERRO;;;;#ERRO;;;;#ERRO;;;;;;;;
#ERRO;;;;#ERRO;;;;#ERRO;;;;#ERRO;;;;#ERRO;;;;#ERRO;;;;;;;;
#ERRO;;;;#ERRO;;;;#ERRO;;;;#ERRO;;;;#ERRO;;;;#ERRO;;;;;;;;
#ERRO;;;;#ERRO;;;;#ERRO;;;;#ERRO;;;;#ERRO;;;;#ERRO;;;;;;;;
#ERRO;;;;#ERRO;;;;#ERRO;;;;#ERRO;;;;#ERRO;;;;#ERRO;;;;;;;;
#ERRO;;;;#ERRO;;;;#ERRO;;;;#ERRO;;;;#ERRO;;;;#ERRO;;;;;;;;
#ERRO;;;;#ERRO;;;;#ERRO;;;;#ERRO;;;;#ERRO;;;;#ERRO;;;;;;;;
#ERRO;;;;#ERRO;;;;#ERRO;;;;#ERRO;;;;#ERRO;;;;#ERRO;;;;;;;;
#ERRO;;;;#ERRO;;;;#ERRO;;;;#ERRO;;;;#ERRO;;;;#ERRO;;;;;;;;
#ERRO;;;;#ERRO;;;;#ERRO;;;;#ERRO;;;;#ERRO;;;;#ERRO;;;;;;;;
#ERRO;;;;#ERRO;;;;#ERRO;;;;#ERRO;;;;#ERRO;;;;#ERRO;;;;;;;;
#ERRO;;;;#ERRO;;;;#ERRO;;;;#ERRO;;;;#ERRO;;;;#ERRO;;;;;;;;
#ERRO;;;;#ERRO;;;;#ERRO;;;;#ERRO;;;;#ERRO;;;;#ERRO;;;;;;;;
#ERRO;;;;#ERRO;;;;#ERRO;;;;#ERRO;;;;#ERRO;;;;#ERRO;;;;;;;;
#ERRO;;;;#ERRO;;;;#ERRO;;;;#ERRO;;;;#ERRO;;;;#ERRO;;;;;;;;
#ERRO;;;;#ERRO;;;;#ERRO;;;;#ERRO;;;;#ERRO;;;;#ERRO;;;;;;;;
#ERRO;;;;#ERRO;;;;#ERRO;;;;#ERRO;;;;#ERRO;;;;#ERRO;;;;;;;;
#ERRO;;;;#ERRO;;;;#ERRO;;;;#ERRO;;;;#ERRO;;;;#ERRO;;;;;;;;
#ERRO;;;;#ERRO;;;;#ERRO;;;;#ERRO;;;;#ERRO;;;;#ERRO;;;;;;;;
#ERRO;;;;#ERRO;;;;#ERRO;;;;#ERRO;;;;#ERRO;;;;#ERRO;;;;;;;;
#ERRO;;;;#ERRO;;;;#ERRO;;;;#ERRO;;;;#ERRO;;;;#ERRO;;;;;;;;
#ERRO;;;;#ERRO;;;;#ERRO;;;;#ERRO;;;;#ERRO;;;;#ERRO;;;;;;;;
#ERRO;;;;#ERRO;;;;#ERRO;;;;#ERRO;;;;#ERRO;;;;#ERRO;;;;;;;;
#ERRO;;;;#ERRO;;;;#ERRO;;;;#ERRO;;;;#ERRO;;;;#ERRO;;;;;;;;
#ERRO;;;;#ERRO;;;;#ERRO;;;;#ERRO;;;;#ERRO;;;;#ERRO;;;;;;;;
#ERRO;;;;#ERRO;;;;#ERRO;;;;#ERRO;;;;#ERRO;;;;#ERRO;;;;;;;;
#ERRO;;;;#ERRO;;;;#ERRO;;;;#ERRO;;;;#ERRO;;;;#ERRO;;;;;;;;
#ERRO;;;;#ERRO;;;;#ERRO;;;;#ERRO;;;;#ERRO;;;;#ERRO;;;;;;;;
#ERRO;;;;#ERRO;;;;#ERRO;;;;#ERRO;;;;#ERRO;;;;#ERRO;;;;;;;;
#ERRO;;;;#ERRO;;;;#ERRO;;;;#ERRO;;;;#ERRO;;;;#ERRO;;;;;;;;
#ERRO;;;;#ERRO;;;;#ERRO;;;;#ERRO;;;;#ERRO;;;;#ERRO;;;;;;;;
#ERRO;;;;#ERRO;;;;#ERRO;;;;#ERRO;;;;#ERRO;;;;#ERRO;;;;;;;;
#ERRO;;;;#ERRO;;;;#ERRO;;;;#ERRO;;;;#ERRO;;;;#ERRO;;;;;;;;
#ERRO;;;;#ERRO;;;;#ERRO;;;;#ERRO;;;;#ERRO;;;;#ERRO;;;;;;;;
#ERRO;;;;#ERRO;;;;#ERRO;;;;#ERRO;;;;#ERRO;;;;#ERRO;;;;;;;;
#ERRO;;;;#ERRO;;;;#ERRO;;;;#ERRO;;;;#ERRO;;;;#ERRO;;;;;;;;
#ERRO;;;;#ERRO;;;;#ERRO;;;;#ERRO;;;;#ERRO;;;;#ERRO;;;;;;;;
#ERRO;;;;#ERRO;;;;#ERRO;;;;#ERRO;;;;#ERRO;;;;#ERRO;;;;;;;;
#ERRO;;;;#ERRO;;;;#ERRO;;;;#ERRO;;;;#ERRO;;;;#ERRO;;;;;;;;
#ERRO;;;;#ERRO;;;;#ERRO;;;;#ERRO;;;;#ERRO;;;;#ERRO;;;;;;;;
#ERRO;;;;#ERRO;;;;#ERRO;;;;#ERRO;;;;#ERRO;;;;#ERRO;;;;;;;;
#ERRO;;;;#ERRO;;;;#ERRO;;;;#ERRO;;;;#ERRO;;;;#ERRO;;;;;;;;
#ERRO;;;;#ERRO;;;;#ERRO;;;;#ERRO;;;;#ERRO;;;;#ERRO;;;;;;;;
#ERRO;;;;#ERRO;;;;#ERRO;;;;#ERRO;;;;#ERRO;;;;#ERRO;;;;;;;;
#ERRO;;;;#ERRO;;;;#ERRO;;;;#ERRO;;;;#ERRO;;;;#ERRO;;;;;;;;
#ERRO;;;;#ERRO;;;;#ERRO;;;;#ERRO;;;;#ERRO;;;;#ERRO;;;;;;;;
#ERRO;;;;#ERRO;;;;#ERRO;;;;#ERRO;;;;#ERRO;;;;#ERRO;;;;;;;;
#ERRO;;;;#ERRO;;;;#ERRO;;;;#ERRO;;;;#ERRO;;;;#ERRO;;;;;;;;
#ERRO;;;;#ERRO;;;;#ERRO;;;;#ERRO;;;;#ERRO;;;;#ERRO;;;;;;;;
#ERRO;;;;#ERRO;;;;#ERRO;;;;#ERRO;;;;#ERRO;;;;#ERRO;;;;;;;;
#ERRO;;;;#ERRO;;;;#ERRO;;;;#ERRO;;;;#ERRO;;;;#ERRO;;;;;;;;
#ERRO;;;;#ERRO;;;;#ERRO;;;;#ERRO;;;;#ERRO;;;;#ERRO;;;;;;;;
#ERRO;;;;#ERRO;;;;#ERRO;;;;#ERRO;;;;#ERRO;;;;#ERRO;;;;;;;;
#ERRO;;;;#ERRO;;;;#ERRO;;;;#ERRO;;;;#ERRO;;;;#ERRO;;;;;;;;
#ERRO;;;;#ERRO;;;;#ERRO;;;;#ERRO;;;;#ERRO;;;;#ERRO;;;;;;;;
#ERRO;;;;#ERRO;;;;#ERRO;;;;#ERRO;;;;#ERRO;;;;#ERRO;;;;;;;;
#ERRO;;;;#ERRO;;;;#ERRO;;;;#ERRO;;;;#ERRO;;;;#ERRO;;;;;;;;
#ERRO;;;;#ERRO;;;;#ERRO;;;;#ERRO;;;;#ERRO;;;;#ERRO;;;;;;;;
#ERRO;;;;#ERRO;;;;#ERRO;;;;#ERRO;;;;#ERRO;;;;#ERRO;;;;;;;;
#ERRO;;;;#ERRO;;;;#ERRO;;;;#ERRO;;;;#ERRO;;;;#ERRO;;;;;;;;
#ERRO;;;;#ERRO;;;;#ERRO;;;;#ERRO;;;;#ERRO;;;;#ERRO;;;;;;;;
#ERRO;;;;#ERRO;;;;#ERRO;;;;#ERRO;;;;#ERRO;;;;#ERRO;;;;;;;;
#ERRO;;;;#ERRO;;;;#ERRO;;;;#ERRO;;;;#ERRO;;;;#ERRO;;;;;;;;
#ERRO;;;;#ERRO;;;;#ERRO;;;;#ERRO;;;;#ERRO;;;;#ERRO;;;;;;;;
#ERRO;;;;#ERRO;;;;#ERRO;;;;#ERRO;;;;#ERRO;;;;#ERRO;;;;;;;;
#ERRO;;;;#ERRO;;;;#ERRO;;;;#ERRO;;;;#ERRO;;;;#ERRO;;;;;;;;
#ERRO;;;;#ERRO;;;;#ERRO;;;;#ERRO;;;;#ERRO;;;;#ERRO;;;;;;;;
#ERRO;;;;#ERRO;;;;#ERRO;;;;#ERRO;;;;#ERRO;;;;#ERRO;;;;;;;;
#ERRO;;;;#ERRO;;;;#ERRO;;;;#ERRO;;;;#ERRO;;;;#ERRO;;;;;;;;
#ERRO;;;;#ERRO;;;;#ERRO;;;;#ERRO;;;;#ERRO;;;;#ERRO;;;;;;;;
#ERRO;;;;#ERRO;;;;#ERRO;;;;#ERRO;;;;#ERRO;;;;#ERRO;;;;;;;;
#ERRO;;;;#ERRO;;;;#ERRO;;;;#ERRO;;;;#ERRO;;;;#ERRO;;;;;;;;
#ERRO;;;;#ERRO;;;;#ERRO;;;;#ERRO;;;;#ERRO;;;;#ERRO;;;;;;;;
#ERRO;;;;#ERRO;;;;#ERRO;;;;#ERRO;;;;#ERRO;;;;#ERRO;;;;;;;;
#ERRO;;;;#ERRO;;;;#ERRO;;;;#ERRO;;;;#ERRO;;;;#ERRO;;;;;;;;
#ERRO;;;;#ERRO;;;;#ERRO;;;;#ERRO;;;;#ERRO;;;;#ERRO;;;;;;;;
#ERRO;;;;#ERRO;;;;#ERRO;;;;#ERRO;;;;#ERRO;;;;#ERRO;;;;;;;;
#ERRO;;;;#ERRO;;;;#ERRO;;;;#ERRO;;;;#ERRO;;;;#ERRO;;;;;;;;
#ERRO;;;;#ERRO;;;;#ERRO;;;;#ERRO;;;;#ERRO;;;;#ERRO;;;;;;;;
#ERRO;;;;#ERRO;;;;#ERRO;;;;#ERRO;;;;#ERRO;;;;#ERRO;;;;;;;;
#ERRO;;;;#ERRO;;;;#ERRO;;;;#ERRO;;;;#ERRO;;;;#ERRO;;;;;;;;
#ERRO;;;;#ERRO;;;;#ERRO;;;;#ERRO;;;;#ERRO;;;;#ERRO;;;;;;;;
#ERRO;;;;#ERRO;;;;#ERRO;;;;#ERRO;;;;#ERRO;;;;#ERRO;;;;;;;;
#ERRO;;;;#ERRO;;;;#ERRO;;;;#ERRO;;;;#ERRO;;;;#ERRO;;;;;;;;
#ERRO;;;;#ERRO;;;;#ERRO;;;;#ERRO;;;;#ERRO;;;;#ERRO;;;;;;;;
#ERRO;;;;#ERRO;;;;#ERRO;;;;#ERRO;;;;#ERRO;;;;#ERRO;;;;;;;;
#ERRO;;;;#ERRO;;;;#ERRO;;;;#ERRO;;;;#ERRO;;;;#ERRO;;;;;;;;
#ERRO;;;;#ERRO;;;;#ERRO;;;;#ERRO;;;;#ERRO;;;;#ERRO;;;;;;;;
#ERRO;;;;#ERRO;;;;#ERRO;;;;#ERRO;;;;#ERRO;;;;#ERRO;;;;;;;;
#ERRO;;;;#ERRO;;;;#ERRO;;;;#ERRO;;;;#ERRO;;;;#ERRO;;;;;;;;
#ERRO;;;;#ERRO;;;;#ERRO;;;;#ERRO;;;;#ERRO;;;;#ERRO;;;;;;;;
#ERRO;;;;#ERRO;;;;#ERRO;;;;#ERRO;;;;#ERRO;;;;#ERRO;;;;;;;;
#ERRO;;;;#ERRO;;;;#ERRO;;;;#ERRO;;;;#ERRO;;;;#ERRO;;;;;;;;
#ERRO;;;;#ERRO;;;;#ERRO;;;;#ERRO;;;;#ERRO;;;;#ERRO;;;;;;;;
#ERRO;;;;#ERRO;;;;#ERRO;;;;#ERRO;;;;#ERRO;;;;#ERRO;;;;;;;;
#ERRO;;;;#ERRO;;;;#ERRO;;;;#ERRO;;;;#ERRO;;;;#ERRO;;;;;;;;
#ERRO;;;;#ERRO;;;;#ERRO;;;;#ERRO;;;;#ERRO;;;;#ERRO;;;;;;;;
#ERRO;;;;#ERRO;;;;#ERRO;;;;#ERRO;;;;#ERRO;;;;#ERRO;;;;;;;;
#ERRO;;;;#ERRO;;;;#ERRO;;;;#ERRO;;;;#ERRO;;;;#ERRO;;;;;;;;
#ERRO;;;;#ERRO;;;;#ERRO;;;;#ERRO;;;;#ERRO;;;;#ERRO;;;;;;;;
#ERRO;;;;#ERRO;;;;#ERRO;;;;#ERRO;;;;#ERRO;;;;#ERRO;;;;;;;;
#ERRO;;;;#ERRO;;;;#ERRO;;;;#ERRO;;;;#ERRO;;;;#ERRO;;;;;;;;
#ERRO;;;;#ERRO;;;;#ERRO;;;;#ERRO;;;;#ERRO;;;;#ERRO;;;;;;;;
#ERRO;;;;#ERRO;;;;#ERRO;;;;#ERRO;;;;#ERRO;;;;#ERRO;;;;;;;;
#ERRO;;;;#ERRO;;;;#ERRO;;;;#ERRO;;;;#ERRO;;;;#ERRO;;;;;;;;
#ERRO;;;;#ERRO;;;;#ERRO;;;;#ERRO;;;;#ERRO;;;;#ERRO;;;;;;;;
#ERRO;;;;#ERRO;;;;#ERRO;;;;#ERRO;;;;#ERRO;;;;#ERRO;;;;;;;;
#ERRO;;;;#ERRO;;;;#ERRO;;;;#ERRO;;;;#ERRO;;;;#ERRO;;;;;;;;
#ERRO;;;;#ERRO;;;;#ERRO;;;;#ERRO;;;;#ERRO;;;;#ERRO;;;;;;;;
#ERRO;;;;#ERRO;;;;#ERRO;;;;#ERRO;;;;#ERRO;;;;#ERRO;;;;;;;;
#ERRO;;;;#ERRO;;;;#ERRO;;;;#ERRO;;;;#ERRO;;;;#ERRO;;;;;;;;
#ERRO;;;;#ERRO;;;;#ERRO;;;;#ERRO;;;;#ERRO;;;;#ERRO;;;;;;;;
#ERRO;;;;#ERRO;;;;#ERRO;;;;#ERRO;;;;#ERRO;;;;#ERRO;;;;;;;;
#ERRO;;;;#ERRO;;;;#ERRO;;;;#ERRO;;;;#ERRO;;;;#ERRO;;;;;;;;
#ERRO;;;;#ERRO;;;;#ERRO;;;;#ERRO;;;;#ERRO;;;;#ERRO;;;;;;;;
#ERRO;;;;#ERRO;;;;#ERRO;;;;#ERRO;;;;#ERRO;;;;#ERRO;;;;;;;;
#ERRO;;;;#ERRO;;;;#ERRO;;;;#ERRO;;;;#ERRO;;;;#ERRO;;;;;;;;
#ERRO;;;;#ERRO;;;;#ERRO;;;;#ERRO;;;;#ERRO;;;;#ERRO;;;;;;;;
#ERRO;;;;#ERRO;;;;#ERRO;;;;#ERRO;;;;#ERRO;;;;#ERRO;;;;;;;;
#ERRO;;;;#ERRO;;;;#ERRO;;;;#ERRO;;;;#ERRO;;;;#ERRO;;;;;;;;
#ERRO;;;;#ERRO;;;;#ERRO;;;;#ERRO;;;;#ERRO;;;;#ERRO;;;;;;;;
#ERRO;;;;#ERRO;;;;#ERRO;;;;#ERRO;;;;#ERRO;;;;#ERRO;;;;;;;;
#ERRO;;;;#ERRO;;;;#ERRO;;;;#ERRO;;;;#ERRO;;;;#ERRO;;;;;;;;
#ERRO;;;;#ERRO;;;;#ERRO;;;;#ERRO;;;;#ERRO;;;;#ERRO;;;;;;;;
#ERRO;;;;#ERRO;;;;#ERRO;;;;#ERRO;;;;#ERRO;;;;#ERRO;;;;;;;;
#ERRO;;;;#ERRO;;;;#ERRO;;;;#ERRO;;;;#ERRO;;;;#ERRO;;;;;;;;
#ERRO;;;;#ERRO;;;;#ERRO;;;;#ERRO;;;;#ERRO;;;;#ERRO;;;;;;;;
#ERRO;;;;#ERRO;;;;#ERRO;;;;#ERRO;;;;#ERRO;;;;#ERRO;;;;;;;;
#ERRO;;;;#ERRO;;;;#ERRO;;;;#ERRO;;;;#ERRO;;;;#ERRO;;;;;;;;
#ERRO;;;;#ERRO;;;;#ERRO;;;;#ERRO;;;;#ERRO;;;;#ERRO;;;;;;;;
#ERRO;;;;#ERRO;;;;#ERRO;;;;#ERRO;;;;#ERRO;;;;#ERRO;;;;;;;;
#ERRO;;;;#ERRO;;;;#ERRO;;;;#ERRO;;;;#ERRO;;;;#ERRO;;;;;;;;
#ERRO;;;;#ERRO;;;;#ERRO;;;;#ERRO;;;;#ERRO;;;;#ERRO;;;;;;;;
#ERRO;;;;#ERRO;;;;#ERRO;;;;#ERRO;;;;#ERRO;;;;#ERRO;;;;;;;;
#ERRO;;;;#ERRO;;;;#ERRO;;;;#ERRO;;;;#ERRO;;;;#ERRO;;;;;;;;
#ERRO;;;;#ERRO;;;;#ERRO;;;;#ERRO;;;;#ERRO;;;;#ERRO;;;;;;;;
#ERRO;;;;#ERRO;;;;#ERRO;;;;#ERRO;;;;#ERRO;;;;#ERRO;;;;;;;;
#ERRO;;;;#ERRO;;;;#ERRO;;;;#ERRO;;;;#ERRO;;;;#ERRO;;;;;;;;
#ERRO;;;;#ERRO;;;;#ERRO;;;;#ERRO;;;;#ERRO;;;;#ERRO;;;;;;;;
#ERRO;;;;#ERRO;;;;#ERRO;;;;#ERRO;;;;#ERRO;;;;#ERRO;;;;;;;;
#ERRO;;;;#ERRO;;;;#ERRO;;;;#ERRO;;;;#ERRO;;;;#ERRO;;;;;;;;
#ERRO;;;;#ERRO;;;;#ERRO;;;;#ERRO;;;;#ERRO;;;;#ERRO;;;;;;;;
#ERRO;;;;#ERRO;;;;#ERRO;;;;#ERRO;;;;#ERRO;;;;#ERRO;;;;;;;;
#ERRO;;;;#ERRO;;;;#ERRO;;;;#ERRO;;;;#ERRO;;;;#ERRO;;;;;;;;
#ERRO;;;;#ERRO;;;;#ERRO;;;;#ERRO;;;;#ERRO;;;;#ERRO;;;;;;;;
#ERRO;;;;#ERRO;;;;#ERRO;;;;#ERRO;;;;#ERRO;;;;#ERRO;;;;;;;;
#ERRO;;;;#ERRO;;;;#ERRO;;;;#ERRO;;;;#ERRO;;;;#ERRO;;;;;;;;
#ERRO;;;;#ERRO;;;;#ERRO;;;;#ERRO;;;;#ERRO;;;;#ERRO;;;;;;;;
#ERRO;;;;#ERRO;;;;#ERRO;;;;#ERRO;;;;#ERRO;;;;#ERRO;;;;;;;;
#ERRO;;;;#ERRO;;;;#ERRO;;;;#ERRO;;;;#ERRO;;;;#ERRO;;;;;;;;
#ERRO;;;;#ERRO;;;;#ERRO;;;;#ERRO;;;;#ERRO;;;;#ERRO;;;;;;;;
#ERRO;;;;#ERRO;;;;#ERRO;;;;#ERRO;;;;#ERRO;;;;#ERRO;;;;;;;;
#ERRO;;;;#ERRO;;;;#ERRO;;;;#ERRO;;;;#ERRO;;;;#ERRO;;;;;;;;
#ERRO;;;;#ERRO;;;;#ERRO;;;;#ERRO;;;;#ERRO;;;;#ERRO;;;;;;;;
#ERRO;;;;#ERRO;;;;#ERRO;;;;#ERRO;;;;#ERRO;;;;#ERRO;;;;;;;;
#ERRO;;;;#ERRO;;;;#ERRO;;;;#ERRO;;;;#ERRO;;;;#ERRO;;;;;;;;
#ERRO;;;;#ERRO;;;;#ERRO;;;;#ERRO;;;;#ERRO;;;;#ERRO;;;;;;;;
#ERRO;;;;#ERRO;;;;#ERRO;;;;#ERRO;;;;#ERRO;;;;#ERRO;;;;;;;;
#ERRO;;;;#ERRO;;;;#ERRO;;;;#ERRO;;;;#ERRO;;;;#ERRO;;;;;;;;
#ERRO;;;;#ERRO;;;;#ERRO;;;;#ERRO;;;;#ERRO;;;;#ERRO;;;;;;;;
#ERRO;;;;#ERRO;;;;#ERRO;;;;#ERRO;;;;#ERRO;;;;#ERRO;;;;;;;;
#ERRO;;;;#ERRO;;;;#ERRO;;;;#ERRO;;;;#ERRO;;;;#ERRO;;;;;;;;
#ERRO;;;;#ERRO;;;;#ERRO;;;;#ERRO;;;;#ERRO;;;;#ERRO;;;;;;;;
#ERRO;;;;#ERRO;;;;#ERRO;;;;#ERRO;;;;#ERRO;;;;#ERRO;;;;;;;;
#ERRO;;;;#ERRO;;;;#ERRO;;;;#ERRO;;;;#ERRO;;;;#ERRO;;;;;;;;
#ERRO;;;;#ERRO;;;;#ERRO;;;;#ERRO;;;;#ERRO;;;;#ERRO;;;;;;;;
#ERRO;;;;#ERRO;;;;#ERRO;;;;#ERRO;;;;#ERRO;;;;#ERRO;;;;;;;;
#ERRO;;;;#ERRO;;;;#ERRO;;;;#ERRO;;;;#ERRO;;;;#ERRO;;;;;;;;
#ERRO;;;;#ERRO;;;;#ERRO;;;;#ERRO;;;;#ERRO;;;;#ERRO;;;;;;;;
#ERRO;;;;#ERRO;;;;#ERRO;;;;#ERRO;;;;#ERRO;;;;#ERRO;;;;;;;;
#ERRO;;;;#ERRO;;;;#ERRO;;;;#ERRO;;;;#ERRO;;;;#ERRO;;;;;;;;
#ERRO;;;;#ERRO;;;;#ERRO;;;;#ERRO;;;;#ERRO;;;;#ERRO;;;;;;;;
#ERRO;;;;#ERRO;;;;#ERRO;;;;#ERRO;;;;#ERRO;;;;#ERRO;;;;;;;;
#ERRO;;;;#ERRO;;;;#ERRO;;;;#ERRO;;;;#ERRO;;;;#ERRO;;;;;;;;
#ERRO;;;;#ERRO;;;;#ERRO;;;;#ERRO;;;;#ERRO;;;;#ERRO;;;;;;;;
#ERRO;;;;#ERRO;;;;#ERRO;;;;#ERRO;;;;#ERRO;;;;#ERRO;;;;;;;;
#ERRO;;;;#ERRO;;;;#ERRO;;;;#ERRO;;;;#ERRO;;;;#ERRO;;;;;;;;
#ERRO;;;;#ERRO;;;;#ERRO;;;;#ERRO;;;;#ERRO;;;;#ERRO;;;;;;;;
#ERRO;;;;#ERRO;;;;#ERRO;;;;#ERRO;;;;#ERRO;;;;#ERRO;;;;;;;;
#ERRO;;;;#ERRO;;;;#ERRO;;;;#ERRO;;;;#ERRO;;;;#ERRO;;;;;;;;
#ERRO;;;;#ERRO;;;;#ERRO;;;;#ERRO;;;;#ERRO;;;;#ERRO;;;;;;;;
#ERRO;;;;#ERRO;;;;#ERRO;;;;#ERRO;;;;#ERRO;;;;#ERRO;;;;;;;;
#ERRO;;;;#ERRO;;;;#ERRO;;;;#ERRO;;;;#ERRO;;;;#ERRO;;;;;;;;
#ERRO;;;;#ERRO;;;;#ERRO;;;;#ERRO;;;;#ERRO;;;;#ERRO;;;;;;;;
#ERRO;;;;#ERRO;;;;#ERRO;;;;#ERRO;;;;#ERRO;;;;#ERRO;;;;;;;;
#ERRO;;;;#ERRO;;;;#ERRO;;;;#ERRO;;;;#ERRO;;;;#ERRO;;;;;;;;
#ERRO;;;;#ERRO;;;;#ERRO;;;;#ERRO;;;;#ERRO;;;;#ERRO;;;;;;;;
#ERRO;;;;#ERRO;;;;#ERRO;;;;#ERRO;;;;#ERRO;;;;#ERRO;;;;;;;;
#ERRO;;;;#ERRO;;;;#ERRO;;;;#ERRO;;;;#ERRO;;;;#ERRO;;;;;;;;
#ERRO;;;;#ERRO;;;;#ERRO;;;;#ERRO;;;;#ERRO;;;;#ERRO;;;;;;;;
#ERRO;;;;#ERRO;;;;#ERRO;;;;#ERRO;;;;#ERRO;;;;#ERRO;;;;;;;;
#ERRO;;;;#ERRO;;;;#ERRO;;;;#ERRO;;;;#ERRO;;;;#ERRO;;;;;;;;
#ERRO;;;;#ERRO;;;;#ERRO;;;;#ERRO;;;;#ERRO;;;;#ERRO;;;;;;;;
#ERRO;;;;#ERRO;;;;#ERRO;;;;#ERRO;;;;#ERRO;;;;#ERRO;;;;;;;;
#ERRO;;;;#ERRO;;;;#ERRO;;;;#ERRO;;;;#ERRO;;;;#ERRO;;;;;;;;
#ERRO;;;;#ERRO;;;;#ERRO;;;;#ERRO;;;;#ERRO;;;;#ERRO;;;;;;;;
#ERRO;;;;#ERRO;;;;#ERRO;;;;#ERRO;;;;#ERRO;;;;#ERRO;;;;;;;;
#ERRO;;;;#ERRO;;;;#ERRO;;;;#ERRO;;;;#ERRO;;;;#ERRO;;;;;;;;
#ERRO;;;;#ERRO;;;;#ERRO;;;;#ERRO;;;;#ERRO;;;;#ERRO;;;;;;;;
#ERRO;;;;#ERRO;;;;#ERRO;;;;#ERRO;;;;#ERRO;;;;#ERRO;;;;;;;;
#ERRO;;;;#ERRO;;;;#ERRO;;;;#ERRO;;;;#ERRO;;;;#ERRO;;;;;;;;
#ERRO;;;;#ERRO;;;;#ERRO;;;;#ERRO;;;;#ERRO;;;;#ERRO;;;;;;;;
#ERRO;;;;#ERRO;;;;#ERRO;;;;#ERRO;;;;#ERRO;;;;#ERRO;;;;;;;;
#ERRO;;;;#ERRO;;;;#ERRO;;;;#ERRO;;;;#ERRO;;;;#ERRO;;;;;;;;
#ERRO;;;;#ERRO;;;;#ERRO;;;;#ERRO;;;;#ERRO;;;;#ERRO;;;;;;;;
#ERRO;;;;#ERRO;;;;#ERRO;;;;#ERRO;;;;#ERRO;;;;#ERRO;;;;;;;;
#ERRO;;;;#ERRO;;;;#ERRO;;;;#ERRO;;;;#ERRO;;;;#ERRO;;;;;;;;
#ERRO;;;;#ERRO;;;;#ERRO;;;;#ERRO;;;;#ERRO;;;;#ERRO;;;;;;;;
#ERRO;;;;#ERRO;;;;#ERRO;;;;#ERRO;;;;#ERRO;;;;#ERRO;;;;;;;;
#ERRO;;;;#ERRO;;;;#ERRO;;;;#ERRO;;;;#ERRO;;;;#ERRO;;;;;;;;
#ERRO;;;;#ERRO;;;;#ERRO;;;;#ERRO;;;;#ERRO;;;;#ERRO;;;;;;;;
#ERRO;;;;#ERRO;;;;#ERRO;;;;#ERRO;;;;#ERRO;;;;#ERRO;;;;;;;;
#ERRO;;;;#ERRO;;;;#ERRO;;;;#ERRO;;;;#ERRO;;;;#ERRO;;;;;;;;
#ERRO;;;;#ERRO;;;;#ERRO;;;;#ERRO;;;;#ERRO;;;;#ERRO;;;;;;;;
#ERRO;;;;#ERRO;;;;#ERRO;;;;#ERRO;;;;#ERRO;;;;#ERRO;;;;;;;;
#ERRO;;;;#ERRO;;;;#ERRO;;;;#ERRO;;;;#ERRO;;;;#ERRO;;;;;;;;
#ERRO;;;;#ERRO;;;;#ERRO;;;;#ERRO;;;;#ERRO;;;;#ERRO;;;;;;;;
#ERRO;;;;#ERRO;;;;#ERRO;;;;#ERRO;;;;#ERRO;;;;#ERRO;;;;;;;;
#ERRO;;;;#ERRO;;;;#ERRO;;;;#ERRO;;;;#ERRO;;;;#ERRO;;;;;;;;
#ERRO;;;;#ERRO;;;;#ERRO;;;;#ERRO;;;;#ERRO;;;;#ERRO;;;;;;;;
#ERRO;;;;#ERRO;;;;#ERRO;;;;#ERRO;;;;#ERRO;;;;#ERRO;;;;;;;;
#ERRO;;;;#ERRO;;;;#ERRO;;;;#ERRO;;;;#ERRO;;;;#ERRO;;;;;;;;
#ERRO;;;;#ERRO;;;;#ERRO;;;;#ERRO;;;;#ERRO;;;;#ERRO;;;;;;;;
#ERRO;;;;#ERRO;;;;#ERRO;;;;#ERRO;;;;#ERRO;;;;#ERRO;;;;;;;;
#ERRO;;;;#ERRO;;;;#ERRO;;;;#ERRO;;;;#ERRO;;;;#ERRO;;;;;;;;
#ERRO;;;;#ERRO;;;;#ERRO;;;;#ERRO;;;;#ERRO;;;;#ERRO;;;;;;;;
#ERRO;;;;#ERRO;;;;#ERRO;;;;#ERRO;;;;#ERRO;;;;#ERRO;;;;;;;;
#ERRO;;;;#ERRO;;;;#ERRO;;;;#ERRO;;;;#ERRO;;;;#ERRO;;;;;;;;
#ERRO;;;;#ERRO;;;;#ERRO;;;;#ERRO;;;;#ERRO;;;;#ERRO;;;;;;;;
#ERRO;;;;#ERRO;;;;#ERRO;;;;#ERRO;;;;#ERRO;;;;#ERRO;;;;;;;;
#ERRO;;;;#ERRO;;;;#ERRO;;;;#ERRO;;;;#ERRO;;;;#ERRO;;;;;;;;
#ERRO;;;;#ERRO;;;;#ERRO;;;;#ERRO;;;;#ERRO;;;;#ERRO;;;;;;;;
#ERRO;;;;#ERRO;;;;#ERRO;;;;#ERRO;;;;#ERRO;;;;#ERRO;;;;;;;;
#ERRO;;;;#ERRO;;;;#ERRO;;;;#ERRO;;;;#ERRO;;;;#ERRO;;;;;;;;
#ERRO;;;;#ERRO;;;;#ERRO;;;;#ERRO;;;;#ERRO;;;;#ERRO;;;;;;;;
#ERRO;;;;#ERRO;;;;#ERRO;;;;#ERRO;;;;#ERRO;;;;#ERRO;;;;;;;;
#ERRO;;;;#ERRO;;;;#ERRO;;;;#ERRO;;;;#ERRO;;;;#ERRO;;;;;;;;
#ERRO;;;;#ERRO;;;;#ERRO;;;;#ERRO;;;;#ERRO;;;;#ERRO;;;;;;;;
#ERRO;;;;#ERRO;;;;#ERRO;;;;#ERRO;;;;#ERRO;;;;#ERRO;;;;;;;;
#ERRO;;;;#ERRO;;;;#ERRO;;;;#ERRO;;;;#ERRO;;;;#ERRO;;;;;;;;
#ERRO;;;;#ERRO;;;;#ERRO;;;;#ERRO;;;;#ERRO;;;;#ERRO;;;;;;;;
#ERRO;;;;#ERRO;;;;#ERRO;;;;#ERRO;;;;#ERRO;;;;#ERRO;;;;;;;;
#ERRO;;;;#ERRO;;;;#ERRO;;;;#ERRO;;;;#ERRO;;;;#ERRO;;;;;;;;
#ERRO;;;;#ERRO;;;;#ERRO;;;;#ERRO;;;;#ERRO;;;;#ERRO;;;;;;;;
#ERRO;;;;#ERRO;;;;#ERRO;;;;#ERRO;;;;#ERRO;;;;#ERRO;;;;;;;;
#ERRO;;;;#ERRO;;;;#ERRO;;;;#ERRO;;;;#ERRO;;;;#ERRO;;;;;;;;
#ERRO;;;;#ERRO;;;;#ERRO;;;;#ERRO;;;;#ERRO;;;;#ERRO;;;;;;;;
#ERRO;;;;#ERRO;;;;#ERRO;;;;#ERRO;;;;#ERRO;;;;#ERRO;;;;;;;;
#ERRO;;;;#ERRO;;;;#ERRO;;;;#ERRO;;;;#ERRO;;;;#ERRO;;;;;;;;
#ERRO;;;;#ERRO;;;;#ERRO;;;;#ERRO;;;;#ERRO;;;;#ERRO;;;;;;;;
#ERRO;;;;#ERRO;;;;#ERRO;;;;#ERRO;;;;#ERRO;;;;#ERRO;;;;;;;;
#ERRO;;;;#ERRO;;;;#ERRO;;;;#ERRO;;;;#ERRO;;;;#ERRO;;;;;;;;
#ERRO;;;;#ERRO;;;;#ERRO;;;;#ERRO;;;;#ERRO;;;;#ERRO;;;;;;;;
#ERRO;;;;#ERRO;;;;#ERRO;;;;#ERRO;;;;#ERRO;;;;#ERRO;;;;;;;;
#ERRO;;;;#ERRO;;;;#ERRO;;;;#ERRO;;;;#ERRO;;;;#ERRO;;;;;;;;
#ERRO;;;;#ERRO;;;;#ERRO;;;;#ERRO;;;;#ERRO;;;;#ERRO;;;;;;;;
#ERRO;;;;#ERRO;;;;#ERRO;;;;#ERRO;;;;#ERRO;;;;#ERRO;;;;;;;;
#ERRO;;;;#ERRO;;;;#ERRO;;;;#ERRO;;;;#ERRO;;;;#ERRO;;;;;;;;
#ERRO;;;;#ERRO;;;;#ERRO;;;;#ERRO;;;;#ERRO;;;;#ERRO;;;;;;;;
#ERRO;;;;#ERRO;;;;#ERRO;;;;#ERRO;;;;#ERRO;;;;#ERRO;;;;;;;;
#ERRO;;;;#ERRO;;;;#ERRO;;;;#ERRO;;;;#ERRO;;;;#ERRO;;;;;;;;
#ERRO;;;;#ERRO;;;;#ERRO;;;;#ERRO;;;;#ERRO;;;;#ERRO;;;;;;;;
#ERRO;;;;#ERRO;;;;#ERRO;;;;#ERRO;;;;#ERRO;;;;#ERRO;;;;;;;;
#ERRO;;;;#ERRO;;;;#ERRO;;;;#ERRO;;;;#ERRO;;;;#ERRO;;;;;;;;
#ERRO;;;;#ERRO;;;;#ERRO;;;;#ERRO;;;;#ERRO;;;;#ERRO;;;;;;;;
#ERRO;;;;#ERRO;;;;#ERRO;;;;#ERRO;;;;#ERRO;;;;#ERRO;;;;;;;;
#ERRO;;;;#ERRO;;;;#ERRO;;;;#ERRO;;;;#ERRO;;;;#ERRO;;;;;;;;
#ERRO;;;;#ERRO;;;;#ERRO;;;;#ERRO;;;;#ERRO;;;;#ERRO;;;;;;;;
#ERRO;;;;#ERRO;;;;#ERRO;;;;#ERRO;;;;#ERRO;;;;#ERRO;;;;;;;;
#ERRO;;;;#ERRO;;;;#ERRO;;;;#ERRO;;;;#ERRO;;;;#ERRO;;;;;;;;
#ERRO;;;;#ERRO;;;;#ERRO;;;;#ERRO;;;;#ERRO;;;;#ERRO;;;;;;;;
#ERRO;;;;#ERRO;;;;#ERRO;;;;#ERRO;;;;#ERRO;;;;#ERRO;;;;;;;;
#ERRO;;;;#ERRO;;;;#ERRO;;;;#ERRO;;;;#ERRO;;;;#ERRO;;;;;;;;
#ERRO;;;;#ERRO;;;;#ERRO;;;;#ERRO;;;;#ERRO;;;;#ERRO;;;;;;;;
#ERRO;;;;#ERRO;;;;#ERRO;;;;#ERRO;;;;#ERRO;;;;#ERRO;;;;;;;;
#ERRO;;;;#ERRO;;;;#ERRO;;;;#ERRO;;;;#ERRO;;;;#ERRO;;;;;;;;
#ERRO;;;;#ERRO;;;;#ERRO;;;;#ERRO;;;;#ERRO;;;;#ERRO;;;;;;;;
#ERRO;;;;#ERRO;;;;#ERRO;;;;#ERRO;;;;#ERRO;;;;#ERRO;;;;;;;;
#ERRO;;;;#ERRO;;;;#ERRO;;;;#ERRO;;;;#ERRO;;;;#ERRO;;;;;;;;
#ERRO;;;;#ERRO;;;;#ERRO;;;;#ERRO;;;;#ERRO;;;;#ERRO;;;;;;;;
#ERRO;;;;#ERRO;;;;#ERRO;;;;#ERRO;;;;#ERRO;;;;#ERRO;;;;;;;;
#ERRO;;;;#ERRO;;;;#ERRO;;;;#ERRO;;;;#ERRO;;;;#ERRO;;;;;;;;
#ERRO;;;;#ERRO;;;;#ERRO;;;;#ERRO;;;;#ERRO;;;;#ERRO;;;;;;;;
#ERRO;;;;#ERRO;;;;#ERRO;;;;#ERRO;;;;#ERRO;;;;#ERRO;;;;;;;;
#ERRO;;;;#ERRO;;;;#ERRO;;;;#ERRO;;;;#ERRO;;;;#ERRO;;;;;;;;
#ERRO;;;;#ERRO;;;;#ERRO;;;;#ERRO;;;;#ERRO;;;;#ERRO;;;;;;;;
#ERRO;;;;#ERRO;;;;#ERRO;;;;#ERRO;;;;#ERRO;;;;#ERRO;;;;;;;;
#ERRO;;;;#ERRO;;;;#ERRO;;;;#ERRO;;;;#ERRO;;;;#ERRO;;;;;;;;
#ERRO;;;;#ERRO;;;;#ERRO;;;;#ERRO;;;;#ERRO;;;;#ERRO;;;;;;;;
#ERRO;;;;#ERRO;;;;#ERRO;;;;#ERRO;;;;#ERRO;;;;#ERRO;;;;;;;;
#ERRO;;;;#ERRO;;;;#ERRO;;;;#ERRO;;;;#ERRO;;;;#ERRO;;;;;;;;
#ERRO;;;;#ERRO;;;;#ERRO;;;;#ERRO;;;;#ERRO;;;;#ERRO;;;;;;;;
#ERRO;;;;#ERRO;;;;#ERRO;;;;#ERRO;;;;#ERRO;;;;#ERRO;;;;;;;;
#ERRO;;;;#ERRO;;;;#ERRO;;;;#ERRO;;;;#ERRO;;;;#ERRO;;;;;;;;
#ERRO;;;;#ERRO;;;;#ERRO;;;;#ERRO;;;;#ERRO;;;;#ERRO;;;;;;;;
#ERRO;;;;#ERRO;;;;#ERRO;;;;#ERRO;;;;#ERRO;;;;#ERRO;;;;;;;;
#ERRO;;;;#ERRO;;;;#ERRO;;;;#ERRO;;;;#ERRO;;;;#ERRO;;;;;;;;
#ERRO;;;;#ERRO;;;;#ERRO;;;;#ERRO;;;;#ERRO;;;;#ERRO;;;;;;;;
#ERRO;;;;#ERRO;;;;#ERRO;;;;#ERRO;;;;#ERRO;;;;#ERRO;;;;;;;;
#ERRO;;;;#ERRO;;;;#ERRO;;;;#ERRO;;;;#ERRO;;;;#ERRO;;;;;;;;
#ERRO;;;;#ERRO;;;;#ERRO;;;;#ERRO;;;;#ERRO;;;;#ERRO;;;;;;;;
#ERRO;;;;#ERRO;;;;#ERRO;;;;#ERRO;;;;#ERRO;;;;#ERRO;;;;;;;;
#ERRO;;;;#ERRO;;;;#ERRO;;;;#ERRO;;;;#ERRO;;;;#ERRO;;;;;;;;
#ERRO;;;;#ERRO;;;;#ERRO;;;;#ERRO;;;;#ERRO;;;;#ERRO;;;;;;;;
#ERRO;;;;#ERRO;;;;#ERRO;;;;#ERRO;;;;#ERRO;;;;#ERRO;;;;;;;;
#ERRO;;;;#ERRO;;;;#ERRO;;;;#ERRO;;;;#ERRO;;;;#ERRO;;;;;;;;
#ERRO;;;;#ERRO;;;;#ERRO;;;;#ERRO;;;;#ERRO;;;;#ERRO;;;;;;;;
#ERRO;;;;#ERRO;;;;#ERRO;;;;#ERRO;;;;#ERRO;;;;#ERRO;;;;;;;;
#ERRO;;;;#ERRO;;;;#ERRO;;;;#ERRO;;;;#ERRO;;;;#ERRO;;;;;;;;
#ERRO;;;;#ERRO;;;;#ERRO;;;;#ERRO;;;;#ERRO;;;;#ERRO;;;;;;;;
#ERRO;;;;#ERRO;;;;#ERRO;;;;#ERRO;;;;#ERRO;;;;#ERRO;;;;;;;;
#ERRO;;;;#ERRO;;;;#ERRO;;;;#ERRO;;;;#ERRO;;;;#ERRO;;;;;;;;
#ERRO;;;;#ERRO;;;;#ERRO;;;;#ERRO;;;;#ERRO;;;;#ERRO;;;;;;;;
#ERRO;;;;#ERRO;;;;#ERRO;;;;#ERRO;;;;#ERRO;;;;#ERRO;;;;;;;;
#ERRO;;;;#ERRO;;;;#ERRO;;;;#ERRO;;;;#ERRO;;;;#ERRO;;;;;;;;
#ERRO;;;;#ERRO;;;;#ERRO;;;;#ERRO;;;;#ERRO;;;;#ERRO;;;;;;;;
#ERRO;;;;#ERRO;;;;#ERRO;;;;#ERRO;;;;#ERRO;;;;#ERRO;;;;;;;;
#ERRO;;;;#ERRO;;;;#ERRO;;;;#ERRO;;;;#ERRO;;;;#ERRO;;;;;;;;
#ERRO;;;;#ERRO;;;;#ERRO;;;;#ERRO;;;;#ERRO;;;;#ERRO;;;;;;;;
#ERRO;;;;#ERRO;;;;#ERRO;;;;#ERRO;;;;#ERRO;;;;#ERRO;;;;;;;;
#ERRO;;;;#ERRO;;;;#ERRO;;;;#ERRO;;;;#ERRO;;;;#ERRO;;;;;;;;
#ERRO;;;;#ERRO;;;;#ERRO;;;;#ERRO;;;;#ERRO;;;;#ERRO;;;;;;;;
#ERRO;;;;#ERRO;;;;#ERRO;;;;#ERRO;;;;#ERRO;;;;#ERRO;;;;;;;;
#ERRO;;;;#ERRO;;;;#ERRO;;;;#ERRO;;;;#ERRO;;;;#ERRO;;;;;;;;
#ERRO;;;;#ERRO;;;;#ERRO;;;;#ERRO;;;;#ERRO;;;;#ERRO;;;;;;;;
#ERRO;;;;#ERRO;;;;#ERRO;;;;#ERRO;;;;#ERRO;;;;#ERRO;;;;;;;;
#ERRO;;;;#ERRO;;;;#ERRO;;;;#ERRO;;;;#ERRO;;;;#ERRO;;;;;;;;
#ERRO;;;;#ERRO;;;;#ERRO;;;;#ERRO;;;;#ERRO;;;;#ERRO;;;;;;;;
#ERRO;;;;#ERRO;;;;#ERRO;;;;#ERRO;;;;#ERRO;;;;#ERRO;;;;;;;;
#ERRO;;;;#ERRO;;;;#ERRO;;;;#ERRO;;;;#ERRO;;;;#ERRO;;;;;;;;
#ERRO;;;;#ERRO;;;;#ERRO;;;;#ERRO;;;;#ERRO;;;;#ERRO;;;;;;;;
#ERRO;;;;#ERRO;;;;#ERRO;;;;#ERRO;;;;#ERRO;;;;#ERRO;;;;;;;;
#ERRO;;;;#ERRO;;;;#ERRO;;;;#ERRO;;;;#ERRO;;;;#ERRO;;;;;;;;
#ERRO;;;;#ERRO;;;;#ERRO;;;;#ERRO;;;;#ERRO;;;;#ERRO;;;;;;;;
#ERRO;;;;#ERRO;;;;#ERRO;;;;#ERRO;;;;#ERRO;;;;#ERRO;;;;;;;;
#ERRO;;;;#ERRO;;;;#ERRO;;;;#ERRO;;;;#ERRO;;;;#ERRO;;;;;;;;
#ERRO;;;;#ERRO;;;;#ERRO;;;;#ERRO;;;;#ERRO;;;;#ERRO;;;;;;;;
#ERRO;;;;#ERRO;;;;#ERRO;;;;#ERRO;;;;#ERRO;;;;#ERRO;;;;;;;;
#ERRO;;;;#ERRO;;;;#ERRO;;;;#ERRO;;;;#ERRO;;;;#ERRO;;;;;;;;
#ERRO;;;;#ERRO;;;;#ERRO;;;;#ERRO;;;;#ERRO;;;;#ERRO;;;;;;;;
#ERRO;;;;#ERRO;;;;#ERRO;;;;#ERRO;;;;#ERRO;;;;#ERRO;;;;;;;;
#ERRO;;;;#ERRO;;;;#ERRO;;;;#ERRO;;;;#ERRO;;;;#ERRO;;;;;;;;
#ERRO;;;;#ERRO;;;;#ERRO;;;;#ERRO;;;;#ERRO;;;;#ERRO;;;;;;;;
#ERRO;;;;#ERRO;;;;#ERRO;;;;#ERRO;;;;#ERRO;;;;#ERRO;;;;;;;;
#ERRO;;;;#ERRO;;;;#ERRO;;;;#ERRO;;;;#ERRO;;;;#ERRO;;;;;;;;
#ERRO;;;;#ERRO;;;;#ERRO;;;;#ERRO;;;;#ERRO;;;;#ERRO;;;;;;;;
#ERRO;;;;#ERRO;;;;#ERRO;;;;#ERRO;;;;#ERRO;;;;#ERRO;;;;;;;;
#ERRO;;;;#ERRO;;;;#ERRO;;;;#ERRO;;;;#ERRO;;;;#ERRO;;;;;;;;
#ERRO;;;;#ERRO;;;;#ERRO;;;;#ERRO;;;;#ERRO;;;;#ERRO;;;;;;;;
#ERRO;;;;#ERRO;;;;#ERRO;;;;#ERRO;;;;#ERRO;;;;#ERRO;;;;;;;;
#ERRO;;;;#ERRO;;;;#ERRO;;;;#ERRO;;;;#ERRO;;;;#ERRO;;;;;;;;
#ERRO;;;;#ERRO;;;;#ERRO;;;;#ERRO;;;;#ERRO;;;;#ERRO;;;;;;;;
#ERRO;;;;#ERRO;;;;#ERRO;;;;#ERRO;;;;#ERRO;;;;#ERRO;;;;;;;;
#ERRO;;;;#ERRO;;;;#ERRO;;;;#ERRO;;;;#ERRO;;;;#ERRO;;;;;;;;
#ERRO;;;;#ERRO;;;;#ERRO;;;;#ERRO;;;;#ERRO;;;;#ERRO;;;;;;;;
#ERRO;;;;#ERRO;;;;#ERRO;;;;#ERRO;;;;#ERRO;;;;#ERRO;;;;;;;;
#ERRO;;;;#ERRO;;;;#ERRO;;;;#ERRO;;;;#ERRO;;;;#ERRO;;;;;;;;
#ERRO;;;;#ERRO;;;;#ERRO;;;;#ERRO;;;;#ERRO;;;;#ERRO;;;;;;;;
#ERRO;;;;#ERRO;;;;#ERRO;;;;#ERRO;;;;#ERRO;;;;#ERRO;;;;;;;;
#ERRO;;;;#ERRO;;;;#ERRO;;;;#ERRO;;;;#ERRO;;;;#ERRO;;;;;;;;
#ERRO;;;;#ERRO;;;;#ERRO;;;;#ERRO;;;;#ERRO;;;;#ERRO;;;;;;;;
#ERRO;;;;#ERRO;;;;#ERRO;;;;#ERRO;;;;#ERRO;;;;#ERRO;;;;;;;;
#ERRO;;;;#ERRO;;;;#ERRO;;;;#ERRO;;;;#ERRO;;;;#ERRO;;;;;;;;
#ERRO;;;;#ERRO;;;;#ERRO;;;;#ERRO;;;;#ERRO;;;;#ERRO;;;;;;;;
#ERRO;;;;#ERRO;;;;#ERRO;;;;#ERRO;;;;#ERRO;;;;#ERRO;;;;;;;;
#ERRO;;;;#ERRO;;;;#ERRO;;;;#ERRO;;;;#ERRO;;;;#ERRO;;;;;;;;
#ERRO;;;;#ERRO;;;;#ERRO;;;;#ERRO;;;;#ERRO;;;;#ERRO;;;;;;;;
#ERRO;;;;#ERRO;;;;#ERRO;;;;#ERRO;;;;#ERRO;;;;#ERRO;;;;;;;;
#ERRO;;;;#ERRO;;;;#ERRO;;;;#ERRO;;;;#ERRO;;;;#ERRO;;;;;;;;
#ERRO;;;;#ERRO;;;;#ERRO;;;;#ERRO;;;;#ERRO;;;;#ERRO;;;;;;;;
#ERRO;;;;#ERRO;;;;#ERRO;;;;#ERRO;;;;#ERRO;;;;#ERRO;;;;;;;;
#ERRO;;;;#ERRO;;;;#ERRO;;;;#ERRO;;;;#ERRO;;;;#ERRO;;;;;;;;
#ERRO;;;;#ERRO;;;;#ERRO;;;;#ERRO;;;;#ERRO;;;;#ERRO;;;;;;;;
#ERRO;;;;#ERRO;;;;#ERRO;;;;#ERRO;;;;#ERRO;;;;#ERRO;;;;;;;;
#ERRO;;;;#ERRO;;;;#ERRO;;;;#ERRO;;;;#ERRO;;;;#ERRO;;;;;;;;
#ERRO;;;;#ERRO;;;;#ERRO;;;;#ERRO;;;;#ERRO;;;;#ERRO;;;;;;;;
#ERRO;;;;#ERRO;;;;#ERRO;;;;#ERRO;;;;#ERRO;;;;#ERRO;;;;;;;;
#ERRO;;;;#ERRO;;;;#ERRO;;;;#ERRO;;;;#ERRO;;;;#ERRO;;;;;;;;
#ERRO;;;;#ERRO;;;;#ERRO;;;;#ERRO;;;;#ERRO;;;;#ERRO;;;;;;;;
#ERRO;;;;#ERRO;;;;#ERRO;;;;#ERRO;;;;#ERRO;;;;#ERRO;;;;;;;;
#ERRO;;;;#ERRO;;;;#ERRO;;;;#ERRO;;;;#ERRO;;;;#ERRO;;;;;;;;
#ERRO;;;;#ERRO;;;;#ERRO;;;;#ERRO;;;;#ERRO;;;;#ERRO;;;;;;;;
#ERRO;;;;#ERRO;;;;#ERRO;;;;#ERRO;;;;#ERRO;;;;#ERRO;;;;;;;;
#ERRO;;;;#ERRO;;;;#ERRO;;;;#ERRO;;;;#ERRO;;;;#ERRO;;;;;;;;
#ERRO;;;;#ERRO;;;;#ERRO;;;;#ERRO;;;;#ERRO;;;;#ERRO;;;;;;;;
#ERRO;;;;#ERRO;;;;#ERRO;;;;#ERRO;;;;#ERRO;;;;#ERRO;;;;;;;;
#ERRO;;;;#ERRO;;;;#ERRO;;;;#ERRO;;;;#ERRO;;;;#ERRO;;;;;;;;
#ERRO;;;;#ERRO;;;;#ERRO;;;;#ERRO;;;;#ERRO;;;;#ERRO;;;;;;;;
#ERRO;;;;#ERRO;;;;#ERRO;;;;#ERRO;;;;#ERRO;;;;#ERRO;;;;;;;;
#ERRO;;;;#ERRO;;;;#ERRO;;;;#ERRO;;;;#ERRO;;;;#ERRO;;;;;;;;
#ERRO;;;;#ERRO;;;;#ERRO;;;;#ERRO;;;;#ERRO;;;;#ERRO;;;;;;;;
#ERRO;;;;#ERRO;;;;#ERRO;;;;#ERRO;;;;#ERRO;;;;#ERRO;;;;;;;;
#ERRO;;;;#ERRO;;;;#ERRO;;;;#ERRO;;;;#ERRO;;;;#ERRO;;;;;;;;
#ERRO;;;;#ERRO;;;;#ERRO;;;;#ERRO;;;;#ERRO;;;;#ERRO;;;;;;;;
#ERRO;;;;#ERRO;;;;#ERRO;;;;#ERRO;;;;#ERRO;;;;#ERRO;;;;;;;;
#ERRO;;;;#ERRO;;;;#ERRO;;;;#ERRO;;;;#ERRO;;;;#ERRO;;;;;;;;
#ERRO;;;;#ERRO;;;;#ERRO;;;;#ERRO;;;;#ERRO;;;;#ERRO;;;;;;;;
#ERRO;;;;#ERRO;;;;#ERRO;;;;#ERRO;;;;#ERRO;;;;#ERRO;;;;;;;;
#ERRO;;;;#ERRO;;;;#ERRO;;;;#ERRO;;;;#ERRO;;;;#ERRO;;;;;;;;
#ERRO;;;;#ERRO;;;;#ERRO;;;;#ERRO;;;;#ERRO;;;;#ERRO;;;;;;;;
#ERRO;;;;#ERRO;;;;#ERRO;;;;#ERRO;;;;#ERRO;;;;#ERRO;;;;;;;;
#ERRO;;;;#ERRO;;;;#ERRO;;;;#ERRO;;;;#ERRO;;;;#ERRO;;;;;;;;
#ERRO;;;;#ERRO;;;;#ERRO;;;;#ERRO;;;;#ERRO;;;;#ERRO;;;;;;;;
#ERRO;;;;#ERRO;;;;#ERRO;;;;#ERRO;;;;#ERRO;;;;#ERRO;;;;;;;;
#ERRO;;;;#ERRO;;;;#ERRO;;;;#ERRO;;;;#ERRO;;;;#ERRO;;;;;;;;
#ERRO;;;;#ERRO;;;;#ERRO;;;;#ERRO;;;;#ERRO;;;;#ERRO;;;;;;;;
#ERRO;;;;#ERRO;;;;#ERRO;;;;#ERRO;;;;#ERRO;;;;#ERRO;;;;;;;;
#ERRO;;;;#ERRO;;;;#ERRO;;;;#ERRO;;;;#ERRO;;;;#ERRO;;;;;;;;
#ERRO;;;;#ERRO;;;;#ERRO;;;;#ERRO;;;;#ERRO;;;;#ERRO;;;;;;;;
#ERRO;;;;#ERRO;;;;#ERRO;;;;#ERRO;;;;#ERRO;;;;#ERRO;;;;;;;;
#ERRO;;;;#ERRO;;;;#ERRO;;;;#ERRO;;;;#ERRO;;;;#ERRO;;;;;;;;
#ERRO;;;;#ERRO;;;;#ERRO;;;;#ERRO;;;;#ERRO;;;;#ERRO;;;;;;;;
#ERRO;;;;#ERRO;;;;#ERRO;;;;#ERRO;;;;#ERRO;;;;#ERRO;;;;;;;;
#ERRO;;;;#ERRO;;;;#ERRO;;;;#ERRO;;;;#ERRO;;;;#ERRO;;;;;;;;
#ERRO;;;;#ERRO;;;;#ERRO;;;;#ERRO;;;;#ERRO;;;;#ERRO;;;;;;;;
#ERRO;;;;#ERRO;;;;#ERRO;;;;#ERRO;;;;#ERRO;;;;#ERRO;;;;;;;;
#ERRO;;;;#ERRO;;;;#ERRO;;;;#ERRO;;;;#ERRO;;;;#ERRO;;;;;;;;