;;;;CLIENTE;1899-12-30;;;;;;;;;;FALSO;;;;;;
Código;pares;OC;Recebimento;Entrega;Referencia;Tamanho;metros;Agrupado;Total;;cor;cor;cor;cor;;peso;peso;peso;peso;;
 ; ; ; ; ; ;#ERRO;#ERRO; ;#ERRO; ;#ERRO;#ERRO;#ERRO;#ERRO;;#ERRO;#ERRO;#ERRO;#ERRO;1; 
 ; ; ; ; ; ;#ERRO;#ERRO;;0; ;;;;;;#ERRO;#ERRO;#ERRO;#ERRO;2;
 ; ; ; ; ; ;#ERRO;#ERRO;;0; ;;;;;;#ERRO;#ERRO;#ERRO;#ERRO;3;
 ; ; ; ; ; ;#ERRO;#ERRO;;0; ;;;;;;#ERRO;#ERRO;#ERRO;#ERRO;4;
 ; ; ; ; ; ;#ERRO;#ERRO;;0; ;;;;;;#ERRO;#ERRO;#ERRO;#ERRO;5;
 ; ; ; ; ; ;#ERRO;#ERRO;;0; ;;;;;;#ERRO;#ERRO;#ERRO;#ERRO;6;
 ; ; ; ; ; ;#ERRO;#ERRO;;0; ;;;;;;#ERRO;#ERRO;#ERRO;#ERRO;7;
 ; ; ; ; ; ;#ERRO;#ERRO;;0; ;;;;;;#ERRO;#ERRO;#ERRO;#ERRO;8;
 ; ; ; ; ; ;#ERRO;#ERRO;;0; ;;;;;;#ERRO;#ERRO;#ERRO;#ERRO;9;
 ; ; ; ; ; ;#ERRO;#ERRO;;0; ;;;;;;#ERRO;#ERRO;#ERRO;#ERRO;10;
 ; ; ; ; ; ;#ERRO;#ERRO;;0; ;;;;;;#ERRO;#ERRO;#ERRO;#ERRO;11;
 ; ; ; ; ; ;#ERRO;#ERRO;;0; ;;;;;;#ERRO;#ERRO;#ERRO;#ERRO;12;
 ; ; ; ; ; ;#ERRO;#ERRO;;0; ;;;;;;#ERRO;#ERRO;#ERRO;#ERRO;13;
 ; ; ; ; ; ;#ERRO;#ERRO;;0; ;;;;;;#ERRO;#ERRO;#ERRO;#ERRO;14;
 ; ; ; ; ; ;#ERRO;#ERRO;;0; ;;;;;;#ERRO;#ERRO;#ERRO;#ERRO;15;
 ; ; ; ; ; ;#ERRO;#ERRO;;0; ;;;;;;#ERRO;#ERRO;#ERRO;#ERRO;16;
 ; ; ; ; ; ;#ERRO;#ERRO;;0; ;;;;;;#ERRO;#ERRO;#ERRO;#ERRO;17;
 ; ; ; ; ; ;#ERRO;#ERRO;;0; ;;;;;;#ERRO;#ERRO;#ERRO;#ERRO;18;
 ; ; ; ; ; ;#ERRO;#ERRO;;0; ;;;;;;#ERRO;#ERRO;#ERRO;#ERRO;19;
 ; ; ; ; ; ;#ERRO;#ERRO;;0; ;;;;;;#ERRO;#ERRO;#ERRO;#ERRO;20;
 ; ; ; ; ; ;#ERRO;#ERRO;;0; ;;;;;;#ERRO;#ERRO;#ERRO;#ERRO;21;
 ; ; ; ; ; ;#ERRO;#ERRO;;0; ;;;;;;#ERRO;#ERRO;#ERRO;#ERRO;22;
 ; ; ; ; ; ;#ERRO;#ERRO;;0; ;;;;;;#ERRO;#ERRO;#ERRO;#ERRO;23;
 ; ; ; ; ; ;#ERRO;#ERRO;;0; ;;;;;;#ERRO;#ERRO;#ERRO;#ERRO;24;
 ; ; ; ; ; ;#ERRO;#ERRO;;0; ;;;;;;#ERRO;#ERRO;#ERRO;#ERRO;25;
 ; ; ; ; ; ;#ERRO;#ERRO;;0; ;;;;;;#ERRO;#ERRO;#ERRO;#ERRO;26;
 ; ; ; ; ; ;#ERRO;#ERRO;;0; ;;;;;;#ERRO;#ERRO;#ERRO;#ERRO;27;
 ; ; ; ; ; ;#ERRO;#ERRO;;0; ;;;;;;#ERRO;#ERRO;#ERRO;#ERRO;28;
 ; ; ; ; ; ;#ERRO;#ERRO;;0; ;;;;;;#ERRO;#ERRO;#ERRO;#ERRO;29;
 ; ; ; ; ; ;#ERRO;#ERRO;;0; ;;;;;;#ERRO;#ERRO;#ERRO;#ERRO;30;
 ; ; ; ; ; ;#ERRO;#ERRO;;0; ;;;;;;#ERRO;#ERRO;#ERRO;#ERRO;31;
 ; ; ; ; ; ;#ERRO;#ERRO;;0; ;;;;;;#ERRO;#ERRO;#ERRO;#ERRO;32;
 ; ; ; ; ; ;#ERRO;#ERRO;;0; ;;;;;;#ERRO;#ERRO;#ERRO;#ERRO;33;
 ; ; ; ; ; ;#ERRO;#ERRO;;0; ;;;;;;#ERRO;#ERRO;#ERRO;#ERRO;34;
 ; ; ; ; ; ;#ERRO;#ERRO;;0; ;;;;;;#ERRO;#ERRO;#ERRO;#ERRO;35;
 ; ; ; ; ; ;#ERRO;#ERRO;;0; ;;;;;;#ERRO;#ERRO;#ERRO;#ERRO;36;
 ; ; ; ; ; ;#ERRO;#ERRO;;0; ;;;;;;#ERRO;#ERRO;#ERRO;#ERRO;37;
 ; ; ; ; ; ;#ERRO;#ERRO;;0; ;;;;;;#ERRO;#ERRO;#ERRO;#ERRO;38;
 ; ; ; ; ; ;#ERRO;#ERRO;;0; ;;;;;;#ERRO;#ERRO;#ERRO;#ERRO;39;
 ; ; ; ; ; ;#ERRO;#ERRO;;0; ;;;;;;#ERRO;#ERRO;#ERRO;#ERRO;40;
 ; ; ; ; ; ;#ERRO;#ERRO;;0; ;;;;;;#ERRO;#ERRO;#ERRO;#ERRO;41;
 ; ; ; ; ; ;#ERRO;#ERRO;;0; ;;;;;;#ERRO;#ERRO;#ERRO;#ERRO;42;
 ; ; ; ; ; ;#ERRO;#ERRO;;0; ;;;;;;#ERRO;#ERRO;#ERRO;#ERRO;43;
 ; ; ; ; ; ;#ERRO;#ERRO;;0; ;;;;;;#ERRO;#ERRO;#ERRO;#ERRO;44;
 ; ; ; ; ; ;#ERRO;#ERRO;;0; ;;;;;;#ERRO;#ERRO;#ERRO;#ERRO;45;
 ; ; ; ; ; ;#ERRO;#ERRO;;0; ;;;;;;#ERRO;#ERRO;#ERRO;#ERRO;46;
 ; ; ; ; ; ;#ERRO;#ERRO;;0; ;;;;;;#ERRO;#ERRO;#ERRO;#ERRO;47;
 ; ; ; ; ; ;#ERRO;#ERRO;;0; ;;;;;;#ERRO;#ERRO;#ERRO;#ERRO;48;
 ; ; ; ; ; ;#ERRO;#ERRO;;0; ;;;;;;#ERRO;#ERRO;#ERRO;#ERRO;49;
 ; ; ; ; ; ;#ERRO;#ERRO;;0; ;;;;;;#ERRO;#ERRO;#ERRO;#ERRO;50;
 ; ; ; ; ; ;#ERRO;#ERRO;;0; ;;;;;;#ERRO;#ERRO;#ERRO;#ERRO;51;
 ; ; ; ; ; ;#ERRO;#ERRO;;0; ;;;;;;#ERRO;#ERRO;#ERRO;#ERRO;52;
 ; ; ; ; ; ;#ERRO;#ERRO;;0; ;;;;;;#ERRO;#ERRO;#ERRO;#ERRO;53;
 ; ; ; ; ; ;#ERRO;#ERRO;;0; ;;;;;;#ERRO;#ERRO;#ERRO;#ERRO;54;
 ; ; ; ; ; ;#ERRO;#ERRO;;0; ;;;;;;#ERRO;#ERRO;#ERRO;#ERRO;55;
 ; ; ; ; ; ;#ERRO;#ERRO;;0; ;;;;;;#ERRO;#ERRO;#ERRO;#ERRO;56;
 ; ; ; ; ; ;#ERRO;#ERRO;;0; ;;;;;;#ERRO;#ERRO;#ERRO;#ERRO;57;
 ; ; ; ; ; ;#ERRO;#ERRO;;0; ;;;;;;#ERRO;#ERRO;#ERRO;#ERRO;58;
 ; ; ; ; ; ;#ERRO;#ERRO;;0; ;;;;;;#ERRO;#ERRO;#ERRO;#ERRO;59;
 ; ; ; ; ; ;#ERRO;#ERRO;;0; ;;;;;;#ERRO;#ERRO;#ERRO;#ERRO;60;
 ; ; ; ; ; ;#ERRO;#ERRO;;0; ;;;;;;#ERRO;#ERRO;#ERRO;#ERRO;61;
 ; ; ; ; ; ;#ERRO;#ERRO;;0; ;;;;;;#ERRO;#ERRO;#ERRO;#ERRO;62;
 ; ; ; ; ; ;#ERRO;#ERRO;;0; ;;;;;;#ERRO;#ERRO;#ERRO;#ERRO;63;
 ; ; ; ; ; ;#ERRO;#ERRO;;0; ;;;;;;#ERRO;#ERRO;#ERRO;#ERRO;64;
 ; ; ; ; ; ;#ERRO;#ERRO;;0; ;;;;;;#ERRO;#ERRO;#ERRO;#ERRO;65;
 ; ; ; ; ; ;#ERRO;#ERRO;;0; ;;;;;;#ERRO;#ERRO;#ERRO;#ERRO;66;
 ; ; ; ; ; ;#ERRO;#ERRO;;0; ;;;;;;#ERRO;#ERRO;#ERRO;#ERRO;67;
 ; ; ; ; ; ;#ERRO;#ERRO;;0; ;;;;;;#ERRO;#ERRO;#ERRO;#ERRO;68;
 ; ; ; ; ; ;#ERRO;#ERRO;;0; ;;;;;;#ERRO;#ERRO;#ERRO;#ERRO;69;
 ; ; ; ; ; ;#ERRO;#ERRO;;0; ;;;;;;#ERRO;#ERRO;#ERRO;#ERRO;70;
 ; ; ; ; ; ;#ERRO;#ERRO;;0; ;;;;;;#ERRO;#ERRO;#ERRO;#ERRO;71;
 ; ; ; ; ; ;#ERRO;#ERRO;;0; ;;;;;;#ERRO;#ERRO;#ERRO;#ERRO;72;
 ; ; ; ; ; ;#ERRO;#ERRO;;0; ;;;;;;#ERRO;#ERRO;#ERRO;#ERRO;73;
 ; ; ; ; ; ;#ERRO;#ERRO;;0; ;;;;;;#ERRO;#ERRO;#ERRO;#ERRO;74;
 ; ; ; ; ; ;#ERRO;#ERRO;;0; ;;;;;;#ERRO;#ERRO;#ERRO;#ERRO;75;
 ; ; ; ; ; ;#ERRO;#ERRO;;0; ;;;;;;#ERRO;#ERRO;#ERRO;#ERRO;76;
 ; ; ; ; ; ;#ERRO;#ERRO;;0; ;;;;;;#ERRO;#ERRO;#ERRO;#ERRO;77;
 ; ; ; ; ; ;#ERRO;#ERRO;;0; ;;;;;;#ERRO;#ERRO;#ERRO;#ERRO;78;
 ; ; ; ; ; ;#ERRO;#ERRO;;0; ;;;;;;#ERRO;#ERRO;#ERRO;#ERRO;79;
 ; ; ; ; ; ;#ERRO;#ERRO;;0; ;;;;;;#ERRO;#ERRO;#ERRO;#ERRO;80;
 ; ; ; ; ; ;#ERRO;#ERRO;;0; ;;;;;;#ERRO;#ERRO;#ERRO;#ERRO;81;
 ; ; ; ; ; ;#ERRO;#ERRO;;0; ;;;;;;#ERRO;#ERRO;#ERRO;#ERRO;82;
 ; ; ; ; ; ;#ERRO;#ERRO;;0; ;;;;;;#ERRO;#ERRO;#ERRO;#ERRO;83;
 ; ; ; ; ; ;#ERRO;#ERRO;;0; ;;;;;;#ERRO;#ERRO;#ERRO;#ERRO;84;
 ; ; ; ; ; ;#ERRO;#ERRO;;0; ;;;;;;#ERRO;#ERRO;#ERRO;#ERRO;85;
 ; ; ; ; ; ;#ERRO;#ERRO;;0; ;;;;;;#ERRO;#ERRO;#ERRO;#ERRO;86;
 ; ; ; ; ; ;#ERRO;#ERRO;;0; ;;;;;;#ERRO;#ERRO;#ERRO;#ERRO;87;
 ; ; ; ; ; ;#ERRO;#ERRO;;0; ;;;;;;#ERRO;#ERRO;#ERRO;#ERRO;88;
 ; ; ; ; ; ;#ERRO;#ERRO;;0; ;;;;;;#ERRO;#ERRO;#ERRO;#ERRO;89;
 ; ; ; ; ; ;#ERRO;#ERRO;;0; ;;;;;;#ERRO;#ERRO;#ERRO;#ERRO;90;
 ; ; ; ; ; ;#ERRO;#ERRO;;0; ;;;;;;#ERRO;#ERRO;#ERRO;#ERRO;91;
 ; ; ; ; ; ;#ERRO;#ERRO;;0; ;;;;;;#ERRO;#ERRO;#ERRO;#ERRO;92;
 ; ; ; ; ; ;#ERRO;#ERRO;;0; ;;;;;;#ERRO;#ERRO;#ERRO;#ERRO;93;
 ; ; ; ; ; ;#ERRO;#ERRO;;0; ;;;;;;#ERRO;#ERRO;#ERRO;#ERRO;94;
 ; ; ; ; ; ;#ERRO;#ERRO;;0; ;;;;;;#ERRO;#ERRO;#ERRO;#ERRO;95;
 ; ; ; ; ; ;#ERRO;#ERRO;;0; ;;;;;;#ERRO;#ERRO;#ERRO;#ERRO;96;
 ; ; ; ; ; ;#ERRO;#ERRO;;0; ;;;;;;#ERRO;#ERRO;#ERRO;#ERRO;;
 ; ; ; ; ; ;#ERRO;#ERRO;;0; ;;;;;;#ERRO;#ERRO;#ERRO;#ERRO;;
 ; ; ; ; ; ;#ERRO;#ERRO;;0; ;;;;;;#ERRO;#ERRO;#ERRO;#ERRO;;
 ; ; ; ; ; ;#ERRO;#ERRO;;0; ;;;;;;#ERRO;#ERRO;#ERRO;#ERRO;;
 ; ; ; ; ; ;#ERRO;#ERRO;;0; ;;;;;;#ERRO;#ERRO;#ERRO;#ERRO;;
 ; ; ; ; ; ;#ERRO;#ERRO;;0; ;;;;;;#ERRO;#ERRO;#ERRO;#ERRO;;
 ; ; ; ; ; ;#ERRO;#ERRO;;0; ;;;;;;#ERRO;#ERRO;#ERRO;#ERRO;;
 ; ; ; ; ; ;#ERRO;#ERRO;;0; ;;;;;;#ERRO;#ERRO;#ERRO;#ERRO;;
 ; ; ; ; ; ;#ERRO;#ERRO;;0; ;;;;;;#ERRO;#ERRO;#ERRO;#ERRO;;
 ; ; ; ; ; ;#ERRO;#ERRO;;0; ;;;;;;#ERRO;#ERRO;#ERRO;#ERRO;;
 ; ; ; ; ; ;#ERRO;#ERRO;;0; ;;;;;;#ERRO;#ERRO;#ERRO;#ERRO;;
 ; ; ; ; ; ;#ERRO;#ERRO;;0; ;;;;;;#ERRO;#ERRO;#ERRO;#ERRO;;
 ; ; ; ; ; ;#ERRO;#ERRO;;0; ;;;;;;#ERRO;#ERRO;#ERRO;#ERRO;;
 ; ; ; ; ; ;#ERRO;#ERRO;;0; ;;;;;;#ERRO;#ERRO;#ERRO;#ERRO;;
 ; ; ; ; ; ;#ERRO;#ERRO;;0; ;;;;;;#ERRO;#ERRO;#ERRO;#ERRO;;
 ; ; ; ; ; ;#ERRO;#ERRO;;0; ;;;;;;#ERRO;#ERRO;#ERRO;#ERRO;;
 ; ; ; ; ; ;#ERRO;#ERRO;;0; ;;;;;;#ERRO;#ERRO;#ERRO;#ERRO;;
 ; ; ; ; ; ;#ERRO;#ERRO;;0; ;;;;;;#ERRO;#ERRO;#ERRO;#ERRO;;
 ; ; ; ; ; ;#ERRO;#ERRO;;0; ;;;;;;#ERRO;#ERRO;#ERRO;#ERRO;;
 ; ; ; ; ; ;#ERRO;#ERRO;;0; ;;;;;;#ERRO;#ERRO;#ERRO;#ERRO;;
 ; ; ; ; ; ;#ERRO;#ERRO;;0; ;;;;;;#ERRO;#ERRO;#ERRO;#ERRO;;
 ; ; ; ; ; ;#ERRO;#ERRO;;0; ;;;;;;#ERRO;#ERRO;#ERRO;#ERRO;;
 ; ; ; ; ; ;#ERRO;#ERRO;;0; ;;;;;;#ERRO;#ERRO;#ERRO;#ERRO;;
 ; ; ; ; ; ;#ERRO;#ERRO;;0; ;;;;;;#ERRO;#ERRO;#ERRO;#ERRO;;
 ; ; ; ; ; ;#ERRO;#ERRO;;0; ;;;;;;#ERRO;#ERRO;#ERRO;#ERRO;;
 ; ; ; ; ; ;#ERRO;#ERRO;;0; ;;;;;;#ERRO;#ERRO;#ERRO;#ERRO;;
 ; ; ; ; ; ;#ERRO;#ERRO;;0; ;;;;;;#ERRO;#ERRO;#ERRO;#ERRO;;
 ; ; ; ; ; ;#ERRO;#ERRO;;0; ;;;;;;#ERRO;#ERRO;#ERRO;#ERRO;;
 ; ; ; ; ; ;#ERRO;#ERRO;;0; ;;;;;;#ERRO;#ERRO;#ERRO;#ERRO;;
 ; ; ; ; ; ;#ERRO;#ERRO;;0; ;;;;;;#ERRO;#ERRO;#ERRO;#ERRO;;
 ; ; ; ; ; ;#ERRO;#ERRO;;0; ;;;;;;#ERRO;#ERRO;#ERRO;#ERRO;;
 ; ; ; ; ; ;#ERRO;#ERRO;;0; ;;;;;;#ERRO;#ERRO;#ERRO;#ERRO;;
 ; ; ; ; ; ;#ERRO;#ERRO;;0; ;;;;;;#ERRO;#ERRO;#ERRO;#ERRO;;
 ; ; ; ; ; ;#ERRO;#ERRO;;0; ;;;;;;#ERRO;#ERRO;#ERRO;#ERRO;;
 ; ; ; ; ; ;#ERRO;#ERRO;;0; ;;;;;;#ERRO;#ERRO;#ERRO;#ERRO;;
 ; ; ; ; ; ;#ERRO;#ERRO;;0; ;;;;;;#ERRO;#ERRO;#ERRO;#ERRO;;
 ; ; ; ; ; ;#ERRO;#ERRO;;0; ;;;;;;#ERRO;#ERRO;#ERRO;#ERRO;;
 ; ; ; ; ; ;#ERRO;#ERRO;;0; ;;;;;;#ERRO;#ERRO;#ERRO;#ERRO;;
 ; ; ; ; ; ;#ERRO;#ERRO;;0; ;;;;;;#ERRO;#ERRO;#ERRO;#ERRO;;
 ; ; ; ; ; ;#ERRO;#ERRO;;0; ;;;;;;#ERRO;#ERRO;#ERRO;#ERRO;;
 ; ; ; ; ; ;#ERRO;#ERRO;;0; ;;;;;;#ERRO;#ERRO;#ERRO;#ERRO;;
 ; ; ; ; ; ;#ERRO;#ERRO;;0; ;;;;;;#ERRO;#ERRO;#ERRO;#ERRO;;
 ; ; ; ; ; ;#ERRO;#ERRO;;0; ;;;;;;#ERRO;#ERRO;#ERRO;#ERRO;;
 ; ; ; ; ; ;#ERRO;#ERRO;;0; ;;;;;;#ERRO;#ERRO;#ERRO;#ERRO;;
 ; ; ; ; ; ;#ERRO;#ERRO;;0; ;;;;;;#ERRO;#ERRO;#ERRO;#ERRO;;
 ; ; ; ; ; ;#ERRO;#ERRO;;0; ;;;;;;#ERRO;#ERRO;#ERRO;#ERRO;;
 ; ; ; ; ; ;#ERRO;#ERRO;;0; ;;;;;;#ERRO;#ERRO;#ERRO;#ERRO;;
 ; ; ; ; ; ;#ERRO;#ERRO;;0; ;;;;;;#ERRO;#ERRO;#ERRO;#ERRO;;
 ; ; ; ; ; ;#ERRO;#ERRO;;0; ;;;;;;#ERRO;#ERRO;#ERRO;#ERRO;;
 ; ; ; ; ; ;#ERRO;#ERRO;;0; ;;;;;;#ERRO;#ERRO;#ERRO;#ERRO;;
 ; ; ; ; ; ;#ERRO;#ERRO;;0; ;;;;;;#ERRO;#ERRO;#ERRO;#ERRO;;
 ; ; ; ; ; ;#ERRO;#ERRO;;0; ;;;;;;#ERRO;#ERRO;#ERRO;#ERRO;;
 ; ; ; ; ; ;#ERRO;#ERRO;;0; ;;;;;;#ERRO;#ERRO;#ERRO;#ERRO;;
 ; ; ; ; ; ;#ERRO;#ERRO;;0; ;;;;;;#ERRO;#ERRO;#ERRO;#ERRO;;
 ; ; ; ; ; ;#ERRO;#ERRO;;0; ;;;;;;#ERRO;#ERRO;#ERRO;#ERRO;;
 ; ; ; ; ; ;#ERRO;#ERRO;;0; ;;;;;;#ERRO;#ERRO;#ERRO;#ERRO;;
 ; ; ; ; ; ;#ERRO;#ERRO;;0; ;;;;;;#ERRO;#ERRO;#ERRO;#ERRO;;
 ; ; ; ; ; ;#ERRO;#ERRO;;0; ;;;;;;#ERRO;#ERRO;#ERRO;#ERRO;;
 ; ; ; ; ; ;#ERRO;#ERRO;;0; ;;;;;;#ERRO;#ERRO;#ERRO;#ERRO;;
 ; ; ; ; ; ;#ERRO;#ERRO;;0; ;;;;;;#ERRO;#ERRO;#ERRO;#ERRO;;
 ; ; ; ; ; ;#ERRO;#ERRO;;0; ;;;;;;#ERRO;#ERRO;#ERRO;#ERRO;;
 ; ; ; ; ; ;#ERRO;#ERRO;;0; ;;;;;;#ERRO;#ERRO;#ERRO;#ERRO;;
 ; ; ; ; ; ;#ERRO;#ERRO;;0; ;;;;;;#ERRO;#ERRO;#ERRO;#ERRO;;
 ; ; ; ; ; ;#ERRO;#ERRO;;0; ;;;;;;#ERRO;#ERRO;#ERRO;#ERRO;;
 ; ; ; ; ; ;#ERRO;#ERRO;;0; ;;;;;;#ERRO;#ERRO;#ERRO;#ERRO;;
 ; ; ; ; ; ;#ERRO;#ERRO;;0; ;;;;;;#ERRO;#ERRO;#ERRO;#ERRO;;
 ; ; ; ; ; ;#ERRO;#ERRO;;0; ;;;;;;#ERRO;#ERRO;#ERRO;#ERRO;;
 ; ; ; ; ; ;#ERRO;#ERRO;;0; ;;;;;;#ERRO;#ERRO;#ERRO;#ERRO;;
 ; ; ; ; ; ;#ERRO;#ERRO;;0; ;;;;;;#ERRO;#ERRO;#ERRO;#ERRO;;
 ; ; ; ; ; ;#ERRO;#ERRO;;0; ;;;;;;#ERRO;#ERRO;#ERRO;#ERRO;;
 ; ; ; ; ; ;#ERRO;#ERRO;;0; ;;;;;;#ERRO;#ERRO;#ERRO;#ERRO;;
 ; ; ; ; ; ;#ERRO;#ERRO;;0; ;;;;;;#ERRO;#ERRO;#ERRO;#ERRO;;
 ; ; ; ; ; ;#ERRO;#ERRO;;0; ;;;;;;#ERRO;#ERRO;#ERRO;#ERRO;;
 ; ; ; ; ; ;#ERRO;#ERRO;;0; ;;;;;;#ERRO;#ERRO;#ERRO;#ERRO;;
 ; ; ; ; ; ;#ERRO;#ERRO;;0; ;;;;;;#ERRO;#ERRO;#ERRO;#ERRO;;
 ; ; ; ; ; ;#ERRO;#ERRO;;0; ;;;;;;#ERRO;#ERRO;#ERRO;#ERRO;;
 ; ; ; ; ; ;#ERRO;#ERRO;;0; ;;;;;;#ERRO;#ERRO;#ERRO;#ERRO;;
 ; ; ; ; ; ;#ERRO;#ERRO;;0; ;;;;;;#ERRO;#ERRO;#ERRO;#ERRO;;
 ; ; ; ; ; ;#ERRO;#ERRO;;0; ;;;;;;#ERRO;#ERRO;#ERRO;#ERRO;;
 ; ; ; ; ; ;#ERRO;#ERRO;;0; ;;;;;;#ERRO;#ERRO;#ERRO;#ERRO;;
 ; ; ; ; ; ;#ERRO;#ERRO;;0; ;;;;;;#ERRO;#ERRO;#ERRO;#ERRO;;
 ; ; ; ; ; ;#ERRO;#ERRO;;0; ;;;;;;#ERRO;#ERRO;#ERRO;#ERRO;;
 ; ; ; ; ; ;#ERRO;#ERRO;;0; ;;;;;;#ERRO;#ERRO;#ERRO;#ERRO;;
 ; ; ; ; ; ;#ERRO;#ERRO;;0; ;;;;;;#ERRO;#ERRO;#ERRO;#ERRO;;
 ; ; ; ; ; ;#ERRO;#ERRO;;0; ;;;;;;#ERRO;#ERRO;#ERRO;#ERRO;;
 ; ; ; ; ; ;#ERRO;#ERRO;;0; ;;;;;;#ERRO;#ERRO;#ERRO;#ERRO;;
 ; ; ; ; ; ;#ERRO;#ERRO;;0; ;;;;;;#ERRO;#ERRO;#ERRO;#ERRO;;
 ; ; ; ; ; ;#ERRO;#ERRO;;0; ;;;;;;#ERRO;#ERRO;#ERRO;#ERRO;;
 ; ; ; ; ; ;#ERRO;#ERRO;;0; ;;;;;;#ERRO;#ERRO;#ERRO;#ERRO;;
 ; ; ; ; ; ;#ERRO;#ERRO;;0; ;;;;;;#ERRO;#ERRO;#ERRO;#ERRO;;
 ; ; ; ; ; ;#ERRO;#ERRO;;0; ;;;;;;#ERRO;#ERRO;#ERRO;#ERRO;;
 ; ; ; ; ; ;#ERRO;#ERRO;;0; ;;;;;;#ERRO;#ERRO;#ERRO;#ERRO;;
 ; ; ; ; ; ;#ERRO;#ERRO;;0; ;;;;;;#ERRO;#ERRO;#ERRO;#ERRO;;
 ; ; ; ; ; ;#ERRO;#ERRO;;0; ;;;;;;#ERRO;#ERRO;#ERRO;#ERRO;;
 ; ; ; ; ; ;#ERRO;#ERRO;;0; ;;;;;;#ERRO;#ERRO;#ERRO;#ERRO;;
 ; ; ; ; ; ;#ERRO;#ERRO;;0; ;;;;;;#ERRO;#ERRO;#ERRO;#ERRO;;
 ; ; ; ; ; ;#ERRO;#ERRO;;0; ;;;;;;#ERRO;#ERRO;#ERRO;#ERRO;;
 ; ; ; ; ; ;#ERRO;#ERRO;;0; ;;;;;;#ERRO;#ERRO;#ERRO;#ERRO;;
 ; ; ; ; ; ;#ERRO;#ERRO;;0; ;;;;;;#ERRO;#ERRO;#ERRO;#ERRO;;
 ; ; ; ; ; ;#ERRO;#ERRO;;0; ;;;;;;#ERRO;#ERRO;#ERRO;#ERRO;;
 ; ; ; ; ; ;#ERRO;#ERRO;;0; ;;;;;;#ERRO;#ERRO;#ERRO;#ERRO;;
 ; ; ; ; ; ;#ERRO;#ERRO;;0; ;;;;;;#ERRO;#ERRO;#ERRO;#ERRO;;
 ; ; ; ; ; ;#ERRO;#ERRO;;0; ;;;;;;#ERRO;#ERRO;#ERRO;#ERRO;;
 ; ; ; ; ; ;#ERRO;#ERRO;;0; ;;;;;;#ERRO;#ERRO;#ERRO;#ERRO;;
 ; ; ; ; ; ;#ERRO;#ERRO;;0; ;;;;;;#ERRO;#ERRO;#ERRO;#ERRO;;
 ; ; ; ; ; ;#ERRO;#ERRO;;0; ;;;;;;#ERRO;#ERRO;#ERRO;#ERRO;;
 ; ; ; ; ; ;#ERRO;#ERRO;;0; ;;;;;;#ERRO;#ERRO;#ERRO;#ERRO;;
 ; ; ; ; ; ;#ERRO;#ERRO;;0; ;;;;;;#ERRO;#ERRO;#ERRO;#ERRO;;
 ; ; ; ; ; ;#ERRO;#ERRO;;0; ;;;;;;#ERRO;#ERRO;#ERRO;#ERRO;;
 ; ; ; ; ; ;#ERRO;#ERRO;;0; ;;;;;;#ERRO;#ERRO;#ERRO;#ERRO;;
 ; ; ; ; ; ;#ERRO;#ERRO;;0; ;;;;;;#ERRO;#ERRO;#ERRO;#ERRO;;
 ; ; ; ; ; ;#ERRO;#ERRO;;0; ;;;;;;#ERRO;#ERRO;#ERRO;#ERRO;;
 ; ; ; ; ; ;#ERRO;#ERRO;;0; ;;;;;;#ERRO;#ERRO;#ERRO;#ERRO;;
 ; ; ; ; ; ;#ERRO;#ERRO;;0; ;;;;;;#ERRO;#ERRO;#ERRO;#ERRO;;
 ; ; ; ; ; ;#ERRO;#ERRO;;0; ;;;;;;#ERRO;#ERRO;#ERRO;#ERRO;;
 ; ; ; ; ; ;#ERRO;#ERRO;;0; ;;;;;;#ERRO;#ERRO;#ERRO;#ERRO;;
 ; ; ; ; ; ;#ERRO;#ERRO;;0; ;;;;;;#ERRO;#ERRO;#ERRO;#ERRO;;
 ; ; ; ; ; ;#ERRO;#ERRO;;0; ;;;;;;#ERRO;#ERRO;#ERRO;#ERRO;;
 ; ; ; ; ; ;#ERRO;#ERRO;;0; ;;;;;;#ERRO;#ERRO;#ERRO;#ERRO;;
 ; ; ; ; ; ;#ERRO;#ERRO;;0; ;;;;;;#ERRO;#ERRO;#ERRO;#ERRO;;
 ; ; ; ; ; ;#ERRO;#ERRO;;0; ;;;;;;#ERRO;#ERRO;#ERRO;#ERRO;;
 ; ; ; ; ; ;#ERRO;#ERRO;;0; ;;;;;;#ERRO;#ERRO;#ERRO;#ERRO;;
 ; ; ; ; ; ;#ERRO;#ERRO;;0; ;;;;;;#ERRO;#ERRO;#ERRO;#ERRO;;
 ; ; ; ; ; ;#ERRO;#ERRO;;0; ;;;;;;#ERRO;#ERRO;#ERRO;#ERRO;;
 ; ; ; ; ; ;#ERRO;#ERRO;;0; ;;;;;;#ERRO;#ERRO;#ERRO;#ERRO;;
 ; ; ; ; ; ;#ERRO;#ERRO;;0; ;;;;;;#ERRO;#ERRO;#ERRO;#ERRO;;
 ; ; ; ; ; ;#ERRO;#ERRO;;0; ;;;;;;#ERRO;#ERRO;#ERRO;#ERRO;;
 ; ; ; ; ; ;#ERRO;#ERRO;;0; ;;;;;;#ERRO;#ERRO;#ERRO;#ERRO;;
 ; ; ; ; ; ;#ERRO;#ERRO;;0; ;;;;;;#ERRO;#ERRO;#ERRO;#ERRO;;
 ; ; ; ; ; ;#ERRO;#ERRO;;0; ;;;;;;#ERRO;#ERRO;#ERRO;#ERRO;;
 ; ; ; ; ; ;#ERRO;#ERRO;;0; ;;;;;;#ERRO;#ERRO;#ERRO;#ERRO;;
 ; ; ; ; ; ;#ERRO;#ERRO;;0; ;;;;;;#ERRO;#ERRO;#ERRO;#ERRO;;
 ; ; ; ; ; ;#ERRO;#ERRO;;0; ;;;;;;#ERRO;#ERRO;#ERRO;#ERRO;;
 ; ; ; ; ; ;#ERRO;#ERRO;;0; ;;;;;;#ERRO;#ERRO;#ERRO;#ERRO;;
 ; ; ; ; ; ;#ERRO;#ERRO;;0; ;;;;;;#ERRO;#ERRO;#ERRO;#ERRO;;
 ; ; ; ; ; ;#ERRO;#ERRO;;0; ;;;;;;#ERRO;#ERRO;#ERRO;#ERRO;;
 ; ; ; ; ; ;#ERRO;#ERRO;;0; ;;;;;;#ERRO;#ERRO;#ERRO;#ERRO;;
 ; ; ; ; ; ;#ERRO;#ERRO;;0; ;;;;;;#ERRO;#ERRO;#ERRO;#ERRO;;
 ; ; ; ; ; ;#ERRO;#ERRO;;0; ;;;;;;#ERRO;#ERRO;#ERRO;#ERRO;;
 ; ; ; ; ; ;#ERRO;#ERRO;;0; ;;;;;;#ERRO;#ERRO;#ERRO;#ERRO;;
 ; ; ; ; ; ;#ERRO;#ERRO;;0; ;;;;;;#ERRO;#ERRO;#ERRO;#ERRO;;
 ; ; ; ; ; ;#ERRO;#ERRO;;0; ;;;;;;#ERRO;#ERRO;#ERRO;#ERRO;;
 ; ; ; ; ; ;#ERRO;#ERRO;;0; ;;;;;;#ERRO;#ERRO;#ERRO;#ERRO;;
 ; ; ; ; ; ;#ERRO;#ERRO;;0; ;;;;;;#ERRO;#ERRO;#ERRO;#ERRO;;
 ; ; ; ; ; ;#ERRO;#ERRO;;0; ;;;;;;#ERRO;#ERRO;#ERRO;#ERRO;;
 ; ; ; ; ; ;#ERRO;#ERRO;;0; ;;;;;;#ERRO;#ERRO;#ERRO;#ERRO;;
 ; ; ; ; ; ;#ERRO;#ERRO;;0; ;;;;;;#ERRO;#ERRO;#ERRO;#ERRO;;
 ; ; ; ; ; ;#ERRO;#ERRO;;0; ;;;;;;#ERRO;#ERRO;#ERRO;#ERRO;;
 ; ; ; ; ; ;#ERRO;#ERRO;;0; ;;;;;;#ERRO;#ERRO;#ERRO;#ERRO;;
 ; ; ; ; ; ;#ERRO;#ERRO;;0; ;;;;;;#ERRO;#ERRO;#ERRO;#ERRO;;
 ; ; ; ; ; ;#ERRO;#ERRO;;0; ;;;;;;#ERRO;#ERRO;#ERRO;#ERRO;;
 ; ; ; ; ; ;#ERRO;#ERRO;;0; ;;;;;;#ERRO;#ERRO;#ERRO;#ERRO;;
 ; ; ; ; ; ;#ERRO;#ERRO;;0; ;;;;;;#ERRO;#ERRO;#ERRO;#ERRO;;
 ; ; ; ; ; ;#ERRO;#ERRO;;0; ;;;;;;#ERRO;#ERRO;#ERRO;#ERRO;;
 ; ; ; ; ; ;#ERRO;#ERRO;;0; ;;;;;;#ERRO;#ERRO;#ERRO;#ERRO;;
 ; ; ; ; ; ;#ERRO;#ERRO;;0; ;;;;;;#ERRO;#ERRO;#ERRO;#ERRO;;
 ; ; ; ; ; ;#ERRO;#ERRO;;0; ;;;;;;#ERRO;#ERRO;#ERRO;#ERRO;;
 ; ; ; ; ; ;#ERRO;#ERRO;;0; ;;;;;;#ERRO;#ERRO;#ERRO;#ERRO;;
 ; ; ; ; ; ;#ERRO;#ERRO;;0; ;;;;;;#ERRO;#ERRO;#ERRO;#ERRO;;
 ; ; ; ; ; ;#ERRO;#ERRO;;0; ;;;;;;#ERRO;#ERRO;#ERRO;#ERRO;;
 ; ; ; ; ; ;#ERRO;#ERRO;;0; ;;;;;;#ERRO;#ERRO;#ERRO;#ERRO;;
 ; ; ; ; ; ;#ERRO;#ERRO;;0; ;;;;;;#ERRO;#ERRO;#ERRO;#ERRO;;
 ; ; ; ; ; ;#ERRO;#ERRO;;0; ;;;;;;#ERRO;#ERRO;#ERRO;#ERRO;;
 ; ; ; ; ; ;#ERRO;#ERRO;;0; ;;;;;;#ERRO;#ERRO;#ERRO;#ERRO;;
 ; ; ; ; ; ;#ERRO;#ERRO;;0; ;;;;;;#ERRO;#ERRO;#ERRO;#ERRO;;
 ; ; ; ; ; ;#ERRO;#ERRO;;0; ;;;;;;#ERRO;#ERRO;#ERRO;#ERRO;;
 ; ; ; ; ; ;#ERRO;#ERRO;;0; ;;;;;;#ERRO;#ERRO;#ERRO;#ERRO;;
 ; ; ; ; ; ;#ERRO;#ERRO;;0; ;;;;;;#ERRO;#ERRO;#ERRO;#ERRO;;
 ; ; ; ; ; ;#ERRO;#ERRO;;0; ;;;;;;#ERRO;#ERRO;#ERRO;#ERRO;;
 ; ; ; ; ; ;#ERRO;#ERRO;;0; ;;;;;;#ERRO;#ERRO;#ERRO;#ERRO;;
 ; ; ; ; ; ;#ERRO;#ERRO;;0; ;;;;;;#ERRO;#ERRO;#ERRO;#ERRO;;
 ; ; ; ; ; ;#ERRO;#ERRO;;0; ;;;;;;#ERRO;#ERRO;#ERRO;#ERRO;;
 ; ; ; ; ; ;#ERRO;#ERRO;;0; ;;;;;;#ERRO;#ERRO;#ERRO;#ERRO;;
 ; ; ; ; ; ;#ERRO;#ERRO;;0; ;;;;;;#ERRO;#ERRO;#ERRO;#ERRO;;
 ; ; ; ; ; ;#ERRO;#ERRO;;0; ;;;;;;#ERRO;#ERRO;#ERRO;#ERRO;;
 ; ; ; ; ; ;#ERRO;#ERRO;;0; ;;;;;;#ERRO;#ERRO;#ERRO;#ERRO;;
 ; ; ; ; ; ;#ERRO;#ERRO;;0; ;;;;;;#ERRO;#ERRO;#ERRO;#ERRO;;
 ; ; ; ; ; ;#ERRO;#ERRO;;0; ;;;;;;#ERRO;#ERRO;#ERRO;#ERRO;;
 ; ; ; ; ; ;#ERRO;#ERRO;;0; ;;;;;;#ERRO;#ERRO;#ERRO;#ERRO;;
 ; ; ; ; ; ;#ERRO;#ERRO;;0; ;;;;;;#ERRO;#ERRO;#ERRO;#ERRO;;
 ; ; ; ; ; ;#ERRO;#ERRO;;0; ;;;;;;#ERRO;#ERRO;#ERRO;#ERRO;;
 ; ; ; ; ; ;#ERRO;#ERRO;;0; ;;;;;;#ERRO;#ERRO;#ERRO;#ERRO;;
 ; ; ; ; ; ;#ERRO;#ERRO;;0; ;;;;;;#ERRO;#ERRO;#ERRO;#ERRO;;
 ; ; ; ; ; ;#ERRO;#ERRO;;0; ;;;;;;#ERRO;#ERRO;#ERRO;#ERRO;;
 ; ; ; ; ; ;#ERRO;#ERRO;;0; ;;;;;;#ERRO;#ERRO;#ERRO;#ERRO;;
 ; ; ; ; ; ;#ERRO;#ERRO;;0; ;;;;;;#ERRO;#ERRO;#ERRO;#ERRO;;
 ; ; ; ; ; ;#ERRO;#ERRO;;0; ;;;;;;#ERRO;#ERRO;#ERRO;#ERRO;;
 ; ; ; ; ; ;#ERRO;#ERRO;;0; ;;;;;;#ERRO;#ERRO;#ERRO;#ERRO;;
 ; ; ; ; ; ;#ERRO;#ERRO;;0; ;;;;;;#ERRO;#ERRO;#ERRO;#ERRO;;
 ; ; ; ; ; ;#ERRO;#ERRO;;0; ;;;;;;#ERRO;#ERRO;#ERRO;#ERRO;;
 ; ; ; ; ; ;#ERRO;#ERRO;;0; ;;;;;;#ERRO;#ERRO;#ERRO;#ERRO;;
 ; ; ; ; ; ;#ERRO;#ERRO;;0; ;;;;;;#ERRO;#ERRO;#ERRO;#ERRO;;
 ; ; ; ; ; ;#ERRO;#ERRO;;0; ;;;;;;#ERRO;#ERRO;#ERRO;#ERRO;;
 ; ; ; ; ; ;#ERRO;#ERRO;;0; ;;;;;;#ERRO;#ERRO;#ERRO;#ERRO;;
 ; ; ; ; ; ;#ERRO;#ERRO;;0; ;;;;;;#ERRO;#ERRO;#ERRO;#ERRO;;
 ; ; ; ; ; ;#ERRO;#ERRO;;0; ;;;;;;#ERRO;#ERRO;#ERRO;#ERRO;;
 ; ; ; ; ; ;#ERRO;#ERRO;;0; ;;;;;;#ERRO;#ERRO;#ERRO;#ERRO;;
 ; ; ; ; ; ;#ERRO;#ERRO;;0; ;;;;;;#ERRO;#ERRO;#ERRO;#ERRO;;
 ; ; ; ; ; ;#ERRO;#ERRO;;0; ;;;;;;#ERRO;#ERRO;#ERRO;#ERRO;;
 ; ; ; ; ; ;#ERRO;#ERRO;;0; ;;;;;;#ERRO;#ERRO;#ERRO;#ERRO;;
 ; ; ; ; ; ;#ERRO;#ERRO;;0; ;;;;;;#ERRO;#ERRO;#ERRO;#ERRO;;
 ; ; ; ; ; ;#ERRO;#ERRO;;0; ;;;;;;#ERRO;#ERRO;#ERRO;#ERRO;;
 ; ; ; ; ; ;#ERRO;#ERRO;;0; ;;;;;;#ERRO;#ERRO;#ERRO;#ERRO;;
 ; ; ; ; ; ;#ERRO;#ERRO;;0; ;;;;;;#ERRO;#ERRO;#ERRO;#ERRO;;
 ; ; ; ; ; ;#ERRO;#ERRO;;0; ;;;;;;#ERRO;#ERRO;#ERRO;#ERRO;;
 ; ; ; ; ; ;#ERRO;#ERRO;;0; ;;;;;;#ERRO;#ERRO;#ERRO;#ERRO;;
 ; ; ; ; ; ;#ERRO;#ERRO;;0; ;;;;;;#ERRO;#ERRO;#ERRO;#ERRO;;
 ; ; ; ; ; ;#ERRO;#ERRO;;0; ;;;;;;#ERRO;#ERRO;#ERRO;#ERRO;;
 ; ; ; ; ; ;#ERRO;#ERRO;;0; ;;;;;;#ERRO;#ERRO;#ERRO;#ERRO;;
 ; ; ; ; ; ;#ERRO;#ERRO;;0; ;;;;;;#ERRO;#ERRO;#ERRO;#ERRO;;
 ; ; ; ; ; ;#ERRO;#ERRO;;0; ;;;;;;#ERRO;#ERRO;#ERRO;#ERRO;;
 ; ; ; ; ; ;#ERRO;#ERRO;;0; ;;;;;;#ERRO;#ERRO;#ERRO;#ERRO;;
 ; ; ; ; ; ;#ERRO;#ERRO;;0; ;;;;;;#ERRO;#ERRO;#ERRO;#ERRO;;
 ; ; ; ; ; ;#ERRO;#ERRO;;0; ;;;;;;#ERRO;#ERRO;#ERRO;#ERRO;;
 ; ; ; ; ; ;#ERRO;#ERRO;;0; ;;;;;;#ERRO;#ERRO;#ERRO;#ERRO;;
 ; ; ; ; ; ;#ERRO;#ERRO;;0; ;;;;;;#ERRO;#ERRO;#ERRO;#ERRO;;
 ; ; ; ; ; ;#ERRO;#ERRO;;0; ;;;;;;#ERRO;#ERRO;#ERRO;#ERRO;;
 ; ; ; ; ; ;#ERRO;#ERRO;;0; ;;;;;;#ERRO;#ERRO;#ERRO;#ERRO;;
 ; ; ; ; ; ;#ERRO;#ERRO;;0; ;;;;;;#ERRO;#ERRO;#ERRO;#ERRO;;
 ; ; ; ; ; ;#ERRO;#ERRO;;0; ;;;;;;#ERRO;#ERRO;#ERRO;#ERRO;;
 ; ; ; ; ; ;#ERRO;#ERRO;;0; ;;;;;;#ERRO;#ERRO;#ERRO;#ERRO;;
 ; ; ; ; ; ;#ERRO;#ERRO;;0; ;;;;;;#ERRO;#ERRO;#ERRO;#ERRO;;
 ; ; ; ; ; ;#ERRO;#ERRO;;0; ;;;;;;#ERRO;#ERRO;#ERRO;#ERRO;;
 ; ; ; ; ; ;#ERRO;#ERRO;;0; ;;;;;;#ERRO;#ERRO;#ERRO;#ERRO;;
 ; ; ; ; ; ;#ERRO;#ERRO;;0; ;;;;;;#ERRO;#ERRO;#ERRO;#ERRO;;
 ; ; ; ; ; ;#ERRO;#ERRO;;0; ;;;;;;#ERRO;#ERRO;#ERRO;#ERRO;;
 ; ; ; ; ; ;#ERRO;#ERRO;;0; ;;;;;;#ERRO;#ERRO;#ERRO;#ERRO;;
 ; ; ; ; ; ;#ERRO;#ERRO;;0; ;;;;;;#ERRO;#ERRO;#ERRO;#ERRO;;
 ; ; ; ; ; ;#ERRO;#ERRO;;0; ;;;;;;#ERRO;#ERRO;#ERRO;#ERRO;;
 ; ; ; ; ; ;#ERRO;#ERRO;;0; ;;;;;;#ERRO;#ERRO;#ERRO;#ERRO;;
 ; ; ; ; ; ;#ERRO;#ERRO;;0; ;;;;;;#ERRO;#ERRO;#ERRO;#ERRO;;
 ; ; ; ; ; ;#ERRO;#ERRO;;0; ;;;;;;#ERRO;#ERRO;#ERRO;#ERRO;;
 ; ; ; ; ; ;#ERRO;#ERRO;;0; ;;;;;;#ERRO;#ERRO;#ERRO;#ERRO;;
 ; ; ; ; ; ;#ERRO;#ERRO;;0; ;;;;;;#ERRO;#ERRO;#ERRO;#ERRO;;
 ; ; ; ; ; ;#ERRO;#ERRO;;0; ;;;;;;#ERRO;#ERRO;#ERRO;#ERRO;;
 ; ; ; ; ; ;#ERRO;#ERRO;;0; ;;;;;;#ERRO;#ERRO;#ERRO;#ERRO;;
 ; ; ; ; ; ;#ERRO;#ERRO;;0; ;;;;;;#ERRO;#ERRO;#ERRO;#ERRO;;
 ; ; ; ; ; ;#ERRO;#ERRO;;0; ;;;;;;#ERRO;#ERRO;#ERRO;#ERRO;;
 ; ; ; ; ; ;#ERRO;#ERRO;;0; ;;;;;;#ERRO;#ERRO;#ERRO;#ERRO;;
 ; ; ; ; ; ;#ERRO;#ERRO;;0; ;;;;;;#ERRO;#ERRO;#ERRO;#ERRO;;
 ; ; ; ; ; ;#ERRO;#ERRO;;0; ;;;;;;#ERRO;#ERRO;#ERRO;#ERRO;;
 ; ; ; ; ; ;#ERRO;#ERRO;;0; ;;;;;;#ERRO;#ERRO;#ERRO;#ERRO;;
 ; ; ; ; ; ;#ERRO;#ERRO;;0; ;;;;;;#ERRO;#ERRO;#ERRO;#ERRO;;
 ; ; ; ; ; ;#ERRO;#ERRO;;0; ;;;;;;#ERRO;#ERRO;#ERRO;#ERRO;;
 ; ; ; ; ; ;#ERRO;#ERRO;;0; ;;;;;;#ERRO;#ERRO;#ERRO;#ERRO;;
 ; ; ; ; ; ;#ERRO;#ERRO;;0; ;;;;;;#ERRO;#ERRO;#ERRO;#ERRO;;
 ; ; ; ; ; ;#ERRO;#ERRO;;0; ;;;;;;#ERRO;#ERRO;#ERRO;#ERRO;;
 ; ; ; ; ; ;#ERRO;#ERRO;;0; ;;;;;;#ERRO;#ERRO;#ERRO;#ERRO;;
 ; ; ; ; ; ;#ERRO;#ERRO;;0; ;;;;;;#ERRO;#ERRO;#ERRO;#ERRO;;
 ; ; ; ; ; ;#ERRO;#ERRO;;0; ;;;;;;#ERRO;#ERRO;#ERRO;#ERRO;;
 ; ; ; ; ; ;#ERRO;#ERRO;;0; ;;;;;;#ERRO;#ERRO;#ERRO;#ERRO;;
 ; ; ; ; ; ;#ERRO;#ERRO;;0; ;;;;;;#ERRO;#ERRO;#ERRO;#ERRO;;
 ; ; ; ; ; ;#ERRO;#ERRO;;0; ;;;;;;#ERRO;#ERRO;#ERRO;#ERRO;;
 ; ; ; ; ; ;#ERRO;#ERRO;;0; ;;;;;;#ERRO;#ERRO;#ERRO;#ERRO;;
 ; ; ; ; ; ;#ERRO;#ERRO;;0; ;;;;;;#ERRO;#ERRO;#ERRO;#ERRO;;
 ; ; ; ; ; ;#ERRO;#ERRO;;0; ;;;;;;#ERRO;#ERRO;#ERRO;#ERRO;;
 ; ; ; ; ; ;#ERRO;#ERRO;;0; ;;;;;;#ERRO;#ERRO;#ERRO;#ERRO;;
 ; ; ; ; ; ;#ERRO;#ERRO;;0; ;;;;;;#ERRO;#ERRO;#ERRO;#ERRO;;
 ; ; ; ; ; ;#ERRO;#ERRO;;0; ;;;;;;#ERRO;#ERRO;#ERRO;#ERRO;;
 ; ; ; ; ; ;#ERRO;#ERRO;;0; ;;;;;;#ERRO;#ERRO;#ERRO;#ERRO;;
 ; ; ; ; ; ;#ERRO;#ERRO;;0; ;;;;;;#ERRO;#ERRO;#ERRO;#ERRO;;
 ; ; ; ; ; ;#ERRO;#ERRO;;0; ;;;;;;#ERRO;#ERRO;#ERRO;#ERRO;;
 ; ; ; ; ; ;#ERRO;#ERRO;;0; ;;;;;;#ERRO;#ERRO;#ERRO;#ERRO;;
 ; ; ; ; ; ;#ERRO;#ERRO;;0; ;;;;;;#ERRO;#ERRO;#ERRO;#ERRO;;
 ; ; ; ; ; ;#ERRO;#ERRO;;0; ;;;;;;#ERRO;#ERRO;#ERRO;#ERRO;;
 ; ; ; ; ; ;#ERRO;#ERRO;;0; ;;;;;;#ERRO;#ERRO;#ERRO;#ERRO;;
 ; ; ; ; ; ;#ERRO;#ERRO;;0; ;;;;;;#ERRO;#ERRO;#ERRO;#ERRO;;
 ; ; ; ; ; ;#ERRO;#ERRO;;0; ;;;;;;#ERRO;#ERRO;#ERRO;#ERRO;;
 ; ; ; ; ; ;#ERRO;#ERRO;;0; ;;;;;;#ERRO;#ERRO;#ERRO;#ERRO;;
 ; ; ; ; ; ;#ERRO;#ERRO;;0; ;;;;;;#ERRO;#ERRO;#ERRO;#ERRO;;
 ; ; ; ; ; ;#ERRO;#ERRO;;0; ;;;;;;#ERRO;#ERRO;#ERRO;#ERRO;;
 ; ; ; ; ; ;#ERRO;#ERRO;;0; ;;;;;;#ERRO;#ERRO;#ERRO;#ERRO;;
 ; ; ; ; ; ;#ERRO;#ERRO;;0; ;;;;;;#ERRO;#ERRO;#ERRO;#ERRO;;
 ; ; ; ; ; ;#ERRO;#ERRO;;0; ;;;;;;#ERRO;#ERRO;#ERRO;#ERRO;;
 ; ; ; ; ; ;#ERRO;#ERRO;;0; ;;;;;;#ERRO;#ERRO;#ERRO;#ERRO;;
 ; ; ; ; ; ;#ERRO;#ERRO;;0; ;;;;;;#ERRO;#ERRO;#ERRO;#ERRO;;
 ; ; ; ; ; ;#ERRO;#ERRO;;0; ;;;;;;#ERRO;#ERRO;#ERRO;#ERRO;;
 ; ; ; ; ; ;#ERRO;#ERRO;;0; ;;;;;;#ERRO;#ERRO;#ERRO;#ERRO;;
 ; ; ; ; ; ;#ERRO;#ERRO;;0; ;;;;;;#ERRO;#ERRO;#ERRO;#ERRO;;
 ; ; ; ; ; ;#ERRO;#ERRO;;0; ;;;;;;#ERRO;#ERRO;#ERRO;#ERRO;;
 ; ; ; ; ; ;#ERRO;#ERRO;;0; ;;;;;;#ERRO;#ERRO;#ERRO;#ERRO;;
 ; ; ; ; ; ;#ERRO;#ERRO;;0; ;;;;;;#ERRO;#ERRO;#ERRO;#ERRO;;
 ; ; ; ; ; ;#ERRO;#ERRO;;0; ;;;;;;#ERRO;#ERRO;#ERRO;#ERRO;;
 ; ; ; ; ; ;#ERRO;#ERRO;;0; ;;;;;;#ERRO;#ERRO;#ERRO;#ERRO;;
 ; ; ; ; ; ;#ERRO;#ERRO;;0; ;;;;;;#ERRO;#ERRO;#ERRO;#ERRO;;
 ; ; ; ; ; ;#ERRO;#ERRO;;0; ;;;;;;#ERRO;#ERRO;#ERRO;#ERRO;;
 ; ; ; ; ; ;#ERRO;#ERRO;;0; ;;;;;;#ERRO;#ERRO;#ERRO;#ERRO;;
 ; ; ; ; ; ;#ERRO;#ERRO;;0; ;;;;;;#ERRO;#ERRO;#ERRO;#ERRO;;
 ; ; ; ; ; ;#ERRO;#ERRO;;0; ;;;;;;#ERRO;#ERRO;#ERRO;#ERRO;;
 ; ; ; ; ; ;#ERRO;#ERRO;;0; ;;;;;;#ERRO;#ERRO;#ERRO;#ERRO;;
 ; ; ; ; ; ;#ERRO;#ERRO;;0; ;;;;;;#ERRO;#ERRO;#ERRO;#ERRO;;
 ; ; ; ; ; ;#ERRO;#ERRO;;0; ;;;;;;#ERRO;#ERRO;#ERRO;#ERRO;;
 ; ; ; ; ; ;#ERRO;#ERRO;;0; ;;;;;;#ERRO;#ERRO;#ERRO;#ERRO;;
 ; ; ; ; ; ;#ERRO;#ERRO;;0; ;;;;;;#ERRO;#ERRO;#ERRO;#ERRO;;
 ; ; ; ; ; ;#ERRO;#ERRO;;0; ;;;;;;#ERRO;#ERRO;#ERRO;#ERRO;;
 ; ; ; ; ; ;#ERRO;#ERRO;;0; ;;;;;;#ERRO;#ERRO;#ERRO;#ERRO;;
 ; ; ; ; ; ;#ERRO;#ERRO;;0; ;;;;;;#ERRO;#ERRO;#ERRO;#ERRO;;
 ; ; ; ; ; ;#ERRO;#ERRO;;0; ;;;;;;#ERRO;#ERRO;#ERRO;#ERRO;;
 ; ; ; ; ; ;#ERRO;#ERRO;;0; ;;;;;;#ERRO;#ERRO;#ERRO;#ERRO;;
 ; ; ; ; ; ;#ERRO;#ERRO;;0; ;;;;;;#ERRO;#ERRO;#ERRO;#ERRO;;
 ; ; ; ; ; ;#ERRO;#ERRO;;0; ;;;;;;#ERRO;#ERRO;#ERRO;#ERRO;;
 ; ; ; ; ; ;#ERRO;#ERRO;;0; ;;;;;;#ERRO;#ERRO;#ERRO;#ERRO;;
 ; ; ; ; ; ;#ERRO;#ERRO;;0; ;;;;;;#ERRO;#ERRO;#ERRO;#ERRO;;
 ; ; ; ; ; ;#ERRO;#ERRO;;0; ;;;;;;#ERRO;#ERRO;#ERRO;#ERRO;;
 ; ; ; ; ; ;#ERRO;#ERRO;;0; ;;;;;;#ERRO;#ERRO;#ERRO;#ERRO;;
 ; ; ; ; ; ;#ERRO;#ERRO;;0; ;;;;;;#ERRO;#ERRO;#ERRO;#ERRO;;
 ; ; ; ; ; ;#ERRO;#ERRO;;0; ;;;;;;#ERRO;#ERRO;#ERRO;#ERRO;;
 ; ; ; ; ; ;#ERRO;#ERRO;;0; ;;;;;;#ERRO;#ERRO;#ERRO;#ERRO;;
 ; ; ; ; ; ;#ERRO;#ERRO;;0; ;;;;;;#ERRO;#ERRO;#ERRO;#ERRO;;
 ; ; ; ; ; ;#ERRO;#ERRO;;0; ;;;;;;#ERRO;#ERRO;#ERRO;#ERRO;;
 ; ; ; ; ; ;#ERRO;#ERRO;;0; ;;;;;;#ERRO;#ERRO;#ERRO;#ERRO;;
 ; ; ; ; ; ;#ERRO;#ERRO;;0; ;;;;;;#ERRO;#ERRO;#ERRO;#ERRO;;
 ; ; ; ; ; ;#ERRO;#ERRO;;0; ;;;;;;#ERRO;#ERRO;#ERRO;#ERRO;;
 ; ; ; ; ; ;#ERRO;#ERRO;;0; ;;;;;;#ERRO;#ERRO;#ERRO;#ERRO;;
 ; ; ; ; ; ;#ERRO;#ERRO;;0; ;;;;;;#ERRO;#ERRO;#ERRO;#ERRO;;
 ; ; ; ; ; ;#ERRO;#ERRO;;0; ;;;;;;#ERRO;#ERRO;#ERRO;#ERRO;;
 ; ; ; ; ; ;#ERRO;#ERRO;;0; ;;;;;;#ERRO;#ERRO;#ERRO;#ERRO;;
 ; ; ; ; ; ;#ERRO;#ERRO;;0; ;;;;;;#ERRO;#ERRO;#ERRO;#ERRO;;
 ; ; ; ; ; ;#ERRO;#ERRO;;0; ;;;;;;#ERRO;#ERRO;#ERRO;#ERRO;;
 ; ; ; ; ; ;#ERRO;#ERRO;;0; ;;;;;;#ERRO;#ERRO;#ERRO;#ERRO;;
 ; ; ; ; ; ;#ERRO;#ERRO;;0; ;;;;;;#ERRO;#ERRO;#ERRO;#ERRO;;
 ; ; ; ; ; ;#ERRO;#ERRO;;0; ;;;;;;#ERRO;#ERRO;#ERRO;#ERRO;;
 ; ; ; ; ; ;#ERRO;#ERRO;;0; ;;;;;;#ERRO;#ERRO;#ERRO;#ERRO;;
 ; ; ; ; ; ;#ERRO;#ERRO;;0; ;;;;;;#ERRO;#ERRO;#ERRO;#ERRO;;
 ; ; ; ; ; ;#ERRO;#ERRO;;0; ;;;;;;#ERRO;#ERRO;#ERRO;#ERRO;;
 ; ; ; ; ; ;#ERRO;#ERRO;;0; ;;;;;;#ERRO;#ERRO;#ERRO;#ERRO;;
 ; ; ; ; ; ;#ERRO;#ERRO;;0; ;;;;;;#ERRO;#ERRO;#ERRO;#ERRO;;
 ; ; ; ; ; ;#ERRO;#ERRO;;0; ;;;;;;#ERRO;#ERRO;#ERRO;#ERRO;;
 ; ; ; ; ; ;#ERRO;#ERRO;;0; ;;;;;;#ERRO;#ERRO;#ERRO;#ERRO;;
 ; ; ; ; ; ;#ERRO;#ERRO;;0; ;;;;;;#ERRO;#ERRO;#ERRO;#ERRO;;
 ; ; ; ; ; ;#ERRO;#ERRO;;0; ;;;;;;#ERRO;#ERRO;#ERRO;#ERRO;;
 ; ; ; ; ; ;#ERRO;#ERRO;;0; ;;;;;;#ERRO;#ERRO;#ERRO;#ERRO;;
 ; ; ; ; ; ;#ERRO;#ERRO;;0; ;;;;;;#ERRO;#ERRO;#ERRO;#ERRO;;
 ; ; ; ; ; ;#ERRO;#ERRO;;0; ;;;;;;#ERRO;#ERRO;#ERRO;#ERRO;;
 ; ; ; ; ; ;#ERRO;#ERRO;;0; ;;;;;;#ERRO;#ERRO;#ERRO;#ERRO;;
 ; ; ; ; ; ;#ERRO;#ERRO;;0; ;;;;;;#ERRO;#ERRO;#ERRO;#ERRO;;
 ; ; ; ; ; ;#ERRO;#ERRO;;0; ;;;;;;#ERRO;#ERRO;#ERRO;#ERRO;;
 ; ; ; ; ; ;#ERRO;#ERRO;;0; ;;;;;;#ERRO;#ERRO;#ERRO;#ERRO;;
 ; ; ; ; ; ;#ERRO;#ERRO;;0; ;;;;;;#ERRO;#ERRO;#ERRO;#ERRO;;
 ; ; ; ; ; ;#ERRO;#ERRO;;0; ;;;;;;#ERRO;#ERRO;#ERRO;#ERRO;;
 ; ; ; ; ; ;#ERRO;#ERRO;;0; ;;;;;;#ERRO;#ERRO;#ERRO;#ERRO;;
 ; ; ; ; ; ;#ERRO;#ERRO;;0; ;;;;;;#ERRO;#ERRO;#ERRO;#ERRO;;
 ; ; ; ; ; ;#ERRO;#ERRO;;0; ;;;;;;#ERRO;#ERRO;#ERRO;#ERRO;;
 ; ; ; ; ; ;#ERRO;#ERRO;;0; ;;;;;;#ERRO;#ERRO;#ERRO;#ERRO;;
 ; ; ; ; ; ;#ERRO;#ERRO;;0; ;;;;;;#ERRO;#ERRO;#ERRO;#ERRO;;
 ; ; ; ; ; ;#ERRO;#ERRO;;0; ;;;;;;#ERRO;#ERRO;#ERRO;#ERRO;;
 ; ; ; ; ; ;#ERRO;#ERRO;;0; ;;;;;;#ERRO;#ERRO;#ERRO;#ERRO;;
 ; ; ; ; ; ;#ERRO;#ERRO;;0; ;;;;;;#ERRO;#ERRO;#ERRO;#ERRO;;
 ; ; ; ; ; ;#ERRO;#ERRO;;0; ;;;;;;#ERRO;#ERRO;#ERRO;#ERRO;;
 ; ; ; ; ; ;#ERRO;#ERRO;;0; ;;;;;;#ERRO;#ERRO;#ERRO;#ERRO;;
 ; ; ; ; ; ;#ERRO;#ERRO;;0; ;;;;;;#ERRO;#ERRO;#ERRO;#ERRO;;
 ; ; ; ; ; ;#ERRO;#ERRO;;0; ;;;;;;#ERRO;#ERRO;#ERRO;#ERRO;;
 ; ; ; ; ; ;#ERRO;#ERRO;;0; ;;;;;;#ERRO;#ERRO;#ERRO;#ERRO;;
 ; ; ; ; ; ;#ERRO;#ERRO;;0; ;;;;;;#ERRO;#ERRO;#ERRO;#ERRO;;
 ; ; ; ; ; ;#ERRO;#ERRO;;0; ;;;;;;#ERRO;#ERRO;#ERRO;#ERRO;;
 ; ; ; ; ; ;#ERRO;#ERRO;;0; ;;;;;;#ERRO;#ERRO;#ERRO;#ERRO;;
 ; ; ; ; ; ;#ERRO;#ERRO;;0; ;;;;;;#ERRO;#ERRO;#ERRO;#ERRO;;
 ; ; ; ; ; ;#ERRO;#ERRO;;0; ;;;;;;#ERRO;#ERRO;#ERRO;#ERRO;;
 ; ; ; ; ; ;#ERRO;#ERRO;;0; ;;;;;;#ERRO;#ERRO;#ERRO;#ERRO;;
 ; ; ; ; ; ;#ERRO;#ERRO;;0; ;;;;;;#ERRO;#ERRO;#ERRO;#ERRO;;
 ; ; ; ; ; ;#ERRO;#ERRO;;0; ;;;;;;#ERRO;#ERRO;#ERRO;#ERRO;;
 ; ; ; ; ; ;#ERRO;#ERRO;;0; ;;;;;;#ERRO;#ERRO;#ERRO;#ERRO;;
 ; ; ; ; ; ;#ERRO;#ERRO;;0; ;;;;;;#ERRO;#ERRO;#ERRO;#ERRO;;
 ; ; ; ; ; ;#ERRO;#ERRO;;0; ;;;;;;#ERRO;#ERRO;#ERRO;#ERRO;;
 ; ; ; ; ; ;#ERRO;#ERRO;;0; ;;;;;;#ERRO;#ERRO;#ERRO;#ERRO;;
 ; ; ; ; ; ;#ERRO;#ERRO;;0; ;;;;;;#ERRO;#ERRO;#ERRO;#ERRO;;
 ; ; ; ; ; ;#ERRO;#ERRO;;0; ;;;;;;#ERRO;#ERRO;#ERRO;#ERRO;;
 ; ; ; ; ; ;#ERRO;#ERRO;;0; ;;;;;;#ERRO;#ERRO;#ERRO;#ERRO;;
 ; ; ; ; ; ;#ERRO;#ERRO;;0; ;;;;;;#ERRO;#ERRO;#ERRO;#ERRO;;
 ; ; ; ; ; ;#ERRO;#ERRO;;0; ;;;;;;#ERRO;#ERRO;#ERRO;#ERRO;;
 ; ; ; ; ; ;#ERRO;#ERRO;;0; ;;;;;;#ERRO;#ERRO;#ERRO;#ERRO;;
 ; ; ; ; ; ;#ERRO;#ERRO;;0; ;;;;;;#ERRO;#ERRO;#ERRO;#ERRO;;
 ; ; ; ; ; ;#ERRO;#ERRO;;0; ;;;;;;#ERRO;#ERRO;#ERRO;#ERRO;;
 ; ; ; ; ; ;#ERRO;#ERRO;;0; ;;;;;;#ERRO;#ERRO;#ERRO;#ERRO;;
 ; ; ; ; ; ;#ERRO;#ERRO;;0; ;;;;;;#ERRO;#ERRO;#ERRO;#ERRO;;
 ; ; ; ; ; ;#ERRO;#ERRO;;0; ;;;;;;#ERRO;#ERRO;#ERRO;#ERRO;;
 ; ; ; ; ; ;#ERRO;#ERRO;;0; ;;;;;;#ERRO;#ERRO;#ERRO;#ERRO;;
 ; ; ; ; ; ;#ERRO;#ERRO;;0; ;;;;;;#ERRO;#ERRO;#ERRO;#ERRO;;
 ; ; ; ; ; ;#ERRO;#ERRO;;0; ;;;;;;#ERRO;#ERRO;#ERRO;#ERRO;;
 ; ; ; ; ; ;#ERRO;#ERRO;;0; ;;;;;;#ERRO;#ERRO;#ERRO;#ERRO;;
 ; ; ; ; ; ;#ERRO;#ERRO;;0; ;;;;;;#ERRO;#ERRO;#ERRO;#ERRO;;
 ; ; ; ; ; ;#ERRO;#ERRO;;0; ;;;;;;#ERRO;#ERRO;#ERRO;#ERRO;;
 ; ; ; ; ; ;#ERRO;#ERRO;;0; ;;;;;;#ERRO;#ERRO;#ERRO;#ERRO;;
 ; ; ; ; ; ;#ERRO;#ERRO;;0; ;;;;;;#ERRO;#ERRO;#ERRO;#ERRO;;
 ; ; ; ; ; ;#ERRO;#ERRO;;0; ;;;;;;#ERRO;#ERRO;#ERRO;#ERRO;;
 ; ; ; ; ; ;#ERRO;#ERRO;;0; ;;;;;;#ERRO;#ERRO;#ERRO;#ERRO;;
 ; ; ; ; ; ;#ERRO;#ERRO;;0; ;;;;;;#ERRO;#ERRO;#ERRO;#ERRO;;
 ; ; ; ; ; ;#ERRO;#ERRO;;0; ;;;;;;#ERRO;#ERRO;#ERRO;#ERRO;;
 ; ; ; ; ; ;#ERRO;#ERRO;;0; ;;;;;;#ERRO;#ERRO;#ERRO;#ERRO;;
 ; ; ; ; ; ;#ERRO;#ERRO;;0; ;;;;;;#ERRO;#ERRO;#ERRO;#ERRO;;
 ; ; ; ; ; ;#ERRO;#ERRO;;0; ;;;;;;#ERRO;#ERRO;#ERRO;#ERRO;;
 ; ; ; ; ; ;#ERRO;#ERRO;;0; ;;;;;;#ERRO;#ERRO;#ERRO;#ERRO;;
 ; ; ; ; ; ;#ERRO;#ERRO;;0; ;;;;;;#ERRO;#ERRO;#ERRO;#ERRO;;
 ; ; ; ; ; ;#ERRO;#ERRO;;0; ;;;;;;#ERRO;#ERRO;#ERRO;#ERRO;;
 ; ; ; ; ; ;#ERRO;#ERRO;;0; ;;;;;;#ERRO;#ERRO;#ERRO;#ERRO;;
 ; ; ; ; ; ;#ERRO;#ERRO;;0; ;;;;;;#ERRO;#ERRO;#ERRO;#ERRO;;
 ; ; ; ; ; ;#ERRO;#ERRO;;0; ;;;;;;#ERRO;#ERRO;#ERRO;#ERRO;;
 ; ; ; ; ; ;#ERRO;#ERRO;;0; ;;;;;;#ERRO;#ERRO;#ERRO;#ERRO;;
 ; ; ; ; ; ;#ERRO;#ERRO;;0; ;;;;;;#ERRO;#ERRO;#ERRO;#ERRO;;
 ; ; ; ; ; ;#ERRO;#ERRO;;0; ;;;;;;#ERRO;#ERRO;#ERRO;#ERRO;;
 ; ; ; ; ; ;#ERRO;#ERRO;;0; ;;;;;;#ERRO;#ERRO;#ERRO;#ERRO;;
 ; ; ; ; ; ;#ERRO;#ERRO;;0; ;;;;;;#ERRO;#ERRO;#ERRO;#ERRO;;
 ; ; ; ; ; ;#ERRO;#ERRO;;0; ;;;;;;#ERRO;#ERRO;#ERRO;#ERRO;;
 ; ; ; ; ; ;#ERRO;#ERRO;;0; ;;;;;;#ERRO;#ERRO;#ERRO;#ERRO;;
 ; ; ; ; ; ;#ERRO;#ERRO;;0; ;;;;;;#ERRO;#ERRO;#ERRO;#ERRO;;
 ; ; ; ; ; ;#ERRO;#ERRO;;0; ;;;;;;#ERRO;#ERRO;#ERRO;#ERRO;;
 ; ; ; ; ; ;#ERRO;#ERRO;;0; ;;;;;;#ERRO;#ERRO;#ERRO;#ERRO;;
 ; ; ; ; ; ;#ERRO;#ERRO;;0; ;;;;;;#ERRO;#ERRO;#ERRO;#ERRO;;
 ; ; ; ; ; ;#ERRO;#ERRO;;0; ;;;;;;#ERRO;#ERRO;#ERRO;#ERRO;;
 ; ; ; ; ; ;#ERRO;#ERRO;;0; ;;;;;;#ERRO;#ERRO;#ERRO;#ERRO;;
 ; ; ; ; ; ;#ERRO;#ERRO;;0; ;;;;;;#ERRO;#ERRO;#ERRO;#ERRO;;
 ; ; ; ; ; ;#ERRO;#ERRO;;0; ;;;;;;#ERRO;#ERRO;#ERRO;#ERRO;;
 ; ; ; ; ; ;#ERRO;#ERRO;;0; ;;;;;;#ERRO;#ERRO;#ERRO;#ERRO;;
 ; ; ; ; ; ;#ERRO;#ERRO;;0; ;;;;;;#ERRO;#ERRO;#ERRO;#ERRO;;
 ; ; ; ; ; ;#ERRO;#ERRO;;0; ;;;;;;#ERRO;#ERRO;#ERRO;#ERRO;;
 ; ; ; ; ; ;#ERRO;#ERRO;;0; ;;;;;;#ERRO;#ERRO;#ERRO;#ERRO;;
 ; ; ; ; ; ;#ERRO;#ERRO;;0; ;;;;;;#ERRO;#ERRO;#ERRO;#ERRO;;
 ; ; ; ; ; ;#ERRO;#ERRO;;0; ;;;;;;#ERRO;#ERRO;#ERRO;#ERRO;;
 ; ; ; ; ; ;#ERRO;#ERRO;;0; ;;;;;;#ERRO;#ERRO;#ERRO;#ERRO;;
 ; ; ; ; ; ;#ERRO;#ERRO;;0; ;;;;;;#ERRO;#ERRO;#ERRO;#ERRO;;
 ; ; ; ; ; ;#ERRO;#ERRO;;0; ;;;;;;#ERRO;#ERRO;#ERRO;#ERRO;;
 ; ; ; ; ; ;#ERRO;#ERRO;;0; ;;;;;;#ERRO;#ERRO;#ERRO;#ERRO;;
 ; ; ; ; ; ;#ERRO;#ERRO;;0; ;;;;;;#ERRO;#ERRO;#ERRO;#ERRO;;
 ; ; ; ; ; ;#ERRO;#ERRO;;0; ;;;;;;#ERRO;#ERRO;#ERRO;#ERRO;;
 ; ; ; ; ; ;#ERRO;#ERRO;;0; ;;;;;;#ERRO;#ERRO;#ERRO;#ERRO;;
 ; ; ; ; ; ;#ERRO;#ERRO;;0; ;;;;;;#ERRO;#ERRO;#ERRO;#ERRO;;
 ; ; ; ; ; ;#ERRO;#ERRO;;0; ;;;;;;#ERRO;#ERRO;#ERRO;#ERRO;;
 ; ; ; ; ; ;#ERRO;#ERRO;;0; ;;;;;;#ERRO;#ERRO;#ERRO;#ERRO;;
 ; ; ; ; ; ;#ERRO;#ERRO;;0; ;;;;;;#ERRO;#ERRO;#ERRO;#ERRO;;
 ; ; ; ; ; ;#ERRO;#ERRO;;0; ;;;;;;#ERRO;#ERRO;#ERRO;#ERRO;;
 ; ; ; ; ; ;#ERRO;#ERRO;;0; ;;;;;;#ERRO;#ERRO;#ERRO;#ERRO;;
 ; ; ; ; ; ;#ERRO;#ERRO;;0; ;;;;;;#ERRO;#ERRO;#ERRO;#ERRO;;
 ; ; ; ; ; ;#ERRO;#ERRO;;0; ;;;;;;#ERRO;#ERRO;#ERRO;#ERRO;;
 ; ; ; ; ; ;#ERRO;#ERRO;;0; ;;;;;;#ERRO;#ERRO;#ERRO;#ERRO;;
 ; ; ; ; ; ;#ERRO;#ERRO;;0; ;;;;;;#ERRO;#ERRO;#ERRO;#ERRO;;
 ; ; ; ; ; ;#ERRO;#ERRO;;0; ;;;;;;#ERRO;#ERRO;#ERRO;#ERRO;;
 ; ; ; ; ; ;#ERRO;#ERRO;;0; ;;;;;;#ERRO;#ERRO;#ERRO;#ERRO;;
 ; ; ; ; ; ;#ERRO;#ERRO;;0; ;;;;;;#ERRO;#ERRO;#ERRO;#ERRO;;
 ; ; ; ; ; ;#ERRO;#ERRO;;0; ;;;;;;#ERRO;#ERRO;#ERRO;#ERRO;;
 ; ; ; ; ; ;#ERRO;#ERRO;;0; ;;;;;;#ERRO;#ERRO;#ERRO;#ERRO;;
 ; ; ; ; ; ;#ERRO;#ERRO;;0; ;;;;;;#ERRO;#ERRO;#ERRO;#ERRO;;
 ; ; ; ; ; ;#ERRO;#ERRO;;0; ;;;;;;#ERRO;#ERRO;#ERRO;#ERRO;;
 ; ; ; ; ; ;#ERRO;#ERRO;;0; ;;;;;;#ERRO;#ERRO;#ERRO;#ERRO;;
 ; ; ; ; ; ;#ERRO;#ERRO;;0; ;;;;;;#ERRO;#ERRO;#ERRO;#ERRO;;
 ; ; ; ; ; ;#ERRO;#ERRO;;0; ;;;;;;#ERRO;#ERRO;#ERRO;#ERRO;;
 ; ; ; ; ; ;#ERRO;#ERRO;;0; ;;;;;;#ERRO;#ERRO;#ERRO;#ERRO;;
 ; ; ; ; ; ;#ERRO;#ERRO;;0; ;;;;;;#ERRO;#ERRO;#ERRO;#ERRO;;
 ; ; ; ; ; ;#ERRO;#ERRO;;0; ;;;;;;#ERRO;#ERRO;#ERRO;#ERRO;;
 ; ; ; ; ; ;#ERRO;#ERRO;;0; ;;;;;;#ERRO;#ERRO;#ERRO;#ERRO;;
 ; ; ; ; ; ;#ERRO;#ERRO;;0; ;;;;;;#ERRO;#ERRO;#ERRO;#ERRO;;
 ; ; ; ; ; ;#ERRO;#ERRO;;0; ;;;;;;#ERRO;#ERRO;#ERRO;#ERRO;;
 ; ; ; ; ; ;#ERRO;#ERRO;;0; ;;;;;;#ERRO;#ERRO;#ERRO;#ERRO;;
 ; ; ; ; ; ;#ERRO;#ERRO;;0; ;;;;;;#ERRO;#ERRO;#ERRO;#ERRO;;
 ; ; ; ; ; ;#ERRO;#ERRO;;0; ;;;;;;#ERRO;#ERRO;#ERRO;#ERRO;;
 ; ; ; ; ; ;#ERRO;#ERRO;;0; ;;;;;;#ERRO;#ERRO;#ERRO;#ERRO;;
 ; ; ; ; ; ;#ERRO;#ERRO;;0; ;;;;;;#ERRO;#ERRO;#ERRO;#ERRO;;
 ; ; ; ; ; ;#ERRO;#ERRO;;0; ;;;;;;#ERRO;#ERRO;#ERRO;#ERRO;;
 ; ; ; ; ; ;#ERRO;#ERRO;;0; ;;;;;;#ERRO;#ERRO;#ERRO;#ERRO;;
 ; ; ; ; ; ;#ERRO;#ERRO;;0; ;;;;;;#ERRO;#ERRO;#ERRO;#ERRO;;
 ; ; ; ; ; ;#ERRO;#ERRO;;0; ;;;;;;#ERRO;#ERRO;#ERRO;#ERRO;;
 ; ; ; ; ; ;#ERRO;#ERRO;;0; ;;;;;;#ERRO;#ERRO;#ERRO;#ERRO;;
 ; ; ; ; ; ;#ERRO;#ERRO;;0; ;;;;;;#ERRO;#ERRO;#ERRO;#ERRO;;
 ; ; ; ; ; ;#ERRO;#ERRO;;0; ;;;;;;#ERRO;#ERRO;#ERRO;#ERRO;;
 ; ; ; ; ; ;#ERRO;#ERRO;;0; ;;;;;;#ERRO;#ERRO;#ERRO;#ERRO;;
 ; ; ; ; ; ;#ERRO;#ERRO;;0; ;;;;;;#ERRO;#ERRO;#ERRO;#ERRO;;
 ; ; ; ; ; ;#ERRO;#ERRO;;0; ;;;;;;#ERRO;#ERRO;#ERRO;#ERRO;;
 ; ; ; ; ; ;#ERRO;#ERRO;;0; ;;;;;;#ERRO;#ERRO;#ERRO;#ERRO;;
 ; ; ; ; ; ;#ERRO;#ERRO;;0; ;;;;;;#ERRO;#ERRO;#ERRO;#ERRO;;
 ; ; ; ; ; ;#ERRO;#ERRO;;0; ;;;;;;#ERRO;#ERRO;#ERRO;#ERRO;;
 ; ; ; ; ; ;#ERRO;#ERRO;;0; ;;;;;;#ERRO;#ERRO;#ERRO;#ERRO;;
 ; ; ; ; ; ;#ERRO;#ERRO;;0; ;;;;;;#ERRO;#ERRO;#ERRO;#ERRO;;
 ; ; ; ; ; ;#ERRO;#ERRO;;0; ;;;;;;#ERRO;#ERRO;#ERRO;#ERRO;;
 ; ; ; ; ; ;#ERRO;#ERRO;;0; ;;;;;;#ERRO;#ERRO;#ERRO;#ERRO;;
 ; ; ; ; ; ;#ERRO;#ERRO;;0; ;;;;;;#ERRO;#ERRO;#ERRO;#ERRO;;
 ; ; ; ; ; ;#ERRO;#ERRO;;0; ;;;;;;#ERRO;#ERRO;#ERRO;#ERRO;;
 ; ; ; ; ; ;#ERRO;#ERRO;;0; ;;;;;;#ERRO;#ERRO;#ERRO;#ERRO;;
 ; ; ; ; ; ;#ERRO;#ERRO;;0; ;;;;;;#ERRO;#ERRO;#ERRO;#ERRO;;
 ; ; ; ; ; ;#ERRO;#ERRO;;0; ;;;;;;#ERRO;#ERRO;#ERRO;#ERRO;;
 ; ; ; ; ; ;#ERRO;#ERRO;;0; ;;;;;;#ERRO;#ERRO;#ERRO;#ERRO;;
 ; ; ; ; ; ;#ERRO;#ERRO;;0; ;;;;;;#ERRO;#ERRO;#ERRO;#ERRO;;
 ; ; ; ; ; ;#ERRO;#ERRO;;0; ;;;;;;#ERRO;#ERRO;#ERRO;#ERRO;;
 ; ; ; ; ; ;#ERRO;#ERRO;;0; ;;;;;;#ERRO;#ERRO;#ERRO;#ERRO;;
 ; ; ; ; ; ;#ERRO;#ERRO;;0; ;;;;;;#ERRO;#ERRO;#ERRO;#ERRO;;
 ; ; ; ; ; ;#ERRO;#ERRO;;0; ;;;;;;#ERRO;#ERRO;#ERRO;#ERRO;;
 ; ; ; ; ; ;#ERRO;#ERRO;;0; ;;;;;;#ERRO;#ERRO;#ERRO;#ERRO;;
 ; ; ; ; ; ;#ERRO;#ERRO;;0; ;;;;;;#ERRO;#ERRO;#ERRO;#ERRO;;
 ; ; ; ; ; ;#ERRO;#ERRO;;0; ;;;;;;#ERRO;#ERRO;#ERRO;#ERRO;;
 ; ; ; ; ; ;#ERRO;#ERRO;;0; ;;;;;;#ERRO;#ERRO;#ERRO;#ERRO;;
 ; ; ; ; ; ;#ERRO;#ERRO;;0; ;;;;;;#ERRO;#ERRO;#ERRO;#ERRO;;
 ; ; ; ; ; ;#ERRO;#ERRO;;0; ;;;;;;#ERRO;#ERRO;#ERRO;#ERRO;;
 ; ; ; ; ; ;#ERRO;#ERRO;;0; ;;;;;;#ERRO;#ERRO;#ERRO;#ERRO;;
 ; ; ; ; ; ;#ERRO;#ERRO;;0; ;;;;;;#ERRO;#ERRO;#ERRO;#ERRO;;
 ; ; ; ; ; ;#ERRO;#ERRO;;0; ;;;;;;#ERRO;#ERRO;#ERRO;#ERRO;;
 ; ; ; ; ; ;#ERRO;#ERRO;;0; ;;;;;;#ERRO;#ERRO;#ERRO;#ERRO;;
 ; ; ; ; ; ;#ERRO;#ERRO;;0; ;;;;;;#ERRO;#ERRO;#ERRO;#ERRO;;
 ; ; ; ; ; ;#ERRO;#ERRO;;0; ;;;;;;#ERRO;#ERRO;#ERRO;#ERRO;;
 ; ; ; ; ; ;#ERRO;#ERRO;;0; ;;;;;;#ERRO;#ERRO;#ERRO;#ERRO;;
 ; ; ; ; ; ;#ERRO;#ERRO;;0; ;;;;;;#ERRO;#ERRO;#ERRO;#ERRO;;
 ; ; ; ; ; ;#ERRO;#ERRO;;0; ;;;;;;#ERRO;#ERRO;#ERRO;#ERRO;;
 ; ; ; ; ; ;#ERRO;#ERRO;;0; ;;;;;;#ERRO;#ERRO;#ERRO;#ERRO;;
 ; ; ; ; ; ;#ERRO;#ERRO;;0; ;;;;;;#ERRO;#ERRO;#ERRO;#ERRO;;
 ; ; ; ; ; ;#ERRO;#ERRO;;0; ;;;;;;#ERRO;#ERRO;#ERRO;#ERRO;;
 ; ; ; ; ; ;#ERRO;#ERRO;;0; ;;;;;;#ERRO;#ERRO;#ERRO;#ERRO;;
 ; ; ; ; ; ;#ERRO;#ERRO;;0; ;;;;;;#ERRO;#ERRO;#ERRO;#ERRO;;
 ; ; ; ; ; ;#ERRO;#ERRO;;0; ;;;;;;#ERRO;#ERRO;#ERRO;#ERRO;;
 ; ; ; ; ; ;#ERRO;#ERRO;;0; ;;;;;;#ERRO;#ERRO;#ERRO;#ERRO;;
 ; ; ; ; ; ;#ERRO;#ERRO;;0; ;;;;;;#ERRO;#ERRO;#ERRO;#ERRO;;
 ; ; ; ; ; ;#ERRO;#ERRO;;0; ;;;;;;#ERRO;#ERRO;#ERRO;#ERRO;;
 ; ; ; ; ; ;#ERRO;#ERRO;;0; ;;;;;;#ERRO;#ERRO;#ERRO;#ERRO;;
 ; ; ; ; ; ;#ERRO;#ERRO;;0; ;;;;;;#ERRO;#ERRO;#ERRO;#ERRO;;
 ; ; ; ; ; ;#ERRO;#ERRO;;0; ;;;;;;#ERRO;#ERRO;#ERRO;#ERRO;;
 ; ; ; ; ; ;#ERRO;#ERRO;;0; ;;;;;;#ERRO;#ERRO;#ERRO;#ERRO;;
 ; ; ; ; ; ;#ERRO;#ERRO;;0; ;;;;;;#ERRO;#ERRO;#ERRO;#ERRO;;
 ; ; ; ; ; ;#ERRO;#ERRO;;0; ;;;;;;#ERRO;#ERRO;#ERRO;#ERRO;;
 ; ; ; ; ; ;#ERRO;#ERRO;;0; ;;;;;;#ERRO;#ERRO;#ERRO;#ERRO;;
 ; ; ; ; ; ;#ERRO;#ERRO;;0; ;;;;;;#ERRO;#ERRO;#ERRO;#ERRO;;
 ; ; ; ; ; ;#ERRO;#ERRO;;0; ;;;;;;#ERRO;#ERRO;#ERRO;#ERRO;;
 ; ; ; ; ; ;#ERRO;#ERRO;;0; ;;;;;;#ERRO;#ERRO;#ERRO;#ERRO;;
 ; ; ; ; ; ;#ERRO;#ERRO;;0; ;;;;;;#ERRO;#ERRO;#ERRO;#ERRO;;
 ; ; ; ; ; ;#ERRO;#ERRO;;0; ;;;;;;#ERRO;#ERRO;#ERRO;#ERRO;;
 ; ; ; ; ; ;#ERRO;#ERRO;;0; ;;;;;;#ERRO;#ERRO;#ERRO;#ERRO;;
 ; ; ; ; ; ;#ERRO;#ERRO;;0; ;;;;;;#ERRO;#ERRO;#ERRO;#ERRO;;
 ; ; ; ; ; ;#ERRO;#ERRO;;0; ;;;;;;#ERRO;#ERRO;#ERRO;#ERRO;;
 ; ; ; ; ; ;#ERRO;#ERRO;;0; ;;;;;;#ERRO;#ERRO;#ERRO;#ERRO;;
 ; ; ; ; ; ;#ERRO;#ERRO;;0; ;;;;;;#ERRO;#ERRO;#ERRO;#ERRO;;
 ; ; ; ; ; ;#ERRO;#ERRO;;0; ;;;;;;#ERRO;#ERRO;#ERRO;#ERRO;;
 ; ; ; ; ; ;#ERRO;#ERRO;;0; ;;;;;;#ERRO;#ERRO;#ERRO;#ERRO;;
 ; ; ; ; ; ;#ERRO;#ERRO;;0; ;;;;;;#ERRO;#ERRO;#ERRO;#ERRO;;
 ; ; ; ; ; ;#ERRO;#ERRO;;0; ;;;;;;#ERRO;#ERRO;#ERRO;#ERRO;;
 ; ; ; ; ; ;#ERRO;#ERRO;;0; ;;;;;;#ERRO;#ERRO;#ERRO;#ERRO;;
 ; ; ; ; ; ;#ERRO;#ERRO;;0; ;;;;;;#ERRO;#ERRO;#ERRO;#ERRO;;
 ; ; ; ; ; ;#ERRO;#ERRO;;0; ;;;;;;#ERRO;#ERRO;#ERRO;#ERRO;;
 ; ; ; ; ; ;#ERRO;#ERRO;;0; ;;;;;;#ERRO;#ERRO;#ERRO;#ERRO;;
 ; ; ; ; ; ;#ERRO;#ERRO;;0; ;;;;;;#ERRO;#ERRO;#ERRO;#ERRO;;
 ; ; ; ; ; ;#ERRO;#ERRO;;0; ;;;;;;#ERRO;#ERRO;#ERRO;#ERRO;;
 ; ; ; ; ; ;#ERRO;#ERRO;;0; ;;;;;;#ERRO;#ERRO;#ERRO;#ERRO;;
 ; ; ; ; ; ;#ERRO;#ERRO;;0; ;;;;;;#ERRO;#ERRO;#ERRO;#ERRO;;
 ; ; ; ; ; ;#ERRO;#ERRO;;0; ;;;;;;#ERRO;#ERRO;#ERRO;#ERRO;;
 ; ; ; ; ; ;#ERRO;#ERRO;;0; ;;;;;;#ERRO;#ERRO;#ERRO;#ERRO;;
 ; ; ; ; ; ;#ERRO;#ERRO;;0; ;;;;;;#ERRO;#ERRO;#ERRO;#ERRO;;
 ; ; ; ; ; ;#ERRO;#ERRO;;0; ;;;;;;#ERRO;#ERRO;#ERRO;#ERRO;;
 ; ; ; ; ; ;#ERRO;#ERRO;;0; ;;;;;;#ERRO;#ERRO;#ERRO;#ERRO;;
 ; ; ; ; ; ;#ERRO;#ERRO;;0; ;;;;;;#ERRO;#ERRO;#ERRO;#ERRO;;
 ; ; ; ; ; ;#ERRO;#ERRO;;0; ;;;;;;#ERRO;#ERRO;#ERRO;#ERRO;;
 ; ; ; ; ; ;#ERRO;#ERRO;;0; ;;;;;;#ERRO;#ERRO;#ERRO;#ERRO;;
 ; ; ; ; ; ;#ERRO;#ERRO;;0; ;;;;;;#ERRO;#ERRO;#ERRO;#ERRO;;
 ; ; ; ; ; ;#ERRO;#ERRO;;0; ;;;;;;#ERRO;#ERRO;#ERRO;#ERRO;;
 ; ; ; ; ; ;#ERRO;#ERRO;;0; ;;;;;;#ERRO;#ERRO;#ERRO;#ERRO;;
 ; ; ; ; ; ;#ERRO;#ERRO;;0; ;;;;;;#ERRO;#ERRO;#ERRO;#ERRO;;
 ; ; ; ; ; ;#ERRO;#ERRO;;0; ;;;;;;#ERRO;#ERRO;#ERRO;#ERRO;;
 ; ; ; ; ; ;#ERRO;#ERRO;;0; ;;;;;;#ERRO;#ERRO;#ERRO;#ERRO;;
 ; ; ; ; ; ;#ERRO;#ERRO;;0; ;;;;;;#ERRO;#ERRO;#ERRO;#ERRO;;
 ; ; ; ; ; ;#ERRO;#ERRO;;0; ;;;;;;#ERRO;#ERRO;#ERRO;#ERRO;;
 ; ; ; ; ; ;#ERRO;#ERRO;;0; ;;;;;;#ERRO;#ERRO;#ERRO;#ERRO;;
 ; ; ; ; ; ;#ERRO;#ERRO;;0; ;;;;;;#ERRO;#ERRO;#ERRO;#ERRO;;
 ; ; ; ; ; ;#ERRO;#ERRO;;0; ;;;;;;#ERRO;#ERRO;#ERRO;#ERRO;;
 ; ; ; ; ; ;#ERRO;#ERRO;;0; ;;;;;;#ERRO;#ERRO;#ERRO;#ERRO;;
 ; ; ; ; ; ;#ERRO;#ERRO;;0; ;;;;;;#ERRO;#ERRO;#ERRO;#ERRO;;
 ; ; ; ; ; ;#ERRO;#ERRO;;0; ;;;;;;#ERRO;#ERRO;#ERRO;#ERRO;;
 ; ; ; ; ; ;#ERRO;#ERRO;;0; ;;;;;;#ERRO;#ERRO;#ERRO;#ERRO;;
 ; ; ; ; ; ;#ERRO;#ERRO;;0; ;;;;;;#ERRO;#ERRO;#ERRO;#ERRO;;
 ; ; ; ; ; ;#ERRO;#ERRO;;0; ;;;;;;#ERRO;#ERRO;#ERRO;#ERRO;;
 ; ; ; ; ; ;#ERRO;#ERRO;;0; ;;;;;;#ERRO;#ERRO;#ERRO;#ERRO;;
 ; ; ; ; ; ;#ERRO;#ERRO;;0; ;;;;;;#ERRO;#ERRO;#ERRO;#ERRO;;
 ; ; ; ; ; ;#ERRO;#ERRO;;0; ;;;;;;#ERRO;#ERRO;#ERRO;#ERRO;;
 ; ; ; ; ; ;#ERRO;#ERRO;;0; ;;;;;;#ERRO;#ERRO;#ERRO;#ERRO;;
 ; ; ; ; ; ;#ERRO;#ERRO;;0; ;;;;;;#ERRO;#ERRO;#ERRO;#ERRO;;
 ; ; ; ; ; ;#ERRO;#ERRO;;0; ;;;;;;#ERRO;#ERRO;#ERRO;#ERRO;;
 ; ; ; ; ; ;#ERRO;#ERRO;;0; ;;;;;;#ERRO;#ERRO;#ERRO;#ERRO;;
 ; ; ; ; ; ;#ERRO;#ERRO;;0; ;;;;;;#ERRO;#ERRO;#ERRO;#ERRO;;
 ; ; ; ; ; ;#ERRO;#ERRO;;0; ;;;;;;#ERRO;#ERRO;#ERRO;#ERRO;;
 ; ; ; ; ; ;#ERRO;#ERRO;;0; ;;;;;;#ERRO;#ERRO;#ERRO;#ERRO;;
 ; ; ; ; ; ;#ERRO;#ERRO;;0; ;;;;;;#ERRO;#ERRO;#ERRO;#ERRO;;
 ; ; ; ; ; ;#ERRO;#ERRO;;0; ;;;;;;#ERRO;#ERRO;#ERRO;#ERRO;;
 ; ; ; ; ; ;#ERRO;#ERRO;;0; ;;;;;;#ERRO;#ERRO;#ERRO;#ERRO;;
 ; ; ; ; ; ;#ERRO;#ERRO;;0; ;;;;;;#ERRO;#ERRO;#ERRO;#ERRO;;
 ; ; ; ; ; ;#ERRO;#ERRO;;0; ;;;;;;#ERRO;#ERRO;#ERRO;#ERRO;;
 ; ; ; ; ; ;#ERRO;#ERRO;;0; ;;;;;;#ERRO;#ERRO;#ERRO;#ERRO;;
 ; ; ; ; ; ;#ERRO;#ERRO;;0; ;;;;;;#ERRO;#ERRO;#ERRO;#ERRO;;
 ; ; ; ; ; ;#ERRO;#ERRO;;0; ;;;;;;#ERRO;#ERRO;#ERRO;#ERRO;;
 ; ; ; ; ; ;#ERRO;#ERRO;;0; ;;;;;;#ERRO;#ERRO;#ERRO;#ERRO;;
 ; ; ; ; ; ;#ERRO;#ERRO;;0; ;;;;;;#ERRO;#ERRO;#ERRO;#ERRO;;
 ; ; ; ; ; ;#ERRO;#ERRO;;0; ;;;;;;#ERRO;#ERRO;#ERRO;#ERRO;;
 ; ; ; ; ; ;#ERRO;#ERRO;;0; ;;;;;;#ERRO;#ERRO;#ERRO;#ERRO;;
 ; ; ; ; ; ;#ERRO;#ERRO;;0; ;;;;;;#ERRO;#ERRO;#ERRO;#ERRO;;
 ; ; ; ; ; ;#ERRO;#ERRO;;0; ;;;;;;#ERRO;#ERRO;#ERRO;#ERRO;;
 ; ; ; ; ; ;#ERRO;#ERRO;;0; ;;;;;;#ERRO;#ERRO;#ERRO;#ERRO;;
 ; ; ; ; ; ;#ERRO;#ERRO;;0; ;;;;;;#ERRO;#ERRO;#ERRO;#ERRO;;
 ; ; ; ; ; ;#ERRO;#ERRO;;0; ;;;;;;#ERRO;#ERRO;#ERRO;#ERRO;;
 ; ; ; ; ; ;#ERRO;#ERRO;;0; ;;;;;;#ERRO;#ERRO;#ERRO;#ERRO;;
 ; ; ; ; ; ;#ERRO;#ERRO;;0; ;;;;;;#ERRO;#ERRO;#ERRO;#ERRO;;
 ; ; ; ; ; ;#ERRO;#ERRO;;0; ;;;;;;#ERRO;#ERRO;#ERRO;#ERRO;;
 ; ; ; ; ; ;#ERRO;#ERRO;;0; ;;;;;;#ERRO;#ERRO;#ERRO;#ERRO;;
 ; ; ; ; ; ;#ERRO;#ERRO;;0; ;;;;;;#ERRO;#ERRO;#ERRO;#ERRO;;
 ; ; ; ; ; ;#ERRO;#ERRO;;0; ;;;;;;#ERRO;#ERRO;#ERRO;#ERRO;;
 ; ; ; ; ; ;#ERRO;#ERRO;;0; ;;;;;;#ERRO;#ERRO;#ERRO;#ERRO;;
 ; ; ; ; ; ;#ERRO;#ERRO;;0; ;;;;;;#ERRO;#ERRO;#ERRO;#ERRO;;
 ; ; ; ; ; ;#ERRO;#ERRO;;0; ;;;;;;#ERRO;#ERRO;#ERRO;#ERRO;;
 ; ; ; ; ; ;#ERRO;#ERRO;;0; ;;;;;;#ERRO;#ERRO;#ERRO;#ERRO;;
 ; ; ; ; ; ;#ERRO;#ERRO;;0; ;;;;;;#ERRO;#ERRO;#ERRO;#ERRO;;
 ; ; ; ; ; ;#ERRO;#ERRO;;0; ;;;;;;#ERRO;#ERRO;#ERRO;#ERRO;;
 ; ; ; ; ; ;#ERRO;#ERRO;;0; ;;;;;;#ERRO;#ERRO;#ERRO;#ERRO;;
 ; ; ; ; ; ;#ERRO;#ERRO;;0; ;;;;;;#ERRO;#ERRO;#ERRO;#ERRO;;
 ; ; ; ; ; ;#ERRO;#ERRO;;0; ;;;;;;#ERRO;#ERRO;#ERRO;#ERRO;;
 ; ; ; ; ; ;#ERRO;#ERRO;;0; ;;;;;;#ERRO;#ERRO;#ERRO;#ERRO;;
 ; ; ; ; ; ;#ERRO;#ERRO;;0; ;;;;;;#ERRO;#ERRO;#ERRO;#ERRO;;
 ; ; ; ; ; ;#ERRO;#ERRO;;0; ;;;;;;#ERRO;#ERRO;#ERRO;#ERRO;;
 ; ; ; ; ; ;#ERRO;#ERRO;;0; ;;;;;;#ERRO;#ERRO;#ERRO;#ERRO;;
 ; ; ; ; ; ;#ERRO;#ERRO;;0; ;;;;;;#ERRO;#ERRO;#ERRO;#ERRO;;
 ; ; ; ; ; ;#ERRO;#ERRO;;0; ;;;;;;#ERRO;#ERRO;#ERRO;#ERRO;;
 ; ; ; ; ; ;#ERRO;#ERRO;;0; ;;;;;;#ERRO;#ERRO;#ERRO;#ERRO;;
 ; ; ; ; ; ;#ERRO;#ERRO;;0; ;;;;;;#ERRO;#ERRO;#ERRO;#ERRO;;
 ; ; ; ; ; ;#ERRO;#ERRO;;0; ;;;;;;#ERRO;#ERRO;#ERRO;#ERRO;;
 ; ; ; ; ; ;#ERRO;#ERRO;;0; ;;;;;;#ERRO;#ERRO;#ERRO;#ERRO;;
 ; ; ; ; ; ;#ERRO;#ERRO;;0; ;;;;;;#ERRO;#ERRO;#ERRO;#ERRO;;
 ; ; ; ; ; ;#ERRO;#ERRO;;0; ;;;;;;#ERRO;#ERRO;#ERRO;#ERRO;;
 ; ; ; ; ; ;#ERRO;#ERRO;;0; ;;;;;;#ERRO;#ERRO;#ERRO;#ERRO;;
 ; ; ; ; ; ;#ERRO;#ERRO;;0; ;;;;;;#ERRO;#ERRO;#ERRO;#ERRO;;
 ; ; ; ; ; ;#ERRO;#ERRO;;0; ;;;;;;#ERRO;#ERRO;#ERRO;#ERRO;;
 ; ; ; ; ; ;#ERRO;#ERRO;;0; ;;;;;;#ERRO;#ERRO;#ERRO;#ERRO;;
 ; ; ; ; ; ;#ERRO;#ERRO;;0; ;;;;;;#ERRO;#ERRO;#ERRO;#ERRO;;
 ; ; ; ; ; ;#ERRO;#ERRO;;0; ;;;;;;#ERRO;#ERRO;#ERRO;#ERRO;;
 ; ; ; ; ; ;#ERRO;#ERRO;;0; ;;;;;;#ERRO;#ERRO;#ERRO;#ERRO;;
 ; ; ; ; ; ;#ERRO;#ERRO;;0; ;;;;;;#ERRO;#ERRO;#ERRO;#ERRO;;
 ; ; ; ; ; ;#ERRO;#ERRO;;0; ;;;;;;#ERRO;#ERRO;#ERRO;#ERRO;;
 ; ; ; ; ; ;#ERRO;#ERRO;;0; ;;;;;;#ERRO;#ERRO;#ERRO;#ERRO;;
 ; ; ; ; ; ;#ERRO;#ERRO;;0; ;;;;;;#ERRO;#ERRO;#ERRO;#ERRO;;
 ; ; ; ; ; ;#ERRO;#ERRO;;0; ;;;;;;#ERRO;#ERRO;#ERRO;#ERRO;;
 ; ; ; ; ; ;#ERRO;#ERRO;;0; ;;;;;;#ERRO;#ERRO;#ERRO;#ERRO;;
 ; ; ; ; ; ;#ERRO;#ERRO;;0; ;;;;;;#ERRO;#ERRO;#ERRO;#ERRO;;
 ; ; ; ; ; ;#ERRO;#ERRO;;0; ;;;;;;#ERRO;#ERRO;#ERRO;#ERRO;;
 ; ; ; ; ; ;#ERRO;#ERRO;;0; ;;;;;;#ERRO;#ERRO;#ERRO;#ERRO;;
 ; ; ; ; ; ;#ERRO;#ERRO;;0; ;;;;;;#ERRO;#ERRO;#ERRO;#ERRO;;
 ; ; ; ; ; ;#ERRO;#ERRO;;0; ;;;;;;#ERRO;#ERRO;#ERRO;#ERRO;;
 ; ; ; ; ; ;#ERRO;#ERRO;;0; ;;;;;;#ERRO;#ERRO;#ERRO;#ERRO;;
 ; ; ; ; ; ;#ERRO;#ERRO;;0; ;;;;;;#ERRO;#ERRO;#ERRO;#ERRO;;
 ; ; ; ; ; ;#ERRO;#ERRO;;0; ;;;;;;#ERRO;#ERRO;#ERRO;#ERRO;;
 ; ; ; ; ; ;#ERRO;#ERRO;;0; ;;;;;;#ERRO;#ERRO;#ERRO;#ERRO;;
 ; ; ; ; ; ;#ERRO;#ERRO;;0; ;;;;;;#ERRO;#ERRO;#ERRO;#ERRO;;
 ; ; ; ; ; ;#ERRO;#ERRO;;0; ;;;;;;#ERRO;#ERRO;#ERRO;#ERRO;;
 ; ; ; ; ; ;#ERRO;#ERRO;;0; ;;;;;;#ERRO;#ERRO;#ERRO;#ERRO;;
 ; ; ; ; ; ;#ERRO;#ERRO;;0; ;;;;;;#ERRO;#ERRO;#ERRO;#ERRO;;
 ; ; ; ; ; ;#ERRO;#ERRO;;0; ;;;;;;#ERRO;#ERRO;#ERRO;#ERRO;;
 ; ; ; ; ; ;#ERRO;#ERRO;;0; ;;;;;;#ERRO;#ERRO;#ERRO;#ERRO;;
 ; ; ; ; ; ;#ERRO;#ERRO;;0; ;;;;;;#ERRO;#ERRO;#ERRO;#ERRO;;
 ; ; ; ; ; ;#ERRO;#ERRO;;0; ;;;;;;#ERRO;#ERRO;#ERRO;#ERRO;;
 ; ; ; ; ; ;#ERRO;#ERRO;;0; ;;;;;;#ERRO;#ERRO;#ERRO;#ERRO;;
 ; ; ; ; ; ;#ERRO;#ERRO;;0; ;;;;;;#ERRO;#ERRO;#ERRO;#ERRO;;
 ; ; ; ; ; ;#ERRO;#ERRO;;0; ;;;;;;#ERRO;#ERRO;#ERRO;#ERRO;;
 ; ; ; ; ; ;#ERRO;#ERRO;;0; ;;;;;;#ERRO;#ERRO;#ERRO;#ERRO;;
 ; ; ; ; ; ;#ERRO;#ERRO;;0; ;;;;;;#ERRO;#ERRO;#ERRO;#ERRO;;
 ; ; ; ; ; ;#ERRO;#ERRO;;0; ;;;;;;#ERRO;#ERRO;#ERRO;#ERRO;;
 ; ; ; ; ; ;#ERRO;#ERRO;;0; ;;;;;;#ERRO;#ERRO;#ERRO;#ERRO;;
 ; ; ; ; ; ;#ERRO;#ERRO;;0; ;;;;;;#ERRO;#ERRO;#ERRO;#ERRO;;
 ; ; ; ; ; ;#ERRO;#ERRO;;0; ;;;;;;#ERRO;#ERRO;#ERRO;#ERRO;;
 ; ; ; ; ; ;#ERRO;#ERRO;;0; ;;;;;;#ERRO;#ERRO;#ERRO;#ERRO;;
 ; ; ; ; ; ;#ERRO;#ERRO;;0; ;;;;;;#ERRO;#ERRO;#ERRO;#ERRO;;
 ; ; ; ; ; ;#ERRO;#ERRO;;0; ;;;;;;#ERRO;#ERRO;#ERRO;#ERRO;;
 ; ; ; ; ; ;#ERRO;#ERRO;;0; ;;;;;;#ERRO;#ERRO;#ERRO;#ERRO;;
 ; ; ; ; ; ;#ERRO;#ERRO;;0; ;;;;;;#ERRO;#ERRO;#ERRO;#ERRO;;
 ; ; ; ; ; ;#ERRO;#ERRO;;0; ;;;;;;#ERRO;#ERRO;#ERRO;#ERRO;;
 ; ; ; ; ; ;#ERRO;#ERRO;;0; ;;;;;;#ERRO;#ERRO;#ERRO;#ERRO;;
 ; ; ; ; ; ;#ERRO;#ERRO;;0; ;;;;;;#ERRO;#ERRO;#ERRO;#ERRO;;
 ; ; ; ; ; ;#ERRO;#ERRO;;0; ;;;;;;#ERRO;#ERRO;#ERRO;#ERRO;;
 ; ; ; ; ; ;#ERRO;#ERRO;;0; ;;;;;;#ERRO;#ERRO;#ERRO;#ERRO;;
 ; ; ; ; ; ;#ERRO;#ERRO;;0; ;;;;;;#ERRO;#ERRO;#ERRO;#ERRO;;
 ; ; ; ; ; ;#ERRO;#ERRO;;0; ;;;;;;#ERRO;#ERRO;#ERRO;#ERRO;;
 ; ; ; ; ; ;#ERRO;#ERRO;;0; ;;;;;;#ERRO;#ERRO;#ERRO;#ERRO;;
 ; ; ; ; ; ;#ERRO;#ERRO;;0; ;;;;;;#ERRO;#ERRO;#ERRO;#ERRO;;
 ; ; ; ; ; ;#ERRO;#ERRO;;0; ;;;;;;#ERRO;#ERRO;#ERRO;#ERRO;;
 ; ; ; ; ; ;#ERRO;#ERRO;;0; ;;;;;;#ERRO;#ERRO;#ERRO;#ERRO;;
 ; ; ; ; ; ;#ERRO;#ERRO;;0; ;;;;;;#ERRO;#ERRO;#ERRO;#ERRO;;
 ; ; ; ; ; ;#ERRO;#ERRO;;0; ;;;;;;#ERRO;#ERRO;#ERRO;#ERRO;;
 ; ; ; ; ; ;#ERRO;#ERRO;;0; ;;;;;;#ERRO;#ERRO;#ERRO;#ERRO;;
 ; ; ; ; ; ;#ERRO;#ERRO;;0; ;;;;;;#ERRO;#ERRO;#ERRO;#ERRO;;
 ; ; ; ; ; ;#ERRO;#ERRO;;0; ;;;;;;#ERRO;#ERRO;#ERRO;#ERRO;;
 ; ; ; ; ; ;#ERRO;#ERRO;;0; ;;;;;;#ERRO;#ERRO;#ERRO;#ERRO;;
 ; ; ; ; ; ;#ERRO;#ERRO;;0; ;;;;;;#ERRO;#ERRO;#ERRO;#ERRO;;
 ; ; ; ; ; ;#ERRO;#ERRO;;0; ;;;;;;#ERRO;#ERRO;#ERRO;#ERRO;;
 ; ; ; ; ; ;#ERRO;#ERRO;;0; ;;;;;;#ERRO;#ERRO;#ERRO;#ERRO;;
 ; ; ; ; ; ;#ERRO;#ERRO;;0; ;;;;;;#ERRO;#ERRO;#ERRO;#ERRO;;
 ; ; ; ; ; ;#ERRO;#ERRO;;0; ;;;;;;#ERRO;#ERRO;#ERRO;#ERRO;;
 ; ; ; ; ; ;#ERRO;#ERRO;;0; ;;;;;;#ERRO;#ERRO;#ERRO;#ERRO;;
 ; ; ; ; ; ;#ERRO;#ERRO;;0; ;;;;;;#ERRO;#ERRO;#ERRO;#ERRO;;
 ; ; ; ; ; ;#ERRO;#ERRO;;0; ;;;;;;#ERRO;#ERRO;#ERRO;#ERRO;;
 ; ; ; ; ; ;#ERRO;#ERRO;;0; ;;;;;;#ERRO;#ERRO;#ERRO;#ERRO;;
 ; ; ; ; ; ;#ERRO;#ERRO;;0; ;;;;;;#ERRO;#ERRO;#ERRO;#ERRO;;
 ; ; ; ; ; ;#ERRO;#ERRO;;0; ;;;;;;#ERRO;#ERRO;#ERRO;#ERRO;;
 ; ; ; ; ; ;#ERRO;#ERRO;;0; ;;;;;;#ERRO;#ERRO;#ERRO;#ERRO;;
 ; ; ; ; ; ;#ERRO;#ERRO;;0; ;;;;;;#ERRO;#ERRO;#ERRO;#ERRO;;
 ; ; ; ; ; ;#ERRO;#ERRO;;0; ;;;;;;#ERRO;#ERRO;#ERRO;#ERRO;;
 ; ; ; ; ; ;#ERRO;#ERRO;;0; ;;;;;;#ERRO;#ERRO;#ERRO;#ERRO;;
 ; ; ; ; ; ;#ERRO;#ERRO;;0; ;;;;;;#ERRO;#ERRO;#ERRO;#ERRO;;
 ; ; ; ; ; ;#ERRO;#ERRO;;0; ;;;;;;#ERRO;#ERRO;#ERRO;#ERRO;;
 ; ; ; ; ; ;#ERRO;#ERRO;;0; ;;;;;;#ERRO;#ERRO;#ERRO;#ERRO;;
 ; ; ; ; ; ;#ERRO;#ERRO;;0; ;;;;;;#ERRO;#ERRO;#ERRO;#ERRO;;
 ; ; ; ; ; ;#ERRO;#ERRO;;0; ;;;;;;#ERRO;#ERRO;#ERRO;#ERRO;;
 ; ; ; ; ; ;#ERRO;#ERRO;;0; ;;;;;;#ERRO;#ERRO;#ERRO;#ERRO;;
 ; ; ; ; ; ;#ERRO;#ERRO;;0; ;;;;;;#ERRO;#ERRO;#ERRO;#ERRO;;
 ; ; ; ; ; ;#ERRO;#ERRO;;0; ;;;;;;#ERRO;#ERRO;#ERRO;#ERRO;;
 ; ; ; ; ; ;#ERRO;#ERRO;;0; ;;;;;;#ERRO;#ERRO;#ERRO;#ERRO;;
 ; ; ; ; ; ;#ERRO;#ERRO;;0; ;;;;;;#ERRO;#ERRO;#ERRO;#ERRO;;
 ; ; ; ; ; ;#ERRO;#ERRO;;0; ;;;;;;#ERRO;#ERRO;#ERRO;#ERRO;;
 ; ; ; ; ; ;#ERRO;#ERRO;;0; ;;;;;;#ERRO;#ERRO;#ERRO;#ERRO;;
 ; ; ; ; ; ;#ERRO;#ERRO;;0; ;;;;;;#ERRO;#ERRO;#ERRO;#ERRO;;
 ; ; ; ; ; ;#ERRO;#ERRO;;0; ;;;;;;#ERRO;#ERRO;#ERRO;#ERRO;;
 ; ; ; ; ; ;#ERRO;#ERRO;;0; ;;;;;;#ERRO;#ERRO;#ERRO;#ERRO;;
 ; ; ; ; ; ;#ERRO;#ERRO;;0; ;;;;;;#ERRO;#ERRO;#ERRO;#ERRO;;
 ; ; ; ; ; ;#ERRO;#ERRO;;0; ;;;;;;#ERRO;#ERRO;#ERRO;#ERRO;;
 ; ; ; ; ; ;#ERRO;#ERRO;;0; ;;;;;;#ERRO;#ERRO;#ERRO;#ERRO;;
 ; ; ; ; ; ;#ERRO;#ERRO;;0; ;;;;;;#ERRO;#ERRO;#ERRO;#ERRO;;
 ; ; ; ; ; ;#ERRO;#ERRO;;0; ;;;;;;#ERRO;#ERRO;#ERRO;#ERRO;;
 ; ; ; ; ; ;#ERRO;#ERRO;;0; ;;;;;;#ERRO;#ERRO;#ERRO;#ERRO;;
 ; ; ; ; ; ;#ERRO;#ERRO;;0; ;;;;;;#ERRO;#ERRO;#ERRO;#ERRO;;
 ; ; ; ; ; ;#ERRO;#ERRO;;0; ;;;;;;#ERRO;#ERRO;#ERRO;#ERRO;;
 ; ; ; ; ; ;#ERRO;#ERRO;;0; ;;;;;;#ERRO;#ERRO;#ERRO;#ERRO;;
 ; ; ; ; ; ;#ERRO;#ERRO;;0; ;;;;;;#ERRO;#ERRO;#ERRO;#ERRO;;
 ; ; ; ; ; ;#ERRO;#ERRO;;0; ;;;;;;#ERRO;#ERRO;#ERRO;#ERRO;;
 ; ; ; ; ; ;#ERRO;#ERRO;;0; ;;;;;;#ERRO;#ERRO;#ERRO;#ERRO;;
 ; ; ; ; ; ;#ERRO;#ERRO;;0; ;;;;;;#ERRO;#ERRO;#ERRO;#ERRO;;
 ; ; ; ; ; ;#ERRO;#ERRO;;0; ;;;;;;#ERRO;#ERRO;#ERRO;#ERRO;;
 ; ; ; ; ; ;#ERRO;#ERRO;;0; ;;;;;;#ERRO;#ERRO;#ERRO;#ERRO;;
 ; ; ; ; ; ;#ERRO;#ERRO;;0; ;;;;;;#ERRO;#ERRO;#ERRO;#ERRO;;
 ; ; ; ; ; ;#ERRO;#ERRO;;0; ;;;;;;#ERRO;#ERRO;#ERRO;#ERRO;;
 ; ; ; ; ; ;#ERRO;#ERRO;;0; ;;;;;;#ERRO;#ERRO;#ERRO;#ERRO;;
 ; ; ; ; ; ;#ERRO;#ERRO;;0; ;;;;;;#ERRO;#ERRO;#ERRO;#ERRO;;
 ; ; ; ; ; ;#ERRO;#ERRO;;0; ;;;;;;#ERRO;#ERRO;#ERRO;#ERRO;;
 ; ; ; ; ; ;#ERRO;#ERRO;;0; ;;;;;;#ERRO;#ERRO;#ERRO;#ERRO;;
 ; ; ; ; ; ;#ERRO;#ERRO;;0; ;;;;;;#ERRO;#ERRO;#ERRO;#ERRO;;
 ; ; ; ; ; ;#ERRO;#ERRO;;0; ;;;;;;#ERRO;#ERRO;#ERRO;#ERRO;;
 ; ; ; ; ; ;#ERRO;#ERRO;;0; ;;;;;;#ERRO;#ERRO;#ERRO;#ERRO;;
 ; ; ; ; ; ;#ERRO;#ERRO;;0; ;;;;;;#ERRO;#ERRO;#ERRO;#ERRO;;
 ; ; ; ; ; ;#ERRO;#ERRO;;0; ;;;;;;#ERRO;#ERRO;#ERRO;#ERRO;;
 ; ; ; ; ; ;#ERRO;#ERRO;;0; ;;;;;;#ERRO;#ERRO;#ERRO;#ERRO;;
 ; ; ; ; ; ;#ERRO;#ERRO;;0; ;;;;;;#ERRO;#ERRO;#ERRO;#ERRO;;
 ; ; ; ; ; ;#ERRO;#ERRO;;0; ;;;;;;#ERRO;#ERRO;#ERRO;#ERRO;;
 ; ; ; ; ; ;#ERRO;#ERRO;;0; ;;;;;;#ERRO;#ERRO;#ERRO;#ERRO;;
 ; ; ; ; ; ;#ERRO;#ERRO;;0; ;;;;;;#ERRO;#ERRO;#ERRO;#ERRO;;
 ; ; ; ; ; ;#ERRO;#ERRO;;0; ;;;;;;#ERRO;#ERRO;#ERRO;#ERRO;;
 ; ; ; ; ; ;#ERRO;#ERRO;;0; ;;;;;;#ERRO;#ERRO;#ERRO;#ERRO;;
 ; ; ; ; ; ;#ERRO;#ERRO;;0; ;;;;;;#ERRO;#ERRO;#ERRO;#ERRO;;
 ; ; ; ; ; ;#ERRO;#ERRO;;0; ;;;;;;#ERRO;#ERRO;#ERRO;#ERRO;;
 ; ; ; ; ; ;#ERRO;#ERRO;;0; ;;;;;;#ERRO;#ERRO;#ERRO;#ERRO;;
 ; ; ; ; ; ;#ERRO;#ERRO;;0; ;;;;;;#ERRO;#ERRO;#ERRO;#ERRO;;
 ; ; ; ; ; ;#ERRO;#ERRO;;0; ;;;;;;#ERRO;#ERRO;#ERRO;#ERRO;;
 ; ; ; ; ; ;#ERRO;#ERRO;;0; ;;;;;;#ERRO;#ERRO;#ERRO;#ERRO;;
 ; ; ; ; ; ;#ERRO;#ERRO;;0; ;;;;;;#ERRO;#ERRO;#ERRO;#ERRO;;
 ; ; ; ; ; ;#ERRO;#ERRO;;0; ;;;;;;#ERRO;#ERRO;#ERRO;#ERRO;;
 ; ; ; ; ; ;#ERRO;#ERRO;;0; ;;;;;;#ERRO;#ERRO;#ERRO;#ERRO;;
 ; ; ; ; ; ;#ERRO;#ERRO;;0; ;;;;;;#ERRO;#ERRO;#ERRO;#ERRO;;
 ; ; ; ; ; ;#ERRO;#ERRO;;0; ;;;;;;#ERRO;#ERRO;#ERRO;#ERRO;;
 ; ; ; ; ; ;#ERRO;#ERRO;;0; ;;;;;;#ERRO;#ERRO;#ERRO;#ERRO;;
 ; ; ; ; ; ;#ERRO;#ERRO;;0; ;;;;;;#ERRO;#ERRO;#ERRO;#ERRO;;
 ; ; ; ; ; ;#ERRO;#ERRO;;0; ;;;;;;#ERRO;#ERRO;#ERRO;#ERRO;;
 ; ; ; ; ; ;#ERRO;#ERRO;;0; ;;;;;;#ERRO;#ERRO;#ERRO;#ERRO;;
 ; ; ; ; ; ;#ERRO;#ERRO;;0; ;;;;;;#ERRO;#ERRO;#ERRO;#ERRO;;
 ; ; ; ; ; ;#ERRO;#ERRO;;0; ;;;;;;#ERRO;#ERRO;#ERRO;#ERRO;;
 ; ; ; ; ; ;#ERRO;#ERRO;;0; ;;;;;;#ERRO;#ERRO;#ERRO;#ERRO;;
 ; ; ; ; ; ;#ERRO;#ERRO;;0; ;;;;;;#ERRO;#ERRO;#ERRO;#ERRO;;
 ; ; ; ; ; ;#ERRO;#ERRO;;0; ;;;;;;#ERRO;#ERRO;#ERRO;#ERRO;;
 ; ; ; ; ; ;#ERRO;#ERRO;;0; ;;;;;;#ERRO;#ERRO;#ERRO;#ERRO;;
 ; ; ; ; ; ;#ERRO;#ERRO;;0; ;;;;;;#ERRO;#ERRO;#ERRO;#ERRO;;
 ; ; ; ; ; ;#ERRO;#ERRO;;0; ;;;;;;#ERRO;#ERRO;#ERRO;#ERRO;;
 ; ; ; ; ; ;#ERRO;#ERRO;;0; ;;;;;;#ERRO;#ERRO;#ERRO;#ERRO;;
 ; ; ; ; ; ;#ERRO;#ERRO;;0; ;;;;;;#ERRO;#ERRO;#ERRO;#ERRO;;
 ; ; ; ; ; ;#ERRO;#ERRO;;0; ;;;;;;#ERRO;#ERRO;#ERRO;#ERRO;;
 ; ; ; ; ; ;#ERRO;#ERRO;;0; ;;;;;;#ERRO;#ERRO;#ERRO;#ERRO;;
 ; ; ; ; ; ;#ERRO;#ERRO;;0; ;;;;;;#ERRO;#ERRO;#ERRO;#ERRO;;
 ; ; ; ; ; ;#ERRO;#ERRO;;0; ;;;;;;#ERRO;#ERRO;#ERRO;#ERRO;;
 ; ; ; ; ; ;#ERRO;#ERRO;;0; ;;;;;;#ERRO;#ERRO;#ERRO;#ERRO;;
 ; ; ; ; ; ;#ERRO;#ERRO;;0; ;;;;;;#ERRO;#ERRO;#ERRO;#ERRO;;
 ; ; ; ; ; ;#ERRO;#ERRO;;0; ;;;;;;#ERRO;#ERRO;#ERRO;#ERRO;;
 ; ; ; ; ; ;#ERRO;#ERRO;;0; ;;;;;;#ERRO;#ERRO;#ERRO;#ERRO;;
 ; ; ; ; ; ;#ERRO;#ERRO;;0; ;;;;;;#ERRO;#ERRO;#ERRO;#ERRO;;
 ; ; ; ; ; ;#ERRO;#ERRO;;0; ;;;;;;#ERRO;#ERRO;#ERRO;#ERRO;;
 ; ; ; ; ; ;#ERRO;#ERRO;;0; ;;;;;;#ERRO;#ERRO;#ERRO;#ERRO;;
 ; ; ; ; ; ;#ERRO;#ERRO;;0; ;;;;;;#ERRO;#ERRO;#ERRO;#ERRO;;
 ; ; ; ; ; ;#ERRO;#ERRO;;0; ;;;;;;#ERRO;#ERRO;#ERRO;#ERRO;;
 ; ; ; ; ; ;#ERRO;#ERRO;;0; ;;;;;;#ERRO;#ERRO;#ERRO;#ERRO;;
 ; ; ; ; ; ;#ERRO;#ERRO;;0; ;;;;;;#ERRO;#ERRO;#ERRO;#ERRO;;
 ; ; ; ; ; ;#ERRO;#ERRO;;0; ;;;;;;#ERRO;#ERRO;#ERRO;#ERRO;;
 ; ; ; ; ; ;#ERRO;#ERRO;;0; ;;;;;;#ERRO;#ERRO;#ERRO;#ERRO;;
 ; ; ; ; ; ;#ERRO;#ERRO;;0; ;;;;;;#ERRO;#ERRO;#ERRO;#ERRO;;
 ; ; ; ; ; ;#ERRO;#ERRO;;0; ;;;;;;#ERRO;#ERRO;#ERRO;#ERRO;;
 ; ; ; ; ; ;#ERRO;#ERRO;;0; ;;;;;;#ERRO;#ERRO;#ERRO;#ERRO;;
 ; ; ; ; ; ;#ERRO;#ERRO;;0; ;;;;;;#ERRO;#ERRO;#ERRO;#ERRO;;
 ; ; ; ; ; ;#ERRO;#ERRO;;0; ;;;;;;#ERRO;#ERRO;#ERRO;#ERRO;;
 ; ; ; ; ; ;#ERRO;#ERRO;;0; ;;;;;;#ERRO;#ERRO;#ERRO;#ERRO;;
 ; ; ; ; ; ;#ERRO;#ERRO;;0; ;;;;;;#ERRO;#ERRO;#ERRO;#ERRO;;
 ; ; ; ; ; ;#ERRO;#ERRO;;0; ;;;;;;#ERRO;#ERRO;#ERRO;#ERRO;;
 ; ; ; ; ; ;#ERRO;#ERRO;;0; ;;;;;;#ERRO;#ERRO;#ERRO;#ERRO;;
 ; ; ; ; ; ;#ERRO;#ERRO;;0; ;;;;;;#ERRO;#ERRO;#ERRO;#ERRO;;
 ; ; ; ; ; ;#ERRO;#ERRO;;0; ;;;;;;#ERRO;#ERRO;#ERRO;#ERRO;;
 ; ; ; ; ; ;#ERRO;#ERRO;;0; ;;;;;;#ERRO;#ERRO;#ERRO;#ERRO;;
 ; ; ; ; ; ;#ERRO;#ERRO;;0; ;;;;;;#ERRO;#ERRO;#ERRO;#ERRO;;
 ; ; ; ; ; ;#ERRO;#ERRO;;0; ;;;;;;#ERRO;#ERRO;#ERRO;#ERRO;;
 ; ; ; ; ; ;#ERRO;#ERRO;;0; ;;;;;;#ERRO;#ERRO;#ERRO;#ERRO;;
 ; ; ; ; ; ;#ERRO;#ERRO;;0; ;;;;;;#ERRO;#ERRO;#ERRO;#ERRO;;
 ; ; ; ; ; ;#ERRO;#ERRO;;0; ;;;;;;#ERRO;#ERRO;#ERRO;#ERRO;;
 ; ; ; ; ; ;#ERRO;#ERRO;;0; ;;;;;;#ERRO;#ERRO;#ERRO;#ERRO;;
 ; ; ; ; ; ;#ERRO;#ERRO;;0; ;;;;;;#ERRO;#ERRO;#ERRO;#ERRO;;
 ; ; ; ; ; ;#ERRO;#ERRO;;0; ;;;;;;#ERRO;#ERRO;#ERRO;#ERRO;;
 ; ; ; ; ; ;#ERRO;#ERRO;;0; ;;;;;;#ERRO;#ERRO;#ERRO;#ERRO;;
 ; ; ; ; ; ;#ERRO;#ERRO;;0; ;;;;;;#ERRO;#ERRO;#ERRO;#ERRO;;
 ; ; ; ; ; ;#ERRO;#ERRO;;0; ;;;;;;#ERRO;#ERRO;#ERRO;#ERRO;;
 ; ; ; ; ; ;#ERRO;#ERRO;;0; ;;;;;;#ERRO;#ERRO;#ERRO;#ERRO;;
 ; ; ; ; ; ;#ERRO;#ERRO;;0; ;;;;;;#ERRO;#ERRO;#ERRO;#ERRO;;
 ; ; ; ; ; ;#ERRO;#ERRO;;0; ;;;;;;#ERRO;#ERRO;#ERRO;#ERRO;;
 ; ; ; ; ; ;#ERRO;#ERRO;;0; ;;;;;;#ERRO;#ERRO;#ERRO;#ERRO;;
 ; ; ; ; ; ;#ERRO;#ERRO;;0; ;;;;;;#ERRO;#ERRO;#ERRO;#ERRO;;
 ; ; ; ; ; ;#ERRO;#ERRO;;0; ;;;;;;#ERRO;#ERRO;#ERRO;#ERRO;;
 ; ; ; ; ; ;#ERRO;#ERRO;;0; ;;;;;;#ERRO;#ERRO;#ERRO;#ERRO;;
 ; ; ; ; ; ;#ERRO;#ERRO;;0; ;;;;;;#ERRO;#ERRO;#ERRO;#ERRO;;
 ; ; ; ; ; ;#ERRO;#ERRO;;0; ;;;;;;#ERRO;#ERRO;#ERRO;#ERRO;;
 ; ; ; ; ; ;#ERRO;#ERRO;;0; ;;;;;;#ERRO;#ERRO;#ERRO;#ERRO;;
 ; ; ; ; ; ;#ERRO;#ERRO;;0; ;;;;;;#ERRO;#ERRO;#ERRO;#ERRO;;
 ; ; ; ; ; ;#ERRO;#ERRO;;0; ;;;;;;#ERRO;#ERRO;#ERRO;#ERRO;;
 ; ; ; ; ; ;#ERRO;#ERRO;;0; ;;;;;;#ERRO;#ERRO;#ERRO;#ERRO;;
 ; ; ; ; ; ;#ERRO;#ERRO;;0; ;;;;;;#ERRO;#ERRO;#ERRO;#ERRO;;
 ; ; ; ; ; ;#ERRO;#ERRO;;0; ;;;;;;#ERRO;#ERRO;#ERRO;#ERRO;;
 ; ; ; ; ; ;#ERRO;#ERRO;;0; ;;;;;;#ERRO;#ERRO;#ERRO;#ERRO;;
 ; ; ; ; ; ;#ERRO;#ERRO;;0; ;;;;;;#ERRO;#ERRO;#ERRO;#ERRO;;
 ; ; ; ; ; ;#ERRO;#ERRO;;0; ;;;;;;#ERRO;#ERRO;#ERRO;#ERRO;;
 ; ; ; ; ; ;#ERRO;#ERRO;;0; ;;;;;;#ERRO;#ERRO;#ERRO;#ERRO;;
 ; ; ; ; ; ;#ERRO;#ERRO;;0; ;;;;;;#ERRO;#ERRO;#ERRO;#ERRO;;
 ; ; ; ; ; ;#ERRO;#ERRO;;0; ;;;;;;#ERRO;#ERRO;#ERRO;#ERRO;;
 ; ; ; ; ; ;#ERRO;#ERRO;;0; ;;;;;;#ERRO;#ERRO;#ERRO;#ERRO;;
 ; ; ; ; ; ;#ERRO;#ERRO;;0; ;;;;;;#ERRO;#ERRO;#ERRO;#ERRO;;
 ; ; ; ; ; ;#ERRO;#ERRO;;0; ;;;;;;#ERRO;#ERRO;#ERRO;#ERRO;;
 ; ; ; ; ; ;#ERRO;#ERRO;;0; ;;;;;;#ERRO;#ERRO;#ERRO;#ERRO;;
 ; ; ; ; ; ;#ERRO;#ERRO;;0; ;;;;;;#ERRO;#ERRO;#ERRO;#ERRO;;
 ; ; ; ; ; ;#ERRO;#ERRO;;0; ;;;;;;#ERRO;#ERRO;#ERRO;#ERRO;;
 ; ; ; ; ; ;#ERRO;#ERRO;;0; ;;;;;;#ERRO;#ERRO;#ERRO;#ERRO;;
 ; ; ; ; ; ;#ERRO;#ERRO;;0; ;;;;;;#ERRO;#ERRO;#ERRO;#ERRO;;
 ; ; ; ; ; ;#ERRO;#ERRO;;0; ;;;;;;#ERRO;#ERRO;#ERRO;#ERRO;;
 ; ; ; ; ; ;#ERRO;#ERRO;;0; ;;;;;;#ERRO;#ERRO;#ERRO;#ERRO;;
 ; ; ; ; ; ;#ERRO;#ERRO;;0; ;;;;;;#ERRO;#ERRO;#ERRO;#ERRO;;
 ; ; ; ; ; ;#ERRO;#ERRO;;0; ;;;;;;#ERRO;#ERRO;#ERRO;#ERRO;;
 ; ; ; ; ; ;#ERRO;#ERRO;;0; ;;;;;;#ERRO;#ERRO;#ERRO;#ERRO;;
 ; ; ; ; ; ;#ERRO;#ERRO;;0; ;;;;;;#ERRO;#ERRO;#ERRO;#ERRO;;
 ; ; ; ; ; ;#ERRO;#ERRO;;0; ;;;;;;#ERRO;#ERRO;#ERRO;#ERRO;;
 ; ; ; ; ; ;#ERRO;#ERRO;;0; ;;;;;;#ERRO;#ERRO;#ERRO;#ERRO;;
 ; ; ; ; ; ;#ERRO;#ERRO;;0; ;;;;;;#ERRO;#ERRO;#ERRO;#ERRO;;
 ; ; ; ; ; ;#ERRO;#ERRO;;0; ;;;;;;#ERRO;#ERRO;#ERRO;#ERRO;;
 ; ; ; ; ; ;#ERRO;#ERRO;;0; ;;;;;;#ERRO;#ERRO;#ERRO;#ERRO;;
 ; ; ; ; ; ;#ERRO;#ERRO;;0; ;;;;;;#ERRO;#ERRO;#ERRO;#ERRO;;
 ; ; ; ; ; ;#ERRO;#ERRO;;0; ;;;;;;#ERRO;#ERRO;#ERRO;#ERRO;;
 ; ; ; ; ; ;#ERRO;#ERRO;;0; ;;;;;;#ERRO;#ERRO;#ERRO;#ERRO;;
 ; ; ; ; ; ;#ERRO;#ERRO;;0; ;;;;;;#ERRO;#ERRO;#ERRO;#ERRO;;
 ; ; ; ; ; ;#ERRO;#ERRO;;0; ;;;;;;#ERRO;#ERRO;#ERRO;#ERRO;;
 ; ; ; ; ; ;#ERRO;#ERRO;;0; ;;;;;;#ERRO;#ERRO;#ERRO;#ERRO;;
 ; ; ; ; ; ;#ERRO;#ERRO;;0; ;;;;;;#ERRO;#ERRO;#ERRO;#ERRO;;
 ; ; ; ; ; ;#ERRO;#ERRO;;0; ;;;;;;#ERRO;#ERRO;#ERRO;#ERRO;;
 ; ; ; ; ; ;#ERRO;#ERRO;;0; ;;;;;;#ERRO;#ERRO;#ERRO;#ERRO;;
 ; ; ; ; ; ;#ERRO;#ERRO;;0; ;;;;;;#ERRO;#ERRO;#ERRO;#ERRO;;
 ; ; ; ; ; ;#ERRO;#ERRO;;0; ;;;;;;#ERRO;#ERRO;#ERRO;#ERRO;;
 ; ; ; ; ; ;#ERRO;#ERRO;;0; ;;;;;;#ERRO;#ERRO;#ERRO;#ERRO;;
 ; ; ; ; ; ;#ERRO;#ERRO;;0; ;;;;;;#ERRO;#ERRO;#ERRO;#ERRO;;
 ; ; ; ; ; ;#ERRO;#ERRO;;0; ;;;;;;#ERRO;#ERRO;#ERRO;#ERRO;;
 ; ; ; ; ; ;#ERRO;#ERRO;;0; ;;;;;;#ERRO;#ERRO;#ERRO;#ERRO;;
 ; ; ; ; ; ;#ERRO;#ERRO;;0; ;;;;;;#ERRO;#ERRO;#ERRO;#ERRO;;
 ; ; ; ; ; ;#ERRO;#ERRO;;0; ;;;;;;#ERRO;#ERRO;#ERRO;#ERRO;;
 ; ; ; ; ; ;#ERRO;#ERRO;;0; ;;;;;;#ERRO;#ERRO;#ERRO;#ERRO;;
 ; ; ; ; ; ;#ERRO;#ERRO;;0; ;;;;;;#ERRO;#ERRO;#ERRO;#ERRO;;
 ; ; ; ; ; ;#ERRO;#ERRO;;0; ;;;;;;#ERRO;#ERRO;#ERRO;#ERRO;;
 ; ; ; ; ; ;#ERRO;#ERRO;;0; ;;;;;;#ERRO;#ERRO;#ERRO;#ERRO;;
 ; ; ; ; ; ;#ERRO;#ERRO;;0; ;;;;;;#ERRO;#ERRO;#ERRO;#ERRO;;
 ; ; ; ; ; ;#ERRO;#ERRO;;0; ;;;;;;#ERRO;#ERRO;#ERRO;#ERRO;;
 ; ; ; ; ; ;#ERRO;#ERRO;;0; ;;;;;;#ERRO;#ERRO;#ERRO;#ERRO;;
 ; ; ; ; ; ;#ERRO;#ERRO;;0; ;;;;;;#ERRO;#ERRO;#ERRO;#ERRO;;
 ; ; ; ; ; ;#ERRO;#ERRO;;0; ;;;;;;#ERRO;#ERRO;#ERRO;#ERRO;;
 ; ; ; ; ; ;#ERRO;#ERRO;;0; ;;;;;;#ERRO;#ERRO;#ERRO;#ERRO;;
 ; ; ; ; ; ;#ERRO;#ERRO;;0; ;;;;;;#ERRO;#ERRO;#ERRO;#ERRO;;
 ; ; ; ; ; ;#ERRO;#ERRO;;0; ;;;;;;#ERRO;#ERRO;#ERRO;#ERRO;;
 ; ; ; ; ; ;#ERRO;#ERRO;;0; ;;;;;;#ERRO;#ERRO;#ERRO;#ERRO;;
 ; ; ; ; ; ;#ERRO;#ERRO;;0; ;;;;;;#ERRO;#ERRO;#ERRO;#ERRO;;
 ; ; ; ; ; ;#ERRO;#ERRO;;0; ;;;;;;#ERRO;#ERRO;#ERRO;#ERRO;;
 ; ; ; ; ; ;#ERRO;#ERRO;;0; ;;;;;;#ERRO;#ERRO;#ERRO;#ERRO;;
 ; ; ; ; ; ;#ERRO;#ERRO;;0; ;;;;;;#ERRO;#ERRO;#ERRO;#ERRO;;
 ; ; ; ; ; ;#ERRO;#ERRO;;0; ;;;;;;#ERRO;#ERRO;#ERRO;#ERRO;;
 ; ; ; ; ; ;#ERRO;#ERRO;;0; ;;;;;;#ERRO;#ERRO;#ERRO;#ERRO;;
 ; ; ; ; ; ;#ERRO;#ERRO;;0; ;;;;;;#ERRO;#ERRO;#ERRO;#ERRO;;
 ; ; ; ; ; ;#ERRO;#ERRO;;0; ;;;;;;#ERRO;#ERRO;#ERRO;#ERRO;;
 ; ; ; ; ; ;#ERRO;#ERRO;;0; ;;;;;;#ERRO;#ERRO;#ERRO;#ERRO;;
 ; ; ; ; ; ;#ERRO;#ERRO;;0; ;;;;;;#ERRO;#ERRO;#ERRO;#ERRO;;
 ; ; ; ; ; ;#ERRO;#ERRO;;0; ;;;;;;#ERRO;#ERRO;#ERRO;#ERRO;;
 ; ; ; ; ; ;#ERRO;#ERRO;;0; ;;;;;;#ERRO;#ERRO;#ERRO;#ERRO;;
 ; ; ; ; ; ;#ERRO;#ERRO;;0; ;;;;;;#ERRO;#ERRO;#ERRO;#ERRO;;
 ; ; ; ; ; ;#ERRO;#ERRO;;0; ;;;;;;#ERRO;#ERRO;#ERRO;#ERRO;;
 ; ; ; ; ; ;#ERRO;#ERRO;;0; ;;;;;;#ERRO;#ERRO;#ERRO;#ERRO;;
 ; ; ; ; ; ;#ERRO;#ERRO;;0; ;;;;;;#ERRO;#ERRO;#ERRO;#ERRO;;
 ; ; ; ; ; ;#ERRO;#ERRO;;0; ;;;;;;#ERRO;#ERRO;#ERRO;#ERRO;;
 ; ; ; ; ; ;#ERRO;#ERRO;;0; ;;;;;;#ERRO;#ERRO;#ERRO;#ERRO;;
 ; ; ; ; ; ;#ERRO;#ERRO;;0; ;;;;;;#ERRO;#ERRO;#ERRO;#ERRO;;
 ; ; ; ; ; ;#ERRO;#ERRO;;0; ;;;;;;#ERRO;#ERRO;#ERRO;#ERRO;;
 ; ; ; ; ; ;#ERRO;#ERRO;;0; ;;;;;;#ERRO;#ERRO;#ERRO;#ERRO;;
 ; ; ; ; ; ;#ERRO;#ERRO;;0; ;;;;;;#ERRO;#ERRO;#ERRO;#ERRO;;
 ; ; ; ; ; ;#ERRO;#ERRO;;0; ;;;;;;#ERRO;#ERRO;#ERRO;#ERRO;;
 ; ; ; ; ; ;#ERRO;#ERRO;;0; ;;;;;;#ERRO;#ERRO;#ERRO;#ERRO;;
 ; ; ; ; ; ;#ERRO;#ERRO;;0; ;;;;;;#ERRO;#ERRO;#ERRO;#ERRO;;
 ; ; ; ; ; ;#ERRO;#ERRO;;0; ;;;;;;#ERRO;#ERRO;#ERRO;#ERRO;;
 ; ; ; ; ; ;#ERRO;#ERRO;;0; ;;;;;;#ERRO;#ERRO;#ERRO;#ERRO;;